Stimulus,ELP_N_morphs,Crowdsourced_Mean_Morpheme_Count,Crowdsourced_Raw_SD,Crowdsourced_Raw_Median,Crowdsourced_Min,Crowdsourced_Max,Crowdsourced_N,BLUP_Adjusted_Moprheme_Count,BLUP_Adjustment,Transparencey_Measures: ,Signed_Discrepancy_BLUP_minus_ELP,Absolute_Discrepancy,Transparency_Proximity_0_1,Undersegmentation,Oversegmentation,BLUP_Rounded,Item_Rest_Cor,Item_Rest_N
floppy,2.00,1.85,0.38,2.00,1.00,2.00,13.00,1.93,-0.77,,-0.07,0.07,0.94,0.07,0.00,2.00,-0.34,13.00
fuzzy,2.00,1.82,0.40,2.00,1.00,2.00,11.00,1.91,-0.79,,-0.09,0.09,0.92,0.09,0.00,2.00,-0.46,11.00
barest,2.00,2.00,0.00,2.00,2.00,2.00,12.00,2.03,-0.68,,0.03,0.03,0.97,0.00,0.03,2.00,,12.00
biggest,2.00,2.00,0.00,2.00,2.00,2.00,12.00,1.96,-0.74,,-0.04,0.04,0.97,0.04,0.00,2.00,,12.00
bookie,2.00,2.00,0.00,2.00,2.00,2.00,8.00,2.13,-0.57,,0.13,0.13,0.88,0.00,0.13,2.00,,8.00
bottleful,2.00,2.08,0.29,2.00,2.00,3.00,12.00,1.95,-0.75,,-0.05,0.05,0.95,0.05,0.00,2.00,0.51,12.00
bulgy,2.00,1.92,0.29,2.00,1.00,2.00,12.00,2.03,-0.68,,0.03,0.03,0.97,0.00,0.03,2.00,0.67,12.00
changeably,3.00,2.42,0.51,2.00,2.00,3.00,12.00,2.46,-0.24,,-0.54,0.54,0.65,0.54,0.00,2.00,0.09,12.00
choker,2.00,1.90,0.32,2.00,1.00,2.00,10.00,1.91,-0.80,,-0.09,0.09,0.92,0.09,0.00,2.00,0.64,10.00
cleanest,2.00,1.91,0.30,2.00,1.00,2.00,11.00,1.93,-0.78,,-0.07,0.07,0.93,0.07,0.00,2.00,0.75,11.00
clincher,2.00,2.00,0.45,2.00,1.00,3.00,11.00,1.95,-0.76,,-0.05,0.05,0.95,0.05,0.00,2.00,0.01,11.00
closure,2.00,1.83,0.39,2.00,1.00,2.00,12.00,1.77,-0.93,,-0.23,0.23,0.81,0.23,0.00,2.00,0.44,12.00
coolness,2.00,2.09,0.30,2.00,2.00,3.00,11.00,2.08,-0.62,,0.08,0.08,0.93,0.00,0.08,2.00,0.35,11.00
cruelly,2.00,2.00,0.00,2.00,2.00,2.00,11.00,2.07,-0.64,,0.07,0.07,0.94,0.00,0.07,2.00,,11.00
downstream,2.00,1.85,0.38,2.00,1.00,2.00,13.00,1.87,-0.83,,-0.13,0.13,0.89,0.13,0.00,2.00,0.26,13.00
dumpy,2.00,2.08,0.29,2.00,2.00,3.00,12.00,1.97,-0.73,,-0.03,0.03,0.97,0.03,0.00,2.00,0.15,12.00
earthly,2.00,2.00,0.00,2.00,2.00,2.00,12.00,2.03,-0.68,,0.03,0.03,0.97,0.00,0.03,2.00,,12.00
edgiest,3.00,2.31,0.48,2.00,2.00,3.00,13.00,2.27,-0.44,,-0.73,0.73,0.58,0.73,0.00,2.00,0.01,13.00
famous,2.00,1.82,0.40,2.00,1.00,2.00,11.00,1.62,-1.08,,-0.38,0.38,0.73,0.38,0.00,2.00,0.38,11.00
fearless,2.00,2.09,0.30,2.00,2.00,3.00,11.00,2.03,-0.68,,0.03,0.03,0.97,0.00,0.03,2.00,0.17,11.00
flyer,2.00,1.92,0.29,2.00,1.00,2.00,12.00,2.02,-0.69,,0.02,0.02,0.98,0.00,0.02,2.00,0.08,12.00
greatest,2.00,1.92,0.29,2.00,1.00,2.00,12.00,2.03,-0.68,,0.03,0.03,0.97,0.00,0.03,2.00,0.71,12.00
healthier,3.00,2.44,0.53,2.00,2.00,3.00,9.00,2.33,-0.37,,-0.67,0.67,0.60,0.67,0.00,2.00,0.32,9.00
heartily,3.00,2.27,0.47,2.00,2.00,3.00,11.00,2.28,-0.42,,-0.72,0.72,0.58,0.72,0.00,2.00,-0.04,11.00
holder,2.00,1.91,0.30,2.00,1.00,2.00,11.00,1.84,-0.86,,-0.16,0.16,0.86,0.16,0.00,2.00,0.34,11.00
impress,2.00,1.89,0.33,2.00,1.00,2.00,9.00,2.03,-0.67,,0.03,0.03,0.97,0.00,0.03,2.00,0.23,9.00
lameness,2.00,2.17,0.58,2.00,2.00,4.00,12.00,2.06,-0.65,,0.06,0.06,0.95,0.00,0.06,2.00,-0.26,12.00
looter,2.00,2.00,0.00,2.00,2.00,2.00,13.00,1.91,-0.79,,-0.09,0.09,0.92,0.09,0.00,2.00,,13.00
miner,2.00,1.67,0.49,2.00,1.00,2.00,12.00,1.77,-0.94,,-0.23,0.23,0.81,0.23,0.00,2.00,0.38,12.00
outboard,2.00,2.00,0.00,2.00,2.00,2.00,10.00,2.01,-0.69,,0.01,0.01,0.99,0.00,0.01,2.00,,10.00
outdid,2.00,2.00,0.00,2.00,2.00,2.00,13.00,1.86,-0.85,,-0.14,0.14,0.88,0.14,0.00,2.00,,13.00
outflank,2.00,2.00,0.00,2.00,2.00,2.00,10.00,2.09,-0.61,,0.09,0.09,0.91,0.00,0.09,2.00,,10.00
outstay,2.00,1.92,0.29,2.00,1.00,2.00,12.00,1.79,-0.91,,-0.21,0.21,0.83,0.21,0.00,2.00,0.44,12.00
outwork,2.00,2.00,0.00,2.00,2.00,2.00,12.00,1.93,-0.78,,-0.07,0.07,0.93,0.07,0.00,2.00,,12.00
overalls,3.00,2.50,0.52,2.50,2.00,3.00,12.00,2.45,-0.26,,-0.55,0.55,0.64,0.55,0.00,2.00,0.15,12.00
ratty,2.00,2.00,0.00,2.00,2.00,2.00,12.00,1.97,-0.74,,-0.03,0.03,0.97,0.03,0.00,2.00,,12.00
renew,2.00,2.00,0.00,2.00,2.00,2.00,12.00,1.98,-0.72,,-0.02,0.02,0.98,0.02,0.00,2.00,,12.00
sleekest,2.00,2.00,0.00,2.00,2.00,2.00,12.00,1.91,-0.79,,-0.09,0.09,0.92,0.09,0.00,2.00,,12.00
tallest,2.00,2.00,0.00,2.00,2.00,2.00,11.00,2.12,-0.59,,0.12,0.12,0.90,0.00,0.12,2.00,,11.00
uncork,2.00,2.00,0.00,2.00,2.00,2.00,9.00,2.04,-0.66,,0.04,0.04,0.96,0.00,0.04,2.00,,9.00
watcher,2.00,1.82,0.40,2.00,1.00,2.00,11.00,1.95,-0.75,,-0.05,0.05,0.95,0.05,0.00,2.00,0.42,11.00
watchman,2.00,1.92,0.28,2.00,1.00,2.00,13.00,2.00,-0.71,,0.00,0.00,1.00,0.00,0.00,2.00,0.32,13.00
wealthy,2.00,2.00,0.00,2.00,2.00,2.00,13.00,1.90,-0.80,,-0.10,0.10,0.91,0.10,0.00,2.00,,13.00
whiten,2.00,2.00,0.00,2.00,2.00,2.00,12.00,1.95,-0.76,,-0.05,0.05,0.95,0.05,0.00,2.00,,12.00
wholeness,2.00,2.00,0.00,2.00,2.00,2.00,9.00,1.99,-0.72,,-0.01,0.01,0.99,0.01,0.00,2.00,,9.00
worldly,2.00,1.90,0.32,2.00,1.00,2.00,10.00,1.77,-0.94,,-0.23,0.23,0.81,0.23,0.00,2.00,0.54,10.00
actively,3.00,2.75,0.45,3.00,2.00,3.00,12.00,2.68,-0.03,,-0.32,0.32,0.76,0.32,0.00,3.00,0.53,12.00
addictive,2.00,2.50,0.71,3.00,1.00,3.00,10.00,2.43,-0.28,,0.43,0.43,0.70,0.00,0.43,2.00,0.58,10.00
arsonist,2.00,2.36,0.50,2.00,2.00,3.00,11.00,2.39,-0.31,,0.39,0.39,0.72,0.00,0.39,2.00,0.72,11.00
atomize,2.00,2.31,0.48,2.00,2.00,3.00,13.00,2.15,-0.56,,0.15,0.15,0.87,0.00,0.15,2.00,0.66,13.00
biracial,3.00,2.83,0.39,3.00,2.00,3.00,12.00,2.75,0.04,,-0.25,0.25,0.80,0.25,0.00,3.00,0.23,12.00
blander,2.00,2.00,0.41,2.00,1.00,3.00,13.00,2.12,-0.59,,0.12,0.12,0.90,0.00,0.12,2.00,0.75,13.00
brownest,2.00,2.17,0.39,2.00,2.00,3.00,12.00,1.97,-0.73,,-0.03,0.03,0.98,0.03,0.00,2.00,0.72,12.00
bumpers,3.00,2.23,0.73,2.00,1.00,3.00,13.00,2.32,-0.38,,-0.68,0.68,0.60,0.68,0.00,2.00,0.67,13.00
carriers,3.00,2.82,0.60,3.00,2.00,4.00,11.00,2.61,-0.09,,-0.39,0.39,0.72,0.39,0.00,3.00,0.15,11.00
certainty,2.00,2.08,0.67,2.00,1.00,3.00,12.00,2.17,-0.54,,0.17,0.17,0.86,0.00,0.17,2.00,0.83,12.00
corruption,2.00,2.40,0.52,2.00,2.00,3.00,10.00,2.41,-0.29,,0.41,0.41,0.71,0.00,0.41,2.00,0.42,10.00
countermove,2.00,2.33,0.49,2.00,2.00,3.00,12.00,2.36,-0.35,,0.36,0.36,0.74,0.00,0.36,2.00,0.74,12.00
debrief,2.00,2.10,0.32,2.00,2.00,3.00,10.00,1.92,-0.78,,-0.08,0.08,0.93,0.08,0.00,2.00,0.54,10.00
description,3.00,2.64,0.67,3.00,1.00,3.00,11.00,2.55,-0.15,,-0.45,0.45,0.69,0.45,0.00,3.00,0.76,11.00
detained,3.00,2.70,0.48,3.00,2.00,3.00,10.00,2.76,0.05,,-0.24,0.24,0.80,0.24,0.00,3.00,0.19,10.00
dislodging,3.00,2.92,0.29,3.00,2.00,3.00,12.00,2.86,0.15,,-0.14,0.14,0.88,0.14,0.00,3.00,0.58,12.00
divergent,3.00,2.38,0.65,2.00,1.00,3.00,13.00,2.43,-0.27,,-0.57,0.57,0.64,0.57,0.00,2.00,0.49,13.00
dockers,3.00,2.78,0.44,3.00,2.00,3.00,9.00,2.67,-0.04,,-0.33,0.33,0.75,0.33,0.00,3.00,0.51,9.00
dosages,3.00,2.67,0.50,3.00,2.00,3.00,9.00,2.49,-0.21,,-0.51,0.51,0.66,0.51,0.00,2.00,0.64,9.00
dusters,3.00,2.40,0.52,2.00,2.00,3.00,10.00,2.37,-0.34,,-0.63,0.63,0.61,0.63,0.00,2.00,0.54,10.00
eccentric,3.00,2.42,0.79,3.00,1.00,3.00,12.00,2.34,-0.37,,-0.66,0.66,0.60,0.66,0.00,2.00,0.56,12.00
embarked,3.00,2.67,0.49,3.00,2.00,3.00,12.00,2.75,0.05,,-0.25,0.25,0.80,0.25,0.00,3.00,0.36,12.00
expended,3.00,2.58,0.51,3.00,2.00,3.00,12.00,2.56,-0.14,,-0.44,0.44,0.69,0.44,0.00,3.00,0.67,12.00
feebly,2.00,2.11,0.33,2.00,2.00,3.00,9.00,2.09,-0.62,,0.09,0.09,0.92,0.00,0.09,2.00,0.68,9.00
fielders,3.00,2.62,0.65,3.00,1.00,3.00,13.00,2.62,-0.09,,-0.38,0.38,0.72,0.38,0.00,3.00,0.65,13.00
fossilize,2.00,2.40,0.52,2.00,2.00,3.00,10.00,2.14,-0.56,,0.14,0.14,0.88,0.00,0.14,2.00,0.80,10.00
gangsters,3.00,2.82,0.60,3.00,2.00,4.00,11.00,2.75,0.05,,-0.25,0.25,0.80,0.25,0.00,3.00,-0.08,11.00
guiltiness,3.00,2.70,0.48,3.00,2.00,3.00,10.00,2.62,-0.09,,-0.38,0.38,0.72,0.38,0.00,3.00,0.58,10.00
hastily,3.00,2.44,0.53,2.00,2.00,3.00,9.00,2.34,-0.37,,-0.66,0.66,0.60,0.66,0.00,2.00,0.58,9.00
hexagon,2.00,2.09,0.70,2.00,1.00,3.00,11.00,2.12,-0.59,,0.12,0.12,0.90,0.00,0.12,2.00,0.72,11.00
hoarsely,2.00,2.08,0.51,2.00,1.00,3.00,12.00,2.19,-0.52,,0.19,0.19,0.84,0.00,0.19,2.00,0.80,12.00
illnesses,3.00,3.00,0.47,3.00,2.00,4.00,10.00,2.87,0.16,,-0.13,0.13,0.88,0.13,0.00,3.00,0.42,10.00
imagery,2.00,2.36,0.67,2.00,1.00,3.00,11.00,2.23,-0.47,,0.23,0.23,0.81,0.00,0.23,2.00,0.66,11.00
incoming,3.00,2.91,0.30,3.00,2.00,3.00,11.00,2.74,0.03,,-0.26,0.26,0.79,0.26,0.00,3.00,0.29,11.00
infection,3.00,2.70,0.48,3.00,2.00,3.00,10.00,2.61,-0.10,,-0.39,0.39,0.72,0.39,0.00,3.00,0.44,10.00
initially,3.00,2.58,0.67,2.50,2.00,4.00,12.00,2.58,-0.13,,-0.42,0.42,0.70,0.42,0.00,3.00,0.56,12.00
intently,3.00,2.50,0.53,2.50,2.00,3.00,10.00,2.37,-0.34,,-0.63,0.63,0.61,0.63,0.00,2.00,0.80,10.00
itchiness,3.00,2.73,0.47,3.00,2.00,3.00,11.00,2.76,0.05,,-0.24,0.24,0.81,0.24,0.00,3.00,0.48,11.00
lawyers,3.00,2.40,0.52,2.00,2.00,3.00,10.00,2.37,-0.33,,-0.63,0.63,0.61,0.63,0.00,2.00,0.44,10.00
leakiness,3.00,2.67,0.50,3.00,2.00,3.00,9.00,2.53,-0.18,,-0.47,0.47,0.68,0.47,0.00,3.00,0.72,9.00
lightening,3.00,2.36,0.67,2.00,1.00,3.00,11.00,2.48,-0.22,,-0.52,0.52,0.66,0.52,0.00,2.00,0.76,11.00
likenesses,3.00,2.91,0.30,3.00,2.00,3.00,11.00,2.92,0.21,,-0.08,0.08,0.92,0.08,0.00,3.00,-0.03,11.00
livable,2.00,2.33,0.50,2.00,2.00,3.00,9.00,2.16,-0.54,,0.16,0.16,0.86,0.00,0.16,2.00,0.40,9.00
lovelies,3.00,2.64,0.50,3.00,2.00,3.00,11.00,2.56,-0.14,,-0.44,0.44,0.70,0.44,0.00,3.00,0.51,11.00
maltreatment,3.00,3.17,0.39,3.00,3.00,4.00,12.00,3.02,0.32,,0.02,0.02,0.98,0.00,0.02,3.00,0.34,12.00
meatiest,3.00,2.45,0.52,2.00,2.00,3.00,11.00,2.31,-0.39,,-0.69,0.69,0.59,0.69,0.00,2.00,0.55,11.00
minders,3.00,2.80,0.42,3.00,2.00,3.00,10.00,2.63,-0.07,,-0.37,0.37,0.73,0.37,0.00,3.00,-0.13,10.00
muddies,3.00,2.54,0.66,3.00,1.00,3.00,13.00,2.46,-0.24,,-0.54,0.54,0.65,0.54,0.00,2.00,0.68,13.00
nautical,2.00,2.25,0.75,2.00,1.00,3.00,12.00,2.26,-0.44,,0.26,0.26,0.79,0.00,0.26,2.00,0.72,12.00
noiselessness,3.00,3.00,0.45,3.00,2.00,4.00,11.00,2.86,0.15,,-0.14,0.14,0.88,0.14,0.00,3.00,0.46,11.00
objective,3.00,2.55,0.52,3.00,2.00,3.00,11.00,2.52,-0.19,,-0.48,0.48,0.67,0.48,0.00,3.00,0.55,11.00
outflows,3.00,2.92,0.28,3.00,2.00,3.00,13.00,2.75,0.04,,-0.25,0.25,0.80,0.25,0.00,3.00,0.39,13.00
outlasting,3.00,2.89,0.60,3.00,2.00,4.00,9.00,2.91,0.20,,-0.09,0.09,0.91,0.09,0.00,3.00,-0.04,9.00
outlooks,3.00,2.91,0.30,3.00,2.00,3.00,11.00,2.75,0.04,,-0.25,0.25,0.80,0.25,0.00,3.00,0.68,11.00
perilous,2.00,2.08,0.51,2.00,1.00,3.00,12.00,2.04,-0.67,,0.04,0.04,0.96,0.00,0.04,2.00,0.73,12.00
permissive,3.00,2.40,0.52,2.00,2.00,3.00,10.00,2.44,-0.27,,-0.56,0.56,0.64,0.56,0.00,2.00,0.74,10.00
plainer,2.00,2.10,0.32,2.00,2.00,3.00,10.00,2.02,-0.69,,0.02,0.02,0.98,0.00,0.02,2.00,0.79,10.00
poachers,3.00,2.69,0.63,3.00,1.00,3.00,13.00,2.64,-0.06,,-0.36,0.36,0.74,0.36,0.00,3.00,0.65,13.00
preacher,2.00,2.27,0.65,2.00,1.00,3.00,11.00,2.38,-0.33,,0.38,0.38,0.73,0.00,0.38,2.00,0.82,11.00
precedes,3.00,2.50,0.71,3.00,1.00,3.00,10.00,2.53,-0.17,,-0.47,0.47,0.68,0.47,0.00,3.00,0.49,10.00
prescription,3.00,2.92,0.51,3.00,2.00,4.00,12.00,2.76,0.05,,-0.24,0.24,0.80,0.24,0.00,3.00,0.65,12.00
prettier,2.00,2.20,0.42,2.00,2.00,3.00,10.00,2.17,-0.53,,0.17,0.17,0.85,0.00,0.17,2.00,0.64,10.00
pricier,3.00,2.18,0.60,2.00,1.00,3.00,11.00,2.12,-0.59,,-0.88,0.88,0.53,0.88,0.00,2.00,0.54,11.00
propeller,3.00,2.78,0.44,3.00,2.00,3.00,9.00,2.60,-0.11,,-0.40,0.40,0.71,0.40,0.00,3.00,0.61,9.00
reduce,2.00,1.67,0.65,2.00,1.00,3.00,12.00,1.70,-1.01,,-0.30,0.30,0.77,0.30,0.00,2.00,0.54,12.00
reflects,3.00,2.60,0.70,3.00,1.00,3.00,10.00,2.60,-0.11,,-0.40,0.40,0.71,0.40,0.00,3.00,0.80,10.00
refresher,3.00,2.78,0.44,3.00,2.00,3.00,9.00,2.63,-0.08,,-0.37,0.37,0.73,0.37,0.00,3.00,0.45,9.00
refusal,3.00,2.42,0.67,2.50,1.00,3.00,12.00,2.54,-0.17,,-0.46,0.46,0.68,0.46,0.00,3.00,0.69,12.00
regressing,3.00,2.80,0.42,3.00,2.00,3.00,10.00,2.70,-0.01,,-0.30,0.30,0.77,0.30,0.00,3.00,0.43,10.00
rejigged,3.00,3.00,0.00,3.00,3.00,3.00,12.00,2.88,0.17,,-0.12,0.12,0.89,0.12,0.00,3.00,,12.00
reportage,3.00,2.89,0.33,3.00,2.00,3.00,9.00,2.76,0.05,,-0.24,0.24,0.80,0.24,0.00,3.00,0.68,9.00
resurface,2.00,2.50,0.53,2.50,2.00,3.00,10.00,2.30,-0.40,,0.30,0.30,0.77,0.00,0.30,2.00,0.82,10.00
retaliatory,2.00,2.82,1.17,3.00,1.00,5.00,11.00,2.84,0.14,,0.84,0.84,0.54,0.00,0.84,3.00,0.72,11.00
ripened,3.00,2.75,0.45,3.00,2.00,3.00,12.00,2.87,0.17,,-0.13,0.13,0.89,0.13,0.00,3.00,0.30,12.00
roughen,2.00,2.00,0.43,2.00,1.00,3.00,12.00,2.15,-0.55,,0.15,0.15,0.87,0.00,0.15,2.00,0.69,12.00
sappier,3.00,2.36,0.50,2.00,2.00,3.00,11.00,2.46,-0.25,,-0.54,0.54,0.65,0.54,0.00,2.00,0.81,11.00
savers,3.00,2.45,0.52,2.00,2.00,3.00,11.00,2.36,-0.34,,-0.64,0.64,0.61,0.64,0.00,2.00,0.48,11.00
shrewder,2.00,2.17,0.39,2.00,2.00,3.00,12.00,2.30,-0.41,,0.30,0.30,0.77,0.00,0.30,2.00,0.34,12.00
singable,2.00,2.08,0.51,2.00,1.00,3.00,12.00,2.16,-0.55,,0.16,0.16,0.86,0.00,0.16,2.00,0.73,12.00
skimpy,2.00,2.00,0.45,2.00,1.00,3.00,11.00,2.03,-0.68,,0.03,0.03,0.97,0.00,0.03,2.00,0.76,11.00
slackers,3.00,2.58,0.51,3.00,2.00,3.00,12.00,2.46,-0.24,,-0.54,0.54,0.65,0.54,0.00,2.00,0.38,12.00
soulfully,3.00,2.83,0.39,3.00,2.00,3.00,12.00,2.70,0.00,,-0.30,0.30,0.77,0.30,0.00,3.00,0.59,12.00
spotlessness,3.00,2.90,0.32,3.00,2.00,3.00,10.00,2.87,0.17,,-0.13,0.13,0.89,0.13,0.00,3.00,0.17,10.00
spreader,2.00,2.00,0.50,2.00,1.00,3.00,9.00,2.07,-0.63,,0.07,0.07,0.93,0.00,0.07,2.00,0.82,9.00
strangeness,2.00,2.17,0.39,2.00,2.00,3.00,12.00,2.34,-0.37,,0.34,0.34,0.75,0.00,0.34,2.00,0.49,12.00
strengthen,2.00,2.18,0.40,2.00,2.00,3.00,11.00,2.20,-0.51,,0.20,0.20,0.84,0.00,0.20,2.00,0.67,11.00
sturdiest,2.00,2.27,0.47,2.00,2.00,3.00,11.00,2.34,-0.36,,0.34,0.34,0.74,0.00,0.34,2.00,0.44,11.00
submarine,2.00,2.22,0.44,2.00,2.00,3.00,9.00,2.12,-0.58,,0.12,0.12,0.89,0.00,0.12,2.00,0.81,9.00
subsidiary,2.00,2.91,0.70,3.00,2.00,4.00,11.00,2.82,0.11,,0.82,0.82,0.55,0.00,0.82,3.00,0.61,11.00
tactfully,3.00,2.70,0.48,3.00,2.00,3.00,10.00,2.75,0.05,,-0.25,0.25,0.80,0.25,0.00,3.00,0.65,10.00
temptress,2.00,2.09,0.30,2.00,2.00,3.00,11.00,1.93,-0.77,,-0.07,0.07,0.94,0.07,0.00,2.00,0.67,11.00
terrorist,3.00,2.30,0.48,2.00,2.00,3.00,10.00,2.21,-0.49,,-0.79,0.79,0.56,0.79,0.00,2.00,0.88,10.00
terrors,3.00,2.08,0.51,2.00,1.00,3.00,12.00,2.12,-0.59,,-0.88,0.88,0.53,0.88,0.00,2.00,0.60,12.00
timelessness,3.00,3.00,0.00,3.00,3.00,3.00,12.00,3.01,0.30,,0.01,0.01,0.99,0.00,0.01,3.00,,12.00
transpose,2.00,2.10,0.32,2.00,2.00,3.00,10.00,2.16,-0.54,,0.16,0.16,0.86,0.00,0.16,2.00,0.63,10.00
triplet,3.00,2.11,0.33,2.00,2.00,3.00,9.00,2.07,-0.63,,-0.93,0.93,0.52,0.93,0.00,2.00,0.66,9.00
undergrad,2.00,2.36,0.50,2.00,2.00,3.00,11.00,2.31,-0.40,,0.31,0.31,0.76,0.00,0.31,2.00,0.45,11.00
underline,2.00,2.36,0.50,2.00,2.00,3.00,11.00,2.36,-0.34,,0.36,0.36,0.73,0.00,0.36,2.00,0.21,11.00
unfenced,3.00,2.85,0.38,3.00,2.00,3.00,13.00,2.73,0.03,,-0.27,0.27,0.79,0.27,0.00,3.00,0.25,13.00
waders,3.00,2.09,0.70,2.00,1.00,3.00,11.00,2.09,-0.61,,-0.91,0.91,0.52,0.91,0.00,2.00,0.41,11.00
wellbeing,3.00,2.64,0.67,3.00,1.00,3.00,11.00,2.52,-0.18,,-0.48,0.48,0.68,0.48,0.00,3.00,0.62,11.00
windiness,3.00,2.70,0.48,3.00,2.00,3.00,10.00,2.82,0.11,,-0.18,0.18,0.85,0.18,0.00,3.00,0.12,10.00
accountants,3.00,3.38,0.51,3.00,3.00,4.00,13.00,3.31,0.60,,0.31,0.31,0.76,0.00,0.31,3.00,0.57,13.00
alternates,3.00,3.33,0.65,3.00,2.00,4.00,12.00,3.09,0.38,,0.09,0.09,0.92,0.00,0.09,3.00,0.83,12.00
antimatter,2.00,2.82,0.75,3.00,2.00,4.00,11.00,2.64,-0.06,,0.64,0.64,0.61,0.00,0.64,3.00,0.84,11.00
astutely,2.00,2.25,0.75,2.00,1.00,4.00,12.00,2.26,-0.45,,0.26,0.26,0.79,0.00,0.26,2.00,0.93,12.00
botanists,3.00,2.80,0.92,3.00,1.00,4.00,10.00,2.84,0.13,,-0.16,0.16,0.86,0.16,0.00,3.00,0.82,10.00
calculable,2.00,2.55,0.69,2.00,2.00,4.00,11.00,2.59,-0.12,,0.59,0.59,0.63,0.00,0.59,3.00,0.70,11.00
cancellation,2.00,2.55,0.82,2.00,2.00,4.00,11.00,2.59,-0.12,,0.59,0.59,0.63,0.00,0.59,3.00,0.72,11.00
catastrophic,2.00,2.25,0.75,2.00,1.00,4.00,12.00,2.39,-0.32,,0.39,0.39,0.72,0.00,0.39,2.00,0.77,12.00
cleverly,2.00,2.20,0.79,2.00,1.00,4.00,10.00,2.22,-0.49,,0.22,0.22,0.82,0.00,0.22,2.00,0.93,10.00
communists,3.00,3.10,0.74,3.00,2.00,4.00,10.00,3.01,0.31,,0.01,0.01,0.99,0.00,0.01,3.00,0.62,10.00
consolation,2.00,3.00,0.77,3.00,2.00,4.00,11.00,2.82,0.12,,0.82,0.82,0.55,0.00,0.82,3.00,0.82,11.00
contractually,3.00,3.08,0.90,3.00,2.00,4.00,12.00,3.02,0.31,,0.02,0.02,0.98,0.00,0.02,3.00,0.76,12.00
contradicted,3.00,3.50,0.53,3.50,3.00,4.00,10.00,3.17,0.47,,0.17,0.17,0.85,0.00,0.17,3.00,0.53,10.00
corporates,3.00,2.80,0.79,3.00,2.00,4.00,10.00,2.75,0.05,,-0.25,0.25,0.80,0.25,0.00,3.00,0.78,10.00
cosponsored,3.00,3.45,0.52,3.00,3.00,4.00,11.00,3.23,0.53,,0.23,0.23,0.81,0.00,0.23,3.00,0.66,11.00
dimensionally,3.00,3.91,0.83,4.00,3.00,5.00,11.00,3.73,1.03,,0.73,0.73,0.58,0.00,0.73,4.00,0.58,11.00
directors,3.00,3.09,0.94,3.00,1.00,4.00,11.00,2.92,0.21,,-0.08,0.08,0.92,0.08,0.00,3.00,0.92,11.00
discontents,3.00,3.18,0.60,3.00,2.00,4.00,11.00,3.09,0.39,,0.09,0.09,0.91,0.00,0.09,3.00,0.89,11.00
disillusion,3.00,2.82,0.87,3.00,1.00,4.00,11.00,2.74,0.03,,-0.26,0.26,0.79,0.26,0.00,3.00,0.95,11.00
displeasure,3.00,3.00,0.67,3.00,2.00,4.00,10.00,2.82,0.12,,-0.18,0.18,0.85,0.18,0.00,3.00,0.34,10.00
distastefully,4.00,3.92,0.86,4.00,3.00,6.00,13.00,3.93,1.23,,-0.07,0.07,0.94,0.07,0.00,4.00,0.38,13.00
dominants,3.00,2.92,1.08,2.50,2.00,5.00,12.00,2.81,0.11,,-0.19,0.19,0.84,0.19,0.00,3.00,0.86,12.00
dominates,3.00,2.75,0.87,2.50,2.00,4.00,12.00,2.72,0.02,,-0.28,0.28,0.78,0.28,0.00,3.00,0.90,12.00
duplication,4.00,2.91,0.70,3.00,2.00,4.00,11.00,2.82,0.12,,-1.18,1.18,0.46,1.18,0.00,3.00,0.64,11.00
elegantly,3.00,2.67,0.89,2.00,2.00,4.00,12.00,2.67,-0.03,,-0.33,0.33,0.75,0.33,0.00,3.00,0.64,12.00
enchantments,3.00,3.73,0.47,4.00,3.00,4.00,11.00,3.51,0.80,,0.51,0.51,0.66,0.00,0.51,4.00,0.60,11.00
encountered,3.00,3.20,0.42,3.00,3.00,4.00,10.00,3.14,0.43,,0.14,0.14,0.88,0.00,0.14,3.00,0.38,10.00
engravings,4.00,3.09,0.83,3.00,2.00,4.00,11.00,3.01,0.30,,-0.99,0.99,0.50,0.99,0.00,3.00,0.68,11.00
exceptions,4.00,2.78,1.09,3.00,1.00,4.00,9.00,2.89,0.18,,-1.11,1.11,0.47,1.11,0.00,3.00,0.89,9.00
expendable,3.00,3.18,0.75,3.00,2.00,4.00,11.00,2.93,0.22,,-0.07,0.07,0.93,0.07,0.00,3.00,0.75,11.00
exporters,4.00,3.11,0.78,3.00,2.00,4.00,9.00,3.03,0.33,,-0.97,0.97,0.51,0.97,0.00,3.00,0.72,9.00
facilitation,3.00,3.29,0.99,3.00,2.00,5.00,14.00,3.14,0.44,,0.14,0.14,0.88,0.00,0.14,3.00,0.64,14.00
forelocks,3.00,3.00,0.47,3.00,2.00,4.00,10.00,2.90,0.19,,-0.10,0.10,0.91,0.10,0.00,3.00,0.75,10.00
illogically,4.00,3.58,0.51,4.00,3.00,4.00,12.00,3.43,0.72,,-0.57,0.57,0.64,0.57,0.00,3.00,0.09,12.00
immorally,3.00,3.00,0.58,3.00,2.00,4.00,13.00,2.84,0.13,,-0.16,0.16,0.86,0.16,0.00,3.00,0.69,13.00
indiscreetly,3.00,3.44,0.73,4.00,2.00,4.00,9.00,3.14,0.43,,0.14,0.14,0.88,0.00,0.14,3.00,0.81,9.00
inducements,4.00,3.50,1.00,4.00,1.00,4.00,12.00,3.29,0.58,,-0.71,0.71,0.58,0.71,0.00,3.00,0.82,12.00
infringers,3.00,3.62,0.65,4.00,2.00,4.00,13.00,3.49,0.78,,0.49,0.49,0.67,0.00,0.49,3.00,0.53,13.00
installers,3.00,3.27,0.65,3.00,2.00,4.00,11.00,3.11,0.41,,0.11,0.11,0.90,0.00,0.11,3.00,0.59,11.00
involvements,4.00,3.36,0.50,3.00,3.00,4.00,11.00,3.15,0.45,,-0.85,0.85,0.54,0.85,0.00,3.00,0.37,11.00
irritates,3.00,2.60,0.84,2.00,2.00,4.00,10.00,2.56,-0.14,,-0.44,0.44,0.70,0.44,0.00,3.00,0.95,10.00
launderers,3.00,3.20,0.63,3.00,2.00,4.00,10.00,3.16,0.45,,0.16,0.16,0.86,0.00,0.16,3.00,0.89,10.00
ludicrousness,2.00,2.50,0.71,2.00,2.00,4.00,10.00,2.65,-0.06,,0.65,0.65,0.61,0.00,0.65,3.00,0.76,10.00
managers,3.00,2.90,0.74,3.00,2.00,4.00,10.00,2.82,0.11,,-0.18,0.18,0.85,0.18,0.00,3.00,0.77,10.00
migrations,4.00,2.91,0.94,3.00,1.00,4.00,11.00,2.93,0.23,,-1.07,1.07,0.48,1.07,0.00,3.00,0.74,11.00
morbidities,3.00,3.17,0.58,3.00,2.00,4.00,12.00,2.99,0.29,,-0.01,0.01,0.99,0.01,0.00,3.00,0.68,12.00
neutralizes,4.00,2.90,0.74,3.00,2.00,4.00,10.00,2.83,0.12,,-1.17,1.17,0.46,1.17,0.00,3.00,0.88,10.00
obligingly,3.00,3.36,0.92,3.00,2.00,5.00,11.00,3.21,0.51,,0.21,0.21,0.83,0.00,0.21,3.00,0.82,11.00
observatory,2.00,2.80,0.63,3.00,2.00,4.00,10.00,2.86,0.15,,0.86,0.86,0.54,0.00,0.86,3.00,0.81,10.00
overcharged,3.00,3.08,0.67,3.00,2.00,4.00,12.00,3.01,0.30,,0.01,0.01,0.99,0.00,0.01,3.00,0.57,12.00
overcrowded,3.00,3.17,0.39,3.00,3.00,4.00,12.00,3.12,0.42,,0.12,0.12,0.89,0.00,0.12,3.00,0.82,12.00
percentiles,4.00,3.40,0.70,3.50,2.00,4.00,10.00,3.11,0.40,,-0.89,0.89,0.53,0.89,0.00,3.00,0.77,10.00
perimeter,2.00,2.67,0.98,2.50,1.00,4.00,12.00,2.58,-0.12,,0.58,0.58,0.63,0.00,0.58,3.00,0.75,12.00
persistence,3.00,2.42,0.90,2.50,1.00,4.00,12.00,2.45,-0.25,,-0.55,0.55,0.65,0.55,0.00,2.00,0.72,12.00
pitilessly,3.00,3.38,0.52,3.00,3.00,4.00,8.00,3.06,0.36,,0.06,0.06,0.94,0.00,0.06,3.00,0.45,8.00
politician,2.00,2.75,0.87,2.50,2.00,4.00,12.00,2.68,-0.03,,0.68,0.68,0.60,0.00,0.68,3.00,0.82,12.00
progressively,4.00,3.25,0.87,3.00,1.00,4.00,12.00,3.27,0.56,,-0.73,0.73,0.58,0.73,0.00,3.00,0.80,12.00
reactionary,4.00,3.10,0.74,3.00,2.00,4.00,10.00,3.22,0.51,,-0.78,0.78,0.56,0.78,0.00,3.00,0.73,10.00
reappears,3.00,2.91,0.70,3.00,2.00,4.00,11.00,2.91,0.21,,-0.09,0.09,0.92,0.09,0.00,3.00,0.66,11.00
rebuilds,3.00,2.75,0.62,3.00,2.00,4.00,12.00,2.62,-0.08,,-0.38,0.38,0.73,0.38,0.00,3.00,0.53,12.00
reconstructed,4.00,3.36,0.67,3.00,2.00,4.00,11.00,3.22,0.52,,-0.78,0.78,0.56,0.78,0.00,3.00,0.90,11.00
refashioned,3.00,3.23,0.44,3.00,3.00,4.00,13.00,3.10,0.39,,0.10,0.10,0.91,0.00,0.10,3.00,0.83,13.00
reformation,3.00,3.44,0.73,4.00,2.00,4.00,9.00,3.30,0.59,,0.30,0.30,0.77,0.00,0.30,3.00,0.65,9.00
regionalism,3.00,2.82,0.87,3.00,1.00,4.00,11.00,2.85,0.14,,-0.15,0.15,0.87,0.15,0.00,3.00,0.73,11.00
reinforce,3.00,2.67,0.65,3.00,2.00,4.00,12.00,2.61,-0.10,,-0.39,0.39,0.72,0.39,0.00,3.00,0.87,12.00
reinvesting,4.00,3.58,0.51,4.00,3.00,4.00,12.00,3.35,0.65,,-0.65,0.65,0.61,0.65,0.00,3.00,0.69,12.00
relocates,3.00,3.17,0.72,3.00,2.00,4.00,12.00,3.08,0.38,,0.08,0.08,0.92,0.00,0.08,3.00,0.89,12.00
retirements,3.00,3.60,0.52,4.00,3.00,4.00,10.00,3.33,0.63,,0.33,0.33,0.75,0.00,0.33,3.00,0.61,10.00
ruination,2.00,2.70,0.67,3.00,2.00,4.00,10.00,2.67,-0.03,,0.67,0.67,0.60,0.00,0.67,3.00,0.70,10.00
selectors,3.00,3.00,0.74,3.00,2.00,4.00,12.00,2.84,0.13,,-0.16,0.16,0.86,0.16,0.00,3.00,0.77,12.00
semitone,2.00,2.08,0.79,2.00,1.00,4.00,12.00,2.14,-0.56,,0.14,0.14,0.88,0.00,0.14,2.00,0.84,12.00
specifics,3.00,2.42,0.79,2.00,1.00,4.00,12.00,2.47,-0.23,,-0.53,0.53,0.65,0.53,0.00,2.00,0.90,12.00
specifiers,4.00,3.25,0.75,3.00,2.00,4.00,12.00,3.08,0.38,,-0.92,0.92,0.52,0.92,0.00,3.00,0.72,12.00
splendidly,2.00,2.67,0.65,3.00,2.00,4.00,12.00,2.48,-0.22,,0.48,0.48,0.67,0.00,0.48,2.00,0.56,12.00
squeamishly,2.00,2.92,0.51,3.00,2.00,4.00,12.00,2.78,0.08,,0.78,0.78,0.56,0.00,0.78,3.00,0.80,12.00
studiousness,4.00,3.09,0.94,3.00,2.00,5.00,11.00,2.94,0.24,,-1.06,1.06,0.49,1.06,0.00,3.00,0.79,11.00
subprocesses,3.00,3.45,0.52,3.00,3.00,4.00,11.00,3.34,0.63,,0.34,0.34,0.75,0.00,0.34,3.00,0.40,11.00
supremacist,2.00,3.15,0.69,3.00,2.00,4.00,13.00,2.96,0.26,,0.96,0.96,0.51,0.00,0.96,3.00,0.77,13.00
terrorized,4.00,2.73,0.79,3.00,2.00,4.00,11.00,2.86,0.16,,-1.14,1.14,0.47,1.14,0.00,3.00,0.85,11.00
tobacconists,3.00,3.80,0.92,4.00,2.00,5.00,10.00,3.59,0.88,,0.59,0.59,0.63,0.00,0.59,4.00,0.68,10.00
tonsillitis,2.00,2.75,0.75,3.00,2.00,4.00,12.00,2.59,-0.12,,0.59,0.59,0.63,0.00,0.59,3.00,0.57,12.00
transgress,2.00,2.36,0.67,2.00,2.00,4.00,11.00,2.37,-0.33,,0.37,0.37,0.73,0.00,0.37,2.00,0.53,11.00
transphobia,2.00,2.56,0.88,3.00,1.00,4.00,9.00,2.68,-0.02,,0.68,0.68,0.59,0.00,0.68,3.00,0.82,9.00
unbearable,3.00,3.08,0.29,3.00,3.00,4.00,12.00,2.99,0.29,,-0.01,0.01,0.99,0.01,0.00,3.00,0.76,12.00
unbuckled,3.00,3.00,0.45,3.00,2.00,4.00,11.00,2.76,0.06,,-0.24,0.24,0.81,0.24,0.00,3.00,0.70,11.00
underlining,3.00,2.80,0.79,3.00,2.00,4.00,10.00,2.81,0.11,,-0.19,0.19,0.84,0.19,0.00,3.00,0.83,10.00
undershirts,3.00,3.00,0.47,3.00,2.00,4.00,10.00,2.90,0.20,,-0.10,0.10,0.91,0.10,0.00,3.00,0.77,10.00
underweight,3.00,2.40,0.70,2.00,2.00,4.00,10.00,2.36,-0.34,,-0.64,0.64,0.61,0.64,0.00,2.00,0.83,10.00
uninvolved,4.00,3.36,0.50,3.00,3.00,4.00,11.00,3.17,0.46,,-0.83,0.83,0.55,0.83,0.00,3.00,0.75,11.00
unreactive,4.00,3.00,0.43,3.00,2.00,4.00,12.00,2.74,0.03,,-1.26,1.26,0.44,1.26,0.00,3.00,0.62,12.00
vindication,3.00,3.00,1.00,3.00,2.00,4.00,9.00,2.76,0.05,,-0.24,0.24,0.81,0.24,0.00,3.00,0.87,9.00
abbreviating,4.00,3.25,1.29,4.00,1.00,5.00,12.00,3.19,0.49,,-0.81,0.81,0.55,0.81,0.00,3.00,0.74,12.00
architectures,3.00,3.30,0.95,3.00,2.00,5.00,10.00,3.28,0.58,,0.28,0.28,0.78,0.00,0.28,3.00,0.76,10.00
assassinated,3.00,3.67,0.89,4.00,2.00,5.00,12.00,3.47,0.76,,0.47,0.47,0.68,0.00,0.47,3.00,0.80,12.00
declarations,3.00,3.75,1.14,4.00,2.00,5.00,12.00,3.49,0.79,,0.49,0.49,0.67,0.00,0.49,3.00,0.82,12.00
demobilized,4.00,3.64,0.81,3.00,3.00,5.00,11.00,3.44,0.74,,-0.56,0.56,0.64,0.56,0.00,3.00,0.68,11.00
denuclearization,4.00,4.50,0.67,4.00,4.00,6.00,12.00,4.30,1.59,,0.30,0.30,0.77,0.00,0.30,4.00,0.87,12.00
desalinating,4.00,3.50,0.71,3.00,3.00,5.00,10.00,3.40,0.70,,-0.60,0.60,0.63,0.60,0.00,3.00,0.90,10.00
differentials,4.00,3.36,0.81,3.00,2.00,5.00,11.00,3.22,0.51,,-0.78,0.78,0.56,0.78,0.00,3.00,0.86,11.00
disembarkation,4.00,3.42,0.67,3.00,3.00,5.00,12.00,3.41,0.71,,-0.59,0.59,0.63,0.59,0.00,3.00,0.92,12.00
disinfectants,5.00,3.82,1.08,4.00,2.00,5.00,11.00,3.78,1.07,,-1.22,1.22,0.45,1.22,0.00,4.00,0.77,11.00
disobediently,4.00,3.70,0.82,3.50,3.00,5.00,10.00,3.61,0.90,,-0.39,0.39,0.72,0.39,0.00,4.00,0.83,10.00
enthusiastic,3.00,3.00,0.94,3.00,2.00,5.00,10.00,3.01,0.31,,0.01,0.01,0.99,0.00,0.01,3.00,0.85,10.00
eradicating,4.00,3.64,0.92,4.00,2.00,5.00,11.00,3.43,0.72,,-0.57,0.57,0.64,0.57,0.00,3.00,0.86,11.00
familiarity,2.00,3.08,0.90,3.00,2.00,5.00,12.00,2.92,0.21,,0.92,0.92,0.52,0.00,0.92,3.00,0.81,12.00
hospitalized,4.00,3.10,0.88,3.00,2.00,5.00,10.00,3.11,0.41,,-0.89,0.89,0.53,0.89,0.00,3.00,0.88,10.00
immorality,3.00,3.36,0.81,3.00,2.00,5.00,11.00,3.34,0.64,,0.34,0.34,0.74,0.00,0.34,3.00,0.74,11.00
improvisation,2.00,3.45,0.82,3.00,2.00,5.00,11.00,3.37,0.66,,1.37,1.37,0.42,0.00,1.37,3.00,0.80,11.00
influentials,3.00,3.42,1.00,3.50,1.00,5.00,12.00,3.30,0.60,,0.30,0.30,0.77,0.00,0.30,3.00,0.82,12.00
inhibitions,4.00,3.09,0.94,3.00,2.00,5.00,11.00,3.11,0.40,,-0.89,0.89,0.53,0.89,0.00,3.00,0.88,11.00
instigators,3.00,3.36,0.81,3.00,2.00,5.00,11.00,3.18,0.48,,0.18,0.18,0.85,0.00,0.18,3.00,0.91,11.00
interpretative,2.00,3.67,1.07,4.00,2.00,5.00,12.00,3.52,0.81,,1.52,1.52,0.40,0.00,1.52,4.00,0.76,12.00
liberalised,4.00,3.33,0.71,3.00,3.00,5.00,9.00,3.15,0.44,,-0.85,0.85,0.54,0.85,0.00,3.00,0.85,9.00
masturbatory,2.00,2.92,1.00,3.00,2.00,5.00,12.00,2.85,0.15,,0.85,0.85,0.54,0.00,0.85,3.00,0.72,12.00
micrometers,3.00,3.29,0.95,3.00,2.00,5.00,7.00,3.16,0.46,,0.16,0.16,0.86,0.00,0.16,3.00,0.87,7.00
microscopical,4.00,3.50,0.80,3.50,2.00,5.00,12.00,3.38,0.68,,-0.62,0.62,0.62,0.62,0.00,3.00,0.74,12.00
nonalignment,4.00,3.23,0.83,3.00,2.00,5.00,13.00,3.23,0.52,,-0.77,0.77,0.56,0.77,0.00,3.00,0.98,13.00
operationally,5.00,3.89,1.17,4.00,2.00,6.00,9.00,3.59,0.89,,-1.41,1.41,0.42,1.41,0.00,4.00,0.94,9.00
operatives,4.00,3.40,0.84,3.00,2.00,5.00,10.00,3.16,0.46,,-0.84,0.84,0.54,0.84,0.00,3.00,0.87,10.00
orchestrations,4.00,3.75,0.87,3.50,3.00,5.00,12.00,3.55,0.85,,-0.45,0.45,0.69,0.45,0.00,4.00,0.75,12.00
popularizes,4.00,3.30,1.06,3.00,2.00,5.00,10.00,3.20,0.50,,-0.80,0.80,0.56,0.80,0.00,3.00,0.67,10.00
preauthorized,3.00,3.36,0.67,3.00,3.00,5.00,11.00,3.32,0.61,,0.32,0.32,0.76,0.00,0.32,3.00,0.78,11.00
reanimated,4.00,3.45,1.04,3.00,2.00,5.00,11.00,3.36,0.65,,-0.64,0.64,0.61,0.64,0.00,3.00,0.88,11.00
recommissioned,3.00,4.00,0.95,4.00,3.00,5.00,12.00,3.83,1.12,,0.83,0.83,0.55,0.00,0.83,4.00,0.77,12.00
recreational,2.00,3.50,0.80,3.50,2.00,5.00,12.00,3.32,0.61,,1.32,1.32,0.43,0.00,1.32,3.00,0.86,12.00
reindoctrinating,5.00,4.36,1.03,5.00,3.00,6.00,11.00,4.09,1.38,,-0.91,0.91,0.52,0.91,0.00,4.00,0.78,11.00
reversibility,4.00,3.91,0.94,4.00,2.00,5.00,11.00,3.72,1.01,,-0.28,0.28,0.78,0.28,0.00,4.00,0.73,11.00
sedimentation,2.00,3.50,1.09,3.00,2.00,5.00,12.00,3.29,0.59,,1.29,1.29,0.44,0.00,1.29,3.00,0.87,12.00
segmentations,3.00,3.80,0.79,4.00,3.00,5.00,10.00,3.61,0.90,,0.61,0.61,0.62,0.00,0.61,4.00,0.79,10.00
stupidities,3.00,3.15,0.80,3.00,2.00,5.00,13.00,3.07,0.36,,0.07,0.07,0.94,0.00,0.07,3.00,0.76,13.00
substructures,4.00,3.36,1.03,3.00,2.00,5.00,11.00,3.29,0.58,,-0.71,0.71,0.58,0.71,0.00,3.00,0.81,11.00
transferable,3.00,2.82,0.87,3.00,2.00,5.00,11.00,2.86,0.15,,-0.14,0.14,0.88,0.14,0.00,3.00,0.84,11.00
tributaries,3.00,3.08,1.26,3.00,1.00,5.00,13.00,3.01,0.30,,0.01,0.01,0.99,0.00,0.01,3.00,0.71,13.00
undergarments,3.00,3.73,1.35,3.00,1.00,5.00,11.00,3.58,0.87,,0.58,0.58,0.63,0.00,0.58,4.00,0.76,11.00
unfortunates,4.00,3.33,0.87,3.00,2.00,5.00,9.00,3.28,0.57,,-0.72,0.72,0.58,0.72,0.00,3.00,0.75,9.00
unilateral,2.00,2.92,0.95,3.00,2.00,5.00,13.00,2.76,0.06,,0.76,0.76,0.57,0.00,0.76,3.00,0.94,13.00
unreasonably,4.00,3.44,0.73,3.00,3.00,5.00,9.00,3.39,0.69,,-0.61,0.61,0.62,0.61,0.00,3.00,0.70,9.00
accountability,3.00,3.82,1.17,3.00,3.00,6.00,11.00,3.55,0.85,,0.55,0.55,0.64,0.00,0.55,4.00,0.79,11.00
antagonistic,3.00,3.40,1.26,3.50,2.00,6.00,10.00,3.22,0.51,,0.22,0.22,0.82,0.00,0.22,3.00,0.94,10.00
counterinflationary,4.00,4.40,1.17,4.50,3.00,6.00,10.00,4.34,1.63,,0.34,0.34,0.75,0.00,0.34,4.00,0.61,10.00
degenerates,4.00,3.50,0.90,3.00,3.00,6.00,12.00,3.34,0.63,,-0.66,0.66,0.60,0.66,0.00,3.00,0.82,12.00
discontinuities,4.00,4.30,0.95,4.00,3.00,6.00,10.00,4.06,1.36,,0.06,0.06,0.94,0.00,0.06,4.00,0.85,10.00
disproportionately,5.00,4.18,1.17,4.00,3.00,6.00,11.00,4.13,1.42,,-0.87,0.87,0.53,0.87,0.00,4.00,0.61,11.00
inconsiderately,4.00,4.13,1.25,4.00,2.00,6.00,8.00,3.88,1.17,,-0.12,0.12,0.89,0.12,0.00,4.00,0.97,8.00
inseparability,4.00,3.83,1.11,4.00,2.00,6.00,12.00,3.71,1.00,,-0.29,0.29,0.77,0.29,0.00,4.00,0.70,12.00
intergovernmental,4.00,4.08,1.00,4.00,3.00,6.00,12.00,3.94,1.23,,-0.06,0.06,0.94,0.06,0.00,4.00,0.72,12.00
misinterpretation,3.00,3.92,1.00,4.00,3.00,6.00,12.00,3.95,1.24,,0.95,0.95,0.51,0.00,0.95,4.00,0.71,12.00
noncommunicable,2.00,4.08,1.26,4.00,2.00,6.00,13.00,3.96,1.25,,1.96,1.96,0.34,0.00,1.96,4.00,0.80,13.00
originators,4.00,3.92,1.31,4.00,2.00,6.00,12.00,3.68,0.98,,-0.32,0.32,0.76,0.32,0.00,4.00,0.90,12.00
preoccupations,4.00,3.79,0.97,4.00,2.00,6.00,14.00,3.69,0.99,,-0.31,0.31,0.76,0.31,0.00,4.00,0.76,14.00
supercontinents,3.00,3.73,1.10,4.00,2.00,6.00,11.00,3.50,0.80,,0.50,0.50,0.67,0.00,0.50,4.00,0.86,11.00
unapologetically,4.00,4.30,1.42,4.00,3.00,7.00,10.00,4.06,1.35,,0.06,0.06,0.94,0.00,0.06,4.00,0.89,10.00
fatal,2.00,1.70,0.48,2.00,1.00,2.00,10.00,1.54,-1.17,,-0.46,0.46,0.68,0.46,0.00,2.00,0.42,10.00
pussy,2.00,1.33,0.52,1.00,1.00,2.00,6.00,1.67,-1.03,,-0.33,0.33,0.75,0.33,0.00,2.00,-0.06,6.00
abortion,2.00,2.25,0.45,2.00,2.00,3.00,12.00,2.29,-0.42,,0.29,0.29,0.78,0.00,0.29,2.00,0.58,12.00
baptise,2.00,1.83,0.39,2.00,1.00,2.00,12.00,1.90,-0.81,,-0.10,0.10,0.91,0.10,0.00,2.00,0.35,12.00
bummers,3.00,1.89,0.60,2.00,1.00,3.00,9.00,2.08,-0.62,,-0.92,0.92,0.52,0.92,0.00,2.00,0.79,9.00
catcher,2.00,2.09,0.30,2.00,2.00,3.00,11.00,2.13,-0.57,,0.13,0.13,0.88,0.00,0.13,2.00,-0.23,11.00
coarsest,2.00,2.11,0.33,2.00,2.00,3.00,9.00,1.95,-0.75,,-0.05,0.05,0.95,0.05,0.00,2.00,0.41,9.00
colorless,2.00,2.15,0.38,2.00,2.00,3.00,13.00,2.32,-0.38,,0.32,0.32,0.76,0.00,0.32,2.00,0.37,13.00
compound,2.00,2.00,0.00,2.00,2.00,2.00,10.00,2.15,-0.56,,0.15,0.15,0.87,0.00,0.15,2.00,,10.00
cubical,3.00,2.09,0.83,2.00,1.00,3.00,11.00,2.27,-0.44,,-0.73,0.73,0.58,0.73,0.00,2.00,0.52,11.00
deathly,2.00,2.00,0.00,2.00,2.00,2.00,9.00,2.16,-0.55,,0.16,0.16,0.86,0.00,0.16,2.00,,9.00
demote,2.00,1.90,0.57,2.00,1.00,3.00,10.00,2.08,-0.62,,0.08,0.08,0.92,0.00,0.08,2.00,0.42,10.00
disjoint,3.00,1.89,0.33,2.00,1.00,2.00,9.00,2.27,-0.44,,-0.73,0.73,0.58,0.73,0.00,2.00,0.50,9.00
downturn,2.00,2.00,0.00,2.00,2.00,2.00,10.00,2.10,-0.61,,0.10,0.10,0.91,0.00,0.10,2.00,,10.00
evidential,3.00,2.78,0.83,3.00,2.00,4.00,9.00,2.75,0.04,,-0.25,0.25,0.80,0.25,0.00,3.00,-0.04,9.00
failure,2.00,1.89,0.33,2.00,1.00,2.00,9.00,1.87,-0.84,,-0.13,0.13,0.88,0.13,0.00,2.00,0.36,9.00
fatherless,2.00,2.30,0.48,2.00,2.00,3.00,10.00,2.13,-0.58,,0.13,0.13,0.89,0.00,0.13,2.00,-0.26,10.00
fonder,2.00,2.00,0.00,2.00,2.00,2.00,12.00,1.86,-0.85,,-0.14,0.14,0.88,0.14,0.00,2.00,,12.00
fourthly,3.00,2.27,0.65,2.00,1.00,3.00,11.00,2.35,-0.35,,-0.65,0.65,0.61,0.65,0.00,2.00,0.14,11.00
golfer,2.00,2.00,0.00,2.00,2.00,2.00,11.00,1.94,-0.76,,-0.06,0.06,0.95,0.06,0.00,2.00,,11.00
gravelly,2.00,2.20,0.63,2.00,1.00,3.00,10.00,2.39,-0.31,,0.39,0.39,0.72,0.00,0.39,2.00,0.42,10.00
grievous,2.00,1.92,0.28,2.00,1.00,2.00,13.00,1.91,-0.79,,-0.09,0.09,0.92,0.09,0.00,2.00,0.33,13.00
grumbler,2.00,2.08,0.51,2.00,1.00,3.00,12.00,2.21,-0.50,,0.21,0.21,0.83,0.00,0.21,2.00,0.70,12.00
healer,2.00,2.00,0.00,2.00,2.00,2.00,9.00,1.93,-0.78,,-0.07,0.07,0.93,0.07,0.00,2.00,,9.00
hourly,2.00,1.92,0.29,2.00,1.00,2.00,12.00,1.83,-0.87,,-0.17,0.17,0.86,0.17,0.00,2.00,0.58,12.00
hypnotise,3.00,2.23,0.60,2.00,1.00,3.00,13.00,2.31,-0.40,,-0.69,0.69,0.59,0.69,0.00,2.00,0.49,13.00
ignitor,2.00,2.00,0.82,2.00,1.00,3.00,13.00,2.11,-0.60,,0.11,0.11,0.90,0.00,0.11,2.00,0.64,13.00
inshore,2.00,2.00,0.00,2.00,2.00,2.00,11.00,2.07,-0.63,,0.07,0.07,0.93,0.00,0.07,2.00,,11.00
lowly,2.00,1.91,0.30,2.00,1.00,2.00,11.00,2.04,-0.67,,0.04,0.04,0.96,0.00,0.04,2.00,0.68,11.00
mover,2.00,1.93,0.27,2.00,1.00,2.00,14.00,2.00,-0.70,,0.00,0.00,1.00,0.00,0.00,2.00,0.65,14.00
naturalize,3.00,2.45,0.69,2.00,2.00,4.00,11.00,2.47,-0.24,,-0.53,0.53,0.65,0.53,0.00,2.00,0.64,11.00
outlast,2.00,2.00,0.00,2.00,2.00,2.00,10.00,1.91,-0.79,,-0.09,0.09,0.92,0.09,0.00,2.00,,10.00
overfeed,2.00,2.20,0.42,2.00,2.00,3.00,10.00,2.25,-0.46,,0.25,0.25,0.80,0.00,0.25,2.00,0.47,10.00
overfill,2.00,2.00,0.00,2.00,2.00,2.00,11.00,2.03,-0.67,,0.03,0.03,0.97,0.00,0.03,2.00,,11.00
overreach,2.00,1.91,0.30,2.00,1.00,2.00,11.00,1.97,-0.74,,-0.03,0.03,0.97,0.03,0.00,2.00,0.21,11.00
peaceful,2.00,1.91,0.30,2.00,1.00,2.00,11.00,1.98,-0.73,,-0.02,0.02,0.98,0.02,0.00,2.00,0.48,11.00
pimply,2.00,1.92,0.29,2.00,1.00,2.00,12.00,1.95,-0.75,,-0.05,0.05,0.96,0.05,0.00,2.00,0.10,12.00
pollster,2.00,2.20,0.42,2.00,2.00,3.00,10.00,2.22,-0.48,,0.22,0.22,0.82,0.00,0.22,2.00,-0.21,10.00
portable,2.00,2.00,0.00,2.00,2.00,2.00,11.00,2.01,-0.70,,0.01,0.01,0.99,0.00,0.01,2.00,,11.00
prefix,2.00,2.00,0.00,2.00,2.00,2.00,12.00,1.89,-0.82,,-0.11,0.11,0.90,0.11,0.00,2.00,,12.00
promiscuous,2.00,2.09,0.70,2.00,1.00,3.00,11.00,2.27,-0.43,,0.27,0.27,0.79,0.00,0.27,2.00,0.15,11.00
realism,2.00,2.45,0.52,2.00,2.00,3.00,11.00,2.30,-0.41,,0.30,0.30,0.77,0.00,0.30,2.00,0.30,11.00
roamer,2.00,2.00,0.00,2.00,2.00,2.00,11.00,1.89,-0.82,,-0.11,0.11,0.90,0.11,0.00,2.00,,11.00
saintly,2.00,2.00,0.00,2.00,2.00,2.00,13.00,2.06,-0.65,,0.06,0.06,0.95,0.00,0.06,2.00,,13.00
scientific,3.00,2.40,0.84,2.00,1.00,4.00,10.00,2.40,-0.30,,-0.60,0.60,0.63,0.60,0.00,2.00,-0.05,10.00
sculptured,3.00,2.56,0.53,3.00,2.00,3.00,9.00,2.51,-0.19,,-0.49,0.49,0.67,0.49,0.00,3.00,0.50,9.00
sharpest,2.00,2.00,0.00,2.00,2.00,2.00,10.00,1.86,-0.84,,-0.14,0.14,0.88,0.14,0.00,2.00,,10.00
skimmer,2.00,1.91,0.30,2.00,1.00,2.00,11.00,1.98,-0.72,,-0.02,0.02,0.98,0.02,0.00,2.00,0.33,11.00
slithery,2.00,2.36,0.50,2.00,2.00,3.00,11.00,2.29,-0.42,,0.29,0.29,0.78,0.00,0.29,2.00,0.65,11.00
sloppy,2.00,1.83,0.39,2.00,1.00,2.00,12.00,1.94,-0.76,,-0.06,0.06,0.95,0.06,0.00,2.00,0.40,12.00
soberer,2.00,2.20,0.42,2.00,2.00,3.00,10.00,2.13,-0.58,,0.13,0.13,0.89,0.00,0.13,2.00,0.42,10.00
solver,2.00,2.00,0.00,2.00,2.00,2.00,11.00,1.92,-0.78,,-0.08,0.08,0.93,0.08,0.00,2.00,,11.00
speller,2.00,1.89,0.33,2.00,1.00,2.00,9.00,1.93,-0.77,,-0.07,0.07,0.94,0.07,0.00,2.00,0.47,9.00
spunky,2.00,2.09,0.30,2.00,2.00,3.00,11.00,2.03,-0.68,,0.03,0.03,0.97,0.00,0.03,2.00,-0.23,11.00
surely,2.00,2.00,0.00,2.00,2.00,2.00,12.00,2.04,-0.67,,0.04,0.04,0.97,0.00,0.04,2.00,,12.00
surest,2.00,2.08,0.29,2.00,2.00,3.00,12.00,2.12,-0.59,,0.12,0.12,0.90,0.00,0.12,2.00,-0.14,12.00
sweeter,2.00,1.82,0.40,2.00,1.00,2.00,11.00,1.85,-0.86,,-0.15,0.15,0.87,0.15,0.00,2.00,0.69,11.00
tallish,2.00,2.00,0.00,2.00,2.00,2.00,10.00,2.01,-0.69,,0.01,0.01,0.99,0.00,0.01,2.00,,10.00
tracer,2.00,2.08,0.76,2.00,1.00,4.00,13.00,2.27,-0.43,,0.27,0.27,0.79,0.00,0.27,2.00,0.17,13.00
underwear,2.00,2.30,0.48,2.00,2.00,3.00,10.00,2.19,-0.51,,0.19,0.19,0.84,0.00,0.19,2.00,0.53,10.00
uniform,2.00,1.92,0.51,2.00,1.00,3.00,12.00,2.06,-0.65,,0.06,0.06,0.95,0.00,0.06,2.00,-0.05,12.00
upriver,2.00,2.10,0.32,2.00,2.00,3.00,10.00,2.13,-0.58,,0.13,0.13,0.89,0.00,0.13,2.00,0.52,10.00
voltage,2.00,2.00,0.00,2.00,2.00,2.00,11.00,2.14,-0.57,,0.14,0.14,0.88,0.00,0.14,2.00,,11.00
whiner,2.00,2.00,0.00,2.00,2.00,2.00,10.00,2.08,-0.63,,0.08,0.08,0.93,0.00,0.08,2.00,,10.00
widened,3.00,2.50,0.53,2.50,2.00,3.00,10.00,2.55,-0.15,,-0.45,0.45,0.69,0.45,0.00,3.00,0.39,10.00
wrongly,2.00,2.00,0.00,2.00,2.00,2.00,11.00,2.03,-0.67,,0.03,0.03,0.97,0.00,0.03,2.00,,11.00
additional,3.00,2.85,1.07,3.00,1.00,4.00,13.00,2.93,0.23,,-0.07,0.07,0.94,0.07,0.00,3.00,0.71,13.00
adventurous,4.00,2.80,0.79,3.00,2.00,4.00,10.00,2.86,0.15,,-1.14,1.14,0.47,1.14,0.00,3.00,0.66,10.00
adversely,2.00,2.90,0.32,3.00,2.00,3.00,10.00,2.84,0.13,,0.84,0.84,0.54,0.00,0.84,3.00,0.44,10.00
afterthoughts,3.00,2.75,0.75,3.00,1.00,4.00,12.00,2.77,0.06,,-0.23,0.23,0.81,0.23,0.00,3.00,0.83,12.00
agonise,2.00,2.25,0.62,2.00,1.00,3.00,12.00,2.10,-0.61,,0.10,0.10,0.91,0.00,0.10,2.00,0.48,12.00
appreciably,4.00,3.00,1.00,3.00,1.00,4.00,11.00,2.91,0.20,,-1.09,1.09,0.48,1.09,0.00,3.00,0.75,11.00
appreciations,5.00,2.91,0.70,3.00,2.00,4.00,11.00,2.99,0.28,,-2.01,2.01,0.33,2.01,0.00,3.00,0.82,11.00
arbitrarily,3.00,2.73,0.79,3.00,1.00,4.00,11.00,2.68,-0.03,,-0.32,0.32,0.76,0.32,0.00,3.00,0.74,11.00
arrangements,3.00,3.00,0.67,3.00,2.00,4.00,10.00,2.93,0.22,,-0.07,0.07,0.93,0.07,0.00,3.00,0.56,10.00
ascertain,2.00,2.08,0.64,2.00,1.00,3.00,13.00,2.15,-0.56,,0.15,0.15,0.87,0.00,0.15,2.00,0.48,13.00
bafflingly,3.00,2.44,0.53,2.00,2.00,3.00,9.00,2.58,-0.13,,-0.42,0.42,0.70,0.42,0.00,3.00,0.04,9.00
bangers,3.00,2.36,0.67,2.00,1.00,3.00,11.00,2.32,-0.39,,-0.68,0.68,0.59,0.68,0.00,2.00,0.69,11.00
baptisms,3.00,2.45,0.82,2.00,1.00,4.00,11.00,2.27,-0.43,,-0.73,0.73,0.58,0.73,0.00,2.00,0.74,11.00
basements,3.00,2.73,0.47,3.00,2.00,3.00,11.00,2.61,-0.09,,-0.39,0.39,0.72,0.39,0.00,3.00,0.19,11.00
beneficial,2.00,2.64,0.50,3.00,2.00,3.00,11.00,2.62,-0.08,,0.62,0.62,0.62,0.00,0.62,3.00,0.53,11.00
bewitches,3.00,3.00,0.43,3.00,2.00,4.00,12.00,2.91,0.20,,-0.09,0.09,0.91,0.09,0.00,3.00,0.64,12.00
boozers,3.00,2.55,0.52,3.00,2.00,3.00,11.00,2.55,-0.15,,-0.45,0.45,0.69,0.45,0.00,3.00,0.43,11.00
brokerage,3.00,2.60,0.52,3.00,2.00,3.00,10.00,2.66,-0.04,,-0.34,0.34,0.75,0.34,0.00,3.00,0.46,10.00
ceremoniously,4.00,3.75,0.97,3.00,3.00,5.00,12.00,3.54,0.83,,-0.46,0.46,0.68,0.46,0.00,4.00,0.72,12.00
charitably,3.00,2.67,0.65,3.00,1.00,3.00,12.00,2.72,0.01,,-0.28,0.28,0.78,0.28,0.00,3.00,0.83,12.00
choosiest,3.00,2.50,0.67,3.00,1.00,3.00,12.00,2.55,-0.16,,-0.45,0.45,0.69,0.45,0.00,3.00,0.68,12.00
chronically,3.00,3.17,0.83,3.00,2.00,5.00,12.00,3.00,0.30,,0.00,0.00,1.00,0.00,0.00,3.00,0.74,12.00
classicist,3.00,2.46,0.52,2.00,2.00,3.00,13.00,2.39,-0.32,,-0.61,0.61,0.62,0.61,0.00,2.00,0.21,13.00
codependence,3.00,3.09,0.70,3.00,2.00,4.00,11.00,3.03,0.32,,0.03,0.03,0.97,0.00,0.03,3.00,0.70,11.00
cofactors,4.00,3.30,0.67,3.00,2.00,4.00,10.00,3.32,0.62,,-0.68,0.68,0.60,0.68,0.00,3.00,0.34,10.00
combustion,2.00,2.67,0.65,3.00,1.00,3.00,12.00,2.45,-0.25,,0.45,0.45,0.69,0.00,0.45,2.00,0.65,12.00
conclusion,3.00,2.55,0.52,3.00,2.00,3.00,11.00,2.56,-0.14,,-0.44,0.44,0.70,0.44,0.00,3.00,0.55,11.00
conference,3.00,2.58,0.51,3.00,2.00,3.00,12.00,2.50,-0.21,,-0.50,0.50,0.66,0.50,0.00,2.00,0.50,12.00
confirming,3.00,2.60,0.52,3.00,2.00,3.00,10.00,2.61,-0.10,,-0.39,0.39,0.72,0.39,0.00,3.00,0.76,10.00
constitutionalist,5.00,3.54,1.27,3.00,2.00,6.00,13.00,3.57,0.87,,-1.43,1.43,0.41,1.43,0.00,4.00,0.70,13.00
crispiest,3.00,2.42,0.51,2.00,2.00,3.00,12.00,2.35,-0.36,,-0.65,0.65,0.61,0.65,0.00,2.00,0.34,12.00
curvaceous,2.00,2.75,0.62,3.00,2.00,4.00,12.00,2.64,-0.06,,0.64,0.64,0.61,0.00,0.64,3.00,0.40,12.00
debased,3.00,2.83,0.39,3.00,2.00,3.00,12.00,2.91,0.20,,-0.09,0.09,0.92,0.09,0.00,3.00,0.52,12.00
depreciates,4.00,3.00,0.63,3.00,2.00,4.00,11.00,2.98,0.27,,-1.02,1.02,0.49,1.02,0.00,3.00,0.70,11.00
described,3.00,3.00,0.45,3.00,2.00,4.00,11.00,2.98,0.28,,-0.02,0.02,0.98,0.02,0.00,3.00,-0.09,11.00
detection,2.00,2.54,0.52,3.00,2.00,3.00,13.00,2.60,-0.11,,0.60,0.60,0.63,0.00,0.60,3.00,0.43,13.00
dignifying,3.00,2.73,0.65,3.00,2.00,4.00,11.00,2.61,-0.09,,-0.39,0.39,0.72,0.39,0.00,3.00,0.17,11.00
directive,2.00,2.18,0.60,2.00,1.00,3.00,11.00,2.25,-0.46,,0.25,0.25,0.80,0.00,0.25,2.00,0.81,11.00
disassembling,3.00,3.73,0.90,3.00,3.00,5.00,11.00,3.46,0.75,,0.46,0.46,0.69,0.00,0.46,3.00,0.80,11.00
disconcerted,3.00,3.27,0.65,3.00,2.00,4.00,11.00,3.14,0.44,,0.14,0.14,0.88,0.00,0.14,3.00,0.61,11.00
disturber,3.00,2.80,0.42,3.00,2.00,3.00,10.00,2.81,0.11,,-0.19,0.19,0.84,0.19,0.00,3.00,0.66,10.00
dressers,3.00,2.36,0.67,2.00,1.00,3.00,11.00,2.53,-0.18,,-0.47,0.47,0.68,0.47,0.00,3.00,0.58,11.00
dutifully,3.00,2.83,0.58,3.00,2.00,4.00,12.00,2.91,0.21,,-0.09,0.09,0.92,0.09,0.00,3.00,0.66,12.00
easiness,3.00,2.29,0.61,2.00,1.00,3.00,14.00,2.30,-0.41,,-0.70,0.70,0.59,0.70,0.00,2.00,0.63,14.00
eeriest,2.00,2.33,0.49,2.00,2.00,3.00,12.00,2.39,-0.32,,0.39,0.39,0.72,0.00,0.39,2.00,0.45,12.00
enslaves,3.00,2.90,0.32,3.00,2.00,3.00,10.00,2.84,0.14,,-0.16,0.16,0.86,0.16,0.00,3.00,0.19,10.00
episodic,2.00,2.85,0.55,3.00,2.00,4.00,13.00,2.69,-0.01,,0.69,0.69,0.59,0.00,0.69,3.00,0.73,13.00
evacuation,4.00,2.40,0.84,2.00,1.00,4.00,10.00,2.49,-0.21,,-1.51,1.51,0.40,1.51,0.00,2.00,0.88,10.00
excavation,2.00,3.09,0.83,3.00,2.00,4.00,11.00,2.89,0.19,,0.89,0.89,0.53,0.00,0.89,3.00,0.71,11.00
explanations,3.00,3.40,0.97,3.50,2.00,5.00,10.00,3.26,0.55,,0.26,0.26,0.79,0.00,0.26,3.00,0.64,10.00
explicably,4.00,2.83,0.72,3.00,2.00,4.00,12.00,2.95,0.24,,-1.05,1.05,0.49,1.05,0.00,3.00,0.63,12.00
familiarized,3.00,3.20,0.92,3.00,2.00,5.00,10.00,3.12,0.42,,0.12,0.12,0.89,0.00,0.12,3.00,0.64,10.00
fishery,2.00,2.78,0.44,3.00,2.00,3.00,9.00,2.63,-0.07,,0.63,0.63,0.61,0.00,0.63,3.00,0.43,9.00
fishier,3.00,2.36,0.50,2.00,2.00,3.00,11.00,2.34,-0.36,,-0.66,0.66,0.60,0.66,0.00,2.00,0.47,11.00
formalism,2.00,2.56,0.53,3.00,2.00,3.00,9.00,2.60,-0.10,,0.60,0.60,0.62,0.00,0.60,3.00,0.60,9.00
fractionally,4.00,2.91,0.83,3.00,2.00,4.00,11.00,2.98,0.28,,-1.02,1.02,0.50,1.02,0.00,3.00,0.33,11.00
furtherance,3.00,2.11,0.60,2.00,1.00,3.00,9.00,2.10,-0.61,,-0.90,0.90,0.53,0.90,0.00,2.00,0.48,9.00
gratuities,3.00,2.92,0.79,3.00,2.00,4.00,12.00,2.80,0.10,,-0.20,0.20,0.84,0.20,0.00,3.00,0.63,12.00
grimier,3.00,2.22,0.67,2.00,1.00,3.00,9.00,2.17,-0.54,,-0.83,0.83,0.55,0.83,0.00,2.00,0.73,9.00
hardens,3.00,2.64,0.50,3.00,2.00,3.00,11.00,2.51,-0.19,,-0.49,0.49,0.67,0.49,0.00,3.00,-0.02,11.00
heavily,2.00,2.27,0.79,2.00,1.00,3.00,11.00,2.13,-0.57,,0.13,0.13,0.88,0.00,0.13,2.00,0.85,11.00
hypnotically,3.00,3.17,0.94,3.00,2.00,5.00,12.00,3.06,0.35,,0.06,0.06,0.95,0.00,0.06,3.00,0.72,12.00
indirect,2.00,2.27,0.47,2.00,2.00,3.00,11.00,2.36,-0.34,,0.36,0.36,0.73,0.00,0.36,2.00,0.27,11.00
inexact,2.00,2.18,0.40,2.00,2.00,3.00,11.00,2.27,-0.44,,0.27,0.27,0.79,0.00,0.27,2.00,0.51,11.00
inhales,3.00,2.18,0.75,2.00,1.00,3.00,11.00,2.51,-0.20,,-0.49,0.49,0.67,0.49,0.00,3.00,0.77,11.00
inquisitive,3.00,3.33,0.65,3.00,2.00,4.00,12.00,3.09,0.39,,0.09,0.09,0.92,0.00,0.09,3.00,0.83,12.00
instrumental,2.00,2.67,0.78,2.50,2.00,4.00,12.00,2.70,-0.01,,0.70,0.70,0.59,0.00,0.70,3.00,0.65,12.00
irregularly,4.00,3.20,0.63,3.00,3.00,5.00,10.00,3.07,0.36,,-0.93,0.93,0.52,0.93,0.00,3.00,0.70,10.00
jolliest,3.00,2.10,0.57,2.00,1.00,3.00,10.00,2.20,-0.51,,-0.80,0.80,0.55,0.80,0.00,2.00,0.58,10.00
joyousness,3.00,2.90,0.32,3.00,2.00,3.00,10.00,2.73,0.02,,-0.27,0.27,0.78,0.27,0.00,3.00,0.48,10.00
lamentation,2.00,2.70,0.82,2.50,2.00,4.00,10.00,2.63,-0.07,,0.63,0.63,0.61,0.00,0.63,3.00,0.65,10.00
lessened,3.00,2.58,0.67,3.00,1.00,3.00,12.00,2.43,-0.27,,-0.57,0.57,0.64,0.57,0.00,2.00,0.40,12.00
luckily,3.00,2.31,0.48,2.00,2.00,3.00,13.00,2.24,-0.47,,-0.76,0.76,0.57,0.76,0.00,2.00,0.58,13.00
mathematician,3.00,3.14,1.03,3.00,2.00,5.00,14.00,2.97,0.27,,-0.03,0.03,0.97,0.03,0.00,3.00,0.61,14.00
meaningful,3.00,2.83,0.58,3.00,2.00,4.00,12.00,2.82,0.11,,-0.18,0.18,0.85,0.18,0.00,3.00,0.31,12.00
meatier,3.00,2.11,0.78,2.00,1.00,3.00,9.00,2.20,-0.51,,-0.80,0.80,0.55,0.80,0.00,2.00,0.57,9.00
memories,3.00,2.30,0.48,2.00,2.00,3.00,10.00,2.24,-0.46,,-0.76,0.76,0.57,0.76,0.00,2.00,0.92,10.00
messiest,3.00,2.55,0.52,3.00,2.00,3.00,11.00,2.46,-0.24,,-0.54,0.54,0.65,0.54,0.00,2.00,0.18,11.00
migrates,3.00,2.50,0.67,2.00,2.00,4.00,12.00,2.49,-0.21,,-0.51,0.51,0.66,0.51,0.00,2.00,0.74,12.00
minorities,3.00,2.64,0.50,3.00,2.00,3.00,11.00,2.63,-0.08,,-0.37,0.37,0.73,0.37,0.00,3.00,0.39,11.00
misapplies,3.00,2.91,0.54,3.00,2.00,4.00,11.00,2.86,0.16,,-0.14,0.14,0.88,0.14,0.00,3.00,0.75,11.00
mockery,2.00,2.25,0.45,2.00,2.00,3.00,12.00,2.34,-0.36,,0.34,0.34,0.75,0.00,0.34,2.00,0.69,12.00
multimillionaire,3.00,3.18,0.60,3.00,2.00,4.00,11.00,3.12,0.41,,0.12,0.12,0.90,0.00,0.12,3.00,0.37,11.00
multiplying,3.00,2.92,0.79,3.00,2.00,4.00,12.00,2.85,0.14,,-0.15,0.15,0.87,0.15,0.00,3.00,0.84,12.00
mystical,3.00,2.00,0.45,2.00,1.00,3.00,11.00,2.16,-0.55,,-0.84,0.84,0.54,0.84,0.00,2.00,0.53,11.00
narcotic,2.00,2.33,0.65,2.00,1.00,3.00,12.00,2.22,-0.48,,0.22,0.22,0.82,0.00,0.22,2.00,0.77,12.00
nastily,2.00,2.36,0.50,2.00,2.00,3.00,11.00,2.35,-0.36,,0.35,0.35,0.74,0.00,0.35,2.00,0.76,11.00
nonmetallic,3.00,2.90,0.32,3.00,2.00,3.00,10.00,2.93,0.22,,-0.07,0.07,0.93,0.07,0.00,3.00,0.73,10.00
organised,3.00,2.70,0.67,3.00,2.00,4.00,10.00,2.71,0.00,,-0.29,0.29,0.77,0.29,0.00,3.00,0.24,10.00
organizers,4.00,2.67,0.98,3.00,1.00,4.00,12.00,2.85,0.15,,-1.15,1.15,0.47,1.15,0.00,3.00,0.85,12.00
outnumbered,3.00,3.20,0.42,3.00,3.00,4.00,10.00,3.09,0.39,,0.09,0.09,0.92,0.00,0.09,3.00,0.17,10.00
outpourings,4.00,3.33,0.49,3.00,3.00,4.00,12.00,3.21,0.50,,-0.79,0.79,0.56,0.79,0.00,3.00,0.18,12.00
outputs,3.00,2.78,0.44,3.00,2.00,3.00,9.00,2.61,-0.09,,-0.39,0.39,0.72,0.39,0.00,3.00,0.51,9.00
outrunning,3.00,2.70,0.48,3.00,2.00,3.00,10.00,2.86,0.16,,-0.14,0.14,0.88,0.14,0.00,3.00,0.66,10.00
outstaying,3.00,2.64,0.67,3.00,1.00,3.00,11.00,2.81,0.10,,-0.19,0.19,0.84,0.19,0.00,3.00,0.75,11.00
overcooked,3.00,2.82,0.40,3.00,2.00,3.00,11.00,2.80,0.09,,-0.20,0.20,0.83,0.20,0.00,3.00,0.39,11.00
overrides,3.00,2.73,0.47,3.00,2.00,3.00,11.00,2.64,-0.07,,-0.36,0.36,0.73,0.36,0.00,3.00,-0.06,11.00
overrunning,3.00,3.09,0.70,3.00,2.00,5.00,11.00,3.02,0.31,,0.02,0.02,0.98,0.00,0.02,3.00,0.41,11.00
personable,2.00,2.25,0.45,2.00,2.00,3.00,12.00,2.46,-0.25,,0.46,0.46,0.69,0.00,0.46,2.00,0.46,12.00
pickiest,3.00,2.73,0.47,3.00,2.00,3.00,11.00,2.62,-0.09,,-0.38,0.38,0.72,0.38,0.00,3.00,0.52,11.00
pocketfuls,3.00,2.90,0.32,3.00,2.00,3.00,10.00,2.88,0.18,,-0.12,0.12,0.90,0.12,0.00,3.00,0.48,10.00
polymaths,3.00,2.91,0.54,3.00,2.00,4.00,11.00,2.90,0.20,,-0.10,0.10,0.91,0.10,0.00,3.00,0.46,11.00
preferential,3.00,3.70,0.48,4.00,3.00,4.00,10.00,3.39,0.69,,0.39,0.39,0.72,0.00,0.39,3.00,0.61,10.00
prejudiced,3.00,3.10,0.74,3.00,2.00,4.00,10.00,2.99,0.28,,-0.01,0.01,0.99,0.01,0.00,3.00,0.69,10.00
premarital,2.00,2.73,0.65,3.00,2.00,4.00,11.00,2.70,-0.01,,0.70,0.70,0.59,0.00,0.70,3.00,0.75,11.00
presumed,3.00,2.67,0.50,3.00,2.00,3.00,9.00,2.61,-0.10,,-0.39,0.39,0.72,0.39,0.00,3.00,0.37,9.00
prohibitive,3.00,3.00,0.85,3.00,2.00,5.00,12.00,2.88,0.18,,-0.12,0.12,0.89,0.12,0.00,3.00,0.51,12.00
punters,3.00,2.56,0.53,3.00,2.00,3.00,9.00,2.54,-0.17,,-0.46,0.46,0.68,0.46,0.00,3.00,0.33,9.00
reasonableness,3.00,2.91,0.30,3.00,2.00,3.00,11.00,2.86,0.15,,-0.14,0.14,0.87,0.14,0.00,3.00,0.51,11.00
recounts,3.00,2.91,0.30,3.00,2.00,3.00,11.00,2.72,0.01,,-0.28,0.28,0.78,0.28,0.00,3.00,0.47,11.00
rectified,3.00,2.70,0.48,3.00,2.00,3.00,10.00,2.62,-0.09,,-0.38,0.38,0.72,0.38,0.00,3.00,0.78,10.00
redemption,2.00,2.92,0.29,3.00,2.00,3.00,12.00,2.97,0.26,,0.97,0.97,0.51,0.00,0.97,3.00,0.28,12.00
regressed,3.00,2.64,0.50,3.00,2.00,3.00,11.00,2.70,0.00,,-0.30,0.30,0.77,0.30,0.00,3.00,0.67,11.00
reinstall,3.00,2.56,0.53,3.00,2.00,3.00,9.00,2.46,-0.24,,-0.54,0.54,0.65,0.54,0.00,2.00,0.30,9.00
reissue,2.00,2.45,0.52,2.00,2.00,3.00,11.00,2.47,-0.24,,0.47,0.47,0.68,0.00,0.47,2.00,0.65,11.00
rekindled,3.00,2.91,0.54,3.00,2.00,4.00,11.00,2.95,0.25,,-0.05,0.05,0.95,0.05,0.00,3.00,0.81,11.00
renaming,3.00,2.75,0.45,3.00,2.00,3.00,12.00,2.65,-0.06,,-0.35,0.35,0.74,0.35,0.00,3.00,0.62,12.00
renews,3.00,2.55,0.52,3.00,2.00,3.00,11.00,2.51,-0.20,,-0.49,0.49,0.67,0.49,0.00,3.00,0.36,11.00
repaying,3.00,2.91,0.30,3.00,2.00,3.00,11.00,2.96,0.26,,-0.04,0.04,0.96,0.04,0.00,3.00,0.21,11.00
requirement,3.00,2.55,0.52,3.00,2.00,3.00,11.00,2.71,0.01,,-0.29,0.29,0.78,0.29,0.00,3.00,0.39,11.00
reshuffling,3.00,3.08,0.29,3.00,3.00,4.00,12.00,2.95,0.25,,-0.05,0.05,0.96,0.05,0.00,3.00,0.46,12.00
resilience,2.00,2.58,0.67,2.50,2.00,4.00,12.00,2.58,-0.13,,0.58,0.58,0.63,0.00,0.58,3.00,0.62,12.00
resistible,3.00,2.64,0.67,3.00,2.00,4.00,11.00,2.63,-0.07,,-0.37,0.37,0.73,0.37,0.00,3.00,0.84,11.00
resistive,3.00,2.45,0.52,2.00,2.00,3.00,11.00,2.49,-0.22,,-0.51,0.51,0.66,0.51,0.00,2.00,0.84,11.00
restricted,3.00,2.91,0.30,3.00,2.00,3.00,11.00,2.98,0.28,,-0.02,0.02,0.98,0.02,0.00,3.00,0.82,11.00
rethinking,3.00,3.00,0.00,3.00,3.00,3.00,10.00,2.98,0.27,,-0.02,0.02,0.98,0.02,0.00,3.00,,10.00
retouching,3.00,3.11,0.33,3.00,3.00,4.00,9.00,3.01,0.30,,0.01,0.01,0.99,0.00,0.01,3.00,0.63,9.00
rewrites,3.00,2.64,0.67,3.00,1.00,3.00,11.00,2.56,-0.15,,-0.44,0.44,0.69,0.44,0.00,3.00,0.51,11.00
sacramental,3.00,2.55,0.93,2.00,1.00,4.00,11.00,2.62,-0.08,,-0.38,0.38,0.73,0.38,0.00,3.00,0.60,11.00
sanctifying,3.00,2.73,1.01,2.00,2.00,5.00,11.00,2.68,-0.03,,-0.32,0.32,0.76,0.32,0.00,3.00,0.75,11.00
seasonably,3.00,2.83,0.83,3.00,1.00,4.00,12.00,2.74,0.03,,-0.26,0.26,0.79,0.26,0.00,3.00,0.62,12.00
senators,3.00,2.27,0.90,2.00,1.00,4.00,11.00,2.40,-0.30,,-0.60,0.60,0.63,0.60,0.00,2.00,0.83,11.00
servers,3.00,2.25,0.62,2.00,1.00,3.00,12.00,2.22,-0.48,,-0.78,0.78,0.56,0.78,0.00,2.00,0.47,12.00
severities,3.00,2.92,0.51,3.00,2.00,4.00,12.00,2.83,0.12,,-0.17,0.17,0.85,0.17,0.00,3.00,0.15,12.00
shininess,3.00,2.64,0.67,3.00,1.00,3.00,11.00,2.53,-0.18,,-0.47,0.47,0.68,0.47,0.00,3.00,0.42,11.00
skittishness,3.00,2.54,0.52,3.00,2.00,3.00,13.00,2.49,-0.21,,-0.51,0.51,0.66,0.51,0.00,2.00,0.46,13.00
slackens,3.00,2.40,0.70,2.50,1.00,3.00,10.00,2.45,-0.26,,-0.55,0.55,0.64,0.55,0.00,2.00,0.69,10.00
solvers,3.00,2.50,0.52,2.50,2.00,3.00,12.00,2.45,-0.25,,-0.55,0.55,0.65,0.55,0.00,2.00,0.59,12.00
soulfulness,3.00,2.91,0.30,3.00,2.00,3.00,11.00,2.71,0.01,,-0.29,0.29,0.78,0.29,0.00,3.00,-0.12,11.00
specialties,3.00,2.62,0.77,3.00,1.00,4.00,13.00,2.69,-0.01,,-0.31,0.31,0.77,0.31,0.00,3.00,0.61,13.00
sporadically,2.00,3.17,1.03,3.00,1.00,5.00,12.00,3.10,0.39,,1.10,1.10,0.48,0.00,1.10,3.00,0.69,12.00
sportiness,3.00,2.67,0.49,3.00,2.00,3.00,12.00,2.82,0.12,,-0.18,0.18,0.85,0.18,0.00,3.00,0.61,12.00
starchier,3.00,2.50,0.52,2.50,2.00,3.00,12.00,2.46,-0.24,,-0.54,0.54,0.65,0.54,0.00,2.00,0.44,12.00
steamier,3.00,2.42,0.67,2.50,1.00,3.00,12.00,2.45,-0.25,,-0.55,0.55,0.65,0.55,0.00,2.00,0.65,12.00
stigmatized,3.00,2.62,0.77,3.00,1.00,4.00,13.00,2.87,0.16,,-0.13,0.13,0.88,0.13,0.00,3.00,0.83,13.00
stinkers,3.00,2.55,0.52,3.00,2.00,3.00,11.00,2.57,-0.13,,-0.43,0.43,0.70,0.43,0.00,3.00,-0.31,11.00
structured,3.00,2.10,0.32,2.00,2.00,3.00,10.00,2.19,-0.51,,-0.81,0.81,0.55,0.81,0.00,2.00,0.61,10.00
stubbornness,2.00,2.45,0.52,2.00,2.00,3.00,11.00,2.34,-0.37,,0.34,0.34,0.75,0.00,0.34,2.00,0.39,11.00
subsidises,5.00,3.18,0.60,3.00,2.00,4.00,11.00,3.24,0.54,,-1.76,1.76,0.36,1.76,0.00,3.00,0.65,11.00
takers,3.00,2.45,0.52,2.00,2.00,3.00,11.00,2.35,-0.35,,-0.65,0.65,0.61,0.65,0.00,2.00,-0.29,11.00
tastily,3.00,2.30,0.48,2.00,2.00,3.00,10.00,2.41,-0.29,,-0.59,0.59,0.63,0.59,0.00,2.00,0.42,10.00
tenderizing,3.00,3.10,0.74,3.00,2.00,4.00,10.00,3.04,0.34,,0.04,0.04,0.96,0.00,0.04,3.00,0.79,10.00
topicality,3.00,2.80,0.63,3.00,2.00,4.00,10.00,2.82,0.11,,-0.18,0.18,0.85,0.18,0.00,3.00,0.53,10.00
traditionalist,3.00,3.17,0.39,3.00,3.00,4.00,12.00,3.14,0.43,,0.14,0.14,0.88,0.00,0.14,3.00,0.54,12.00
triumphantly,3.00,2.77,0.60,3.00,2.00,4.00,13.00,2.86,0.15,,-0.14,0.14,0.88,0.14,0.00,3.00,0.57,13.00
turbulence,2.00,2.36,0.81,3.00,1.00,3.00,11.00,2.32,-0.38,,0.32,0.32,0.76,0.00,0.32,2.00,0.59,11.00
uncharitable,3.00,3.00,0.45,3.00,2.00,4.00,11.00,3.01,0.30,,0.01,0.01,0.99,0.00,0.01,3.00,0.60,11.00
understates,3.00,2.80,0.42,3.00,2.00,3.00,10.00,2.78,0.07,,-0.22,0.22,0.82,0.22,0.00,3.00,0.29,10.00
undervaluing,3.00,3.00,0.60,3.00,2.00,4.00,12.00,2.89,0.18,,-0.11,0.11,0.90,0.11,0.00,3.00,0.70,12.00
unhooks,3.00,2.50,0.53,2.50,2.00,3.00,10.00,2.41,-0.29,,-0.59,0.59,0.63,0.59,0.00,2.00,0.37,10.00
unimaginable,4.00,3.08,0.29,3.00,3.00,4.00,12.00,3.17,0.47,,-0.83,0.83,0.55,0.83,0.00,3.00,0.36,12.00
unmixed,3.00,2.69,0.48,3.00,2.00,3.00,13.00,2.74,0.03,,-0.26,0.26,0.79,0.26,0.00,3.00,0.42,13.00
unsinkable,3.00,2.92,0.29,3.00,2.00,3.00,12.00,2.95,0.25,,-0.05,0.05,0.95,0.05,0.00,3.00,0.14,12.00
unusually,3.00,3.25,0.75,3.00,2.00,4.00,12.00,2.98,0.28,,-0.02,0.02,0.98,0.02,0.00,3.00,0.84,12.00
unweighted,3.00,3.00,0.45,3.00,2.00,4.00,11.00,2.89,0.19,,-0.11,0.11,0.90,0.11,0.00,3.00,0.79,11.00
updates,3.00,2.80,0.42,3.00,2.00,3.00,10.00,2.60,-0.10,,-0.40,0.40,0.72,0.40,0.00,3.00,0.80,10.00
utility,2.00,2.00,0.82,2.00,1.00,3.00,10.00,2.04,-0.66,,0.04,0.04,0.96,0.00,0.04,2.00,0.73,10.00
vaccinated,3.00,3.18,0.75,3.00,2.00,4.00,11.00,3.18,0.47,,0.18,0.18,0.85,0.00,0.18,3.00,0.71,11.00
vengeances,3.00,2.55,0.69,3.00,1.00,3.00,11.00,2.41,-0.29,,-0.59,0.59,0.63,0.59,0.00,2.00,0.80,11.00
visitation,2.00,2.54,0.52,3.00,2.00,3.00,13.00,2.65,-0.05,,0.65,0.65,0.61,0.00,0.65,3.00,0.52,13.00
weightier,4.00,2.50,0.67,3.00,1.00,3.00,12.00,2.41,-0.29,,-1.59,1.59,0.39,1.59,0.00,2.00,-0.05,12.00
withholds,3.00,2.45,0.52,2.00,2.00,3.00,11.00,2.33,-0.38,,-0.67,0.67,0.60,0.67,0.00,2.00,-0.09,11.00
abandonment,2.00,3.00,0.95,3.00,2.00,4.00,12.00,3.02,0.31,,1.02,1.02,0.50,0.00,1.02,3.00,0.69,12.00
amendments,3.00,3.18,1.17,3.00,1.00,5.00,11.00,3.11,0.40,,0.11,0.11,0.90,0.00,0.11,3.00,0.89,11.00
appreciators,3.00,3.31,0.85,3.00,2.00,5.00,13.00,3.30,0.59,,0.30,0.30,0.77,0.00,0.30,3.00,0.81,13.00
articulateness,3.00,3.27,1.19,3.00,2.00,5.00,11.00,3.18,0.47,,0.18,0.18,0.85,0.00,0.18,3.00,0.91,11.00
bicyclists,4.00,3.56,0.53,4.00,3.00,4.00,9.00,3.31,0.61,,-0.69,0.69,0.59,0.69,0.00,3.00,0.79,9.00
brutalities,4.00,3.27,0.65,3.00,2.00,4.00,11.00,3.11,0.41,,-0.89,0.89,0.53,0.89,0.00,3.00,0.36,11.00
circumcision,3.00,2.75,0.97,3.00,1.00,4.00,12.00,2.73,0.02,,-0.27,0.27,0.78,0.27,0.00,3.00,0.83,12.00
conceptualise,3.00,3.73,0.65,4.00,3.00,5.00,11.00,3.65,0.95,,0.65,0.65,0.61,0.00,0.65,4.00,0.84,11.00
contradicts,3.00,2.64,0.81,2.00,2.00,4.00,11.00,2.66,-0.04,,-0.34,0.34,0.75,0.34,0.00,3.00,0.70,11.00
delegitimising,4.00,4.10,0.32,4.00,4.00,5.00,10.00,3.98,1.27,,-0.02,0.02,0.98,0.02,0.00,4.00,0.55,10.00
demystified,4.00,3.27,0.79,3.00,2.00,4.00,11.00,3.33,0.62,,-0.67,0.67,0.60,0.67,0.00,3.00,0.76,11.00
deportees,4.00,3.18,0.60,3.00,2.00,4.00,11.00,3.03,0.32,,-0.97,0.97,0.51,0.97,0.00,3.00,0.24,11.00
deterministic,3.00,3.08,0.90,3.00,2.00,4.00,12.00,2.94,0.24,,-0.06,0.06,0.94,0.06,0.00,3.00,0.76,12.00
disagrees,3.00,3.09,0.54,3.00,2.00,4.00,11.00,2.99,0.29,,-0.01,0.01,0.99,0.01,0.00,3.00,0.62,11.00
displacements,4.00,3.75,0.45,4.00,3.00,4.00,12.00,3.57,0.86,,-0.43,0.43,0.70,0.43,0.00,4.00,0.52,12.00
encapsulates,4.00,3.58,0.67,3.50,3.00,5.00,12.00,3.55,0.85,,-0.45,0.45,0.69,0.45,0.00,4.00,0.75,12.00
enchantingly,3.00,3.20,0.79,3.00,2.00,4.00,10.00,3.29,0.59,,0.29,0.29,0.77,0.00,0.29,3.00,0.86,10.00
escalator,2.00,2.30,1.06,2.00,1.00,4.00,10.00,2.42,-0.28,,0.42,0.42,0.70,0.00,0.42,2.00,0.87,10.00
exemplified,3.00,3.00,1.12,3.00,1.00,4.00,9.00,3.00,0.29,,0.00,0.00,1.00,0.00,0.00,3.00,0.87,9.00
flatteries,3.00,2.83,0.83,3.00,2.00,4.00,12.00,2.78,0.08,,-0.22,0.22,0.82,0.22,0.00,3.00,0.76,12.00
formality,2.00,2.91,0.70,3.00,2.00,4.00,11.00,2.94,0.23,,0.94,0.94,0.52,0.00,0.94,3.00,0.29,11.00
governmental,3.00,3.27,0.90,3.00,2.00,5.00,11.00,3.16,0.45,,0.16,0.16,0.87,0.00,0.16,3.00,0.70,11.00
hysterically,4.00,3.23,0.60,3.00,2.00,4.00,13.00,3.10,0.39,,-0.90,0.90,0.53,0.90,0.00,3.00,0.47,13.00
incalculably,4.00,3.82,0.87,4.00,3.00,5.00,11.00,3.64,0.93,,-0.36,0.36,0.73,0.36,0.00,4.00,0.82,11.00
inconsistencies,6.00,4.40,1.17,4.50,3.00,6.00,10.00,4.15,1.44,,-1.85,1.85,0.35,1.85,0.00,4.00,0.47,10.00
indistinguishable,3.00,4.10,0.88,4.00,3.00,5.00,10.00,3.89,1.18,,0.89,0.89,0.53,0.00,0.89,4.00,0.42,10.00
inhabitant,3.00,3.00,0.47,3.00,2.00,4.00,10.00,3.11,0.40,,0.11,0.11,0.90,0.00,0.11,3.00,0.85,10.00
intersection,3.00,3.10,0.74,3.00,2.00,4.00,10.00,3.03,0.33,,0.03,0.03,0.97,0.00,0.03,3.00,0.80,10.00
irreconcilable,4.00,3.09,0.54,3.00,2.00,4.00,11.00,3.26,0.55,,-0.74,0.74,0.57,0.74,0.00,3.00,0.44,11.00
oversubscribed,4.00,3.91,0.30,4.00,3.00,4.00,11.00,3.73,1.03,,-0.27,0.27,0.79,0.27,0.00,4.00,0.43,11.00
positivists,4.00,3.25,1.14,3.50,1.00,5.00,12.00,3.18,0.48,,-0.82,0.82,0.55,0.82,0.00,3.00,0.77,12.00
professionalism,4.00,4.10,0.99,4.00,2.00,5.00,10.00,3.72,1.01,,-0.28,0.28,0.78,0.28,0.00,4.00,0.86,10.00
professionals,4.00,3.09,1.14,3.00,1.00,5.00,11.00,3.09,0.38,,-0.91,0.91,0.52,0.91,0.00,3.00,0.71,11.00
punctuality,2.00,2.91,0.70,3.00,2.00,4.00,11.00,2.80,0.09,,0.80,0.80,0.56,0.00,0.80,3.00,0.66,11.00
purposelessly,3.00,3.38,0.52,3.00,3.00,4.00,8.00,3.13,0.43,,0.13,0.13,0.88,0.00,0.13,3.00,0.67,8.00
redecorating,4.00,3.31,0.48,3.00,3.00,4.00,13.00,3.22,0.52,,-0.78,0.78,0.56,0.78,0.00,3.00,0.87,13.00
reemerges,3.00,3.36,0.50,3.00,3.00,4.00,11.00,3.21,0.51,,0.21,0.21,0.82,0.00,0.21,3.00,0.72,11.00
reenlisted,4.00,3.58,0.51,4.00,3.00,4.00,12.00,3.59,0.89,,-0.41,0.41,0.71,0.41,0.00,4.00,0.46,12.00
refastened,3.00,3.55,0.52,4.00,3.00,4.00,11.00,3.46,0.75,,0.46,0.46,0.69,0.00,0.46,3.00,0.61,11.00
refrigerates,3.00,3.42,0.79,4.00,2.00,4.00,12.00,3.25,0.54,,0.25,0.25,0.80,0.00,0.25,3.00,0.83,12.00
repository,3.00,2.92,0.64,3.00,2.00,4.00,13.00,2.89,0.18,,-0.11,0.11,0.90,0.11,0.00,3.00,0.56,13.00
ruggedness,2.00,3.10,0.57,3.00,2.00,4.00,10.00,2.98,0.28,,0.98,0.98,0.51,0.00,0.98,3.00,0.41,10.00
sacrificially,4.00,3.30,1.06,3.00,1.00,5.00,10.00,3.21,0.51,,-0.79,0.79,0.56,0.79,0.00,3.00,0.76,10.00
sterilizing,3.00,2.90,0.74,3.00,2.00,4.00,10.00,2.95,0.25,,-0.05,0.05,0.95,0.05,0.00,3.00,0.78,10.00
subordination,4.00,3.60,0.52,4.00,3.00,4.00,10.00,3.52,0.82,,-0.48,0.48,0.68,0.48,0.00,4.00,0.79,10.00
tantalizingly,3.00,3.73,0.65,4.00,3.00,5.00,11.00,3.49,0.78,,0.49,0.49,0.67,0.00,0.49,3.00,0.83,11.00
traditionally,3.00,3.17,0.83,3.00,2.00,4.00,12.00,3.18,0.47,,0.18,0.18,0.85,0.00,0.18,3.00,0.77,12.00
underestimate,3.00,2.50,0.71,2.00,2.00,4.00,10.00,2.65,-0.05,,-0.35,0.35,0.74,0.35,0.00,3.00,0.33,10.00
unprejudiced,4.00,3.50,0.67,4.00,2.00,4.00,12.00,3.49,0.78,,-0.51,0.51,0.66,0.51,0.00,3.00,0.65,12.00
unquestionably,5.00,3.44,0.53,3.00,3.00,4.00,9.00,3.31,0.61,,-1.69,1.69,0.37,1.69,0.00,3.00,0.98,9.00
unquestioning,4.00,3.46,0.66,3.00,3.00,5.00,13.00,3.49,0.78,,-0.51,0.51,0.66,0.51,0.00,3.00,0.72,13.00
unventilated,3.00,3.60,0.52,4.00,3.00,4.00,10.00,3.60,0.89,,0.60,0.60,0.63,0.00,0.60,4.00,0.68,10.00
unwittingly,4.00,3.50,0.53,3.50,3.00,4.00,10.00,3.41,0.70,,-0.59,0.59,0.63,0.59,0.00,3.00,0.62,10.00
antidiscrimination,3.00,4.27,1.19,5.00,2.00,6.00,11.00,4.03,1.33,,1.03,1.03,0.49,0.00,1.03,4.00,0.84,11.00
derivatives,3.00,3.18,0.87,3.00,2.00,5.00,11.00,3.23,0.52,,0.23,0.23,0.82,0.00,0.23,3.00,0.86,11.00
intercommunication,5.00,3.92,0.79,4.00,3.00,5.00,12.00,3.69,0.98,,-1.31,1.31,0.43,1.31,0.00,4.00,0.94,12.00
misunderstandings,4.00,4.36,0.81,4.00,3.00,6.00,11.00,4.25,1.55,,0.25,0.25,0.80,0.00,0.25,4.00,0.73,11.00
overcontextualization,5.00,5.18,0.87,5.00,4.00,7.00,11.00,4.99,2.28,,-0.01,0.01,0.99,0.01,0.00,5.00,0.11,11.00
readjustments,4.00,3.70,1.06,3.50,2.00,5.00,10.00,3.75,1.05,,-0.25,0.25,0.80,0.25,0.00,4.00,0.77,10.00
reinvestigation,3.00,4.27,1.19,4.00,3.00,6.00,11.00,4.04,1.34,,1.04,1.04,0.49,0.00,1.04,4.00,0.70,11.00
stipulations,4.00,3.73,0.90,4.00,2.00,5.00,11.00,3.39,0.69,,-0.61,0.61,0.62,0.61,0.00,3.00,0.73,11.00
transplantations,4.00,4.00,0.74,4.00,3.00,5.00,12.00,4.09,1.38,,0.09,0.09,0.92,0.00,0.09,4.00,0.35,12.00
grown,2.00,1.45,0.52,1.00,1.00,2.00,11.00,1.45,-1.25,,-0.55,0.55,0.65,0.55,0.00,1.00,0.17,11.00
sonic,2.00,1.33,0.49,1.00,1.00,2.00,12.00,1.53,-1.17,,-0.47,0.47,0.68,0.47,0.00,2.00,-0.03,12.00
sophisticate,4.00,2.27,0.79,2.00,1.00,4.00,11.00,2.43,-0.27,,-1.57,1.57,0.39,1.57,0.00,2.00,0.62,11.00
thermal,2.00,1.67,0.50,2.00,1.00,2.00,9.00,1.85,-0.85,,-0.15,0.15,0.87,0.15,0.00,2.00,0.11,9.00
anesthetics,5.00,2.67,0.71,3.00,2.00,4.00,9.00,2.58,-0.12,,-2.42,2.42,0.29,2.42,0.00,3.00,0.69,9.00
antitank,2.00,2.18,0.40,2.00,2.00,3.00,11.00,2.18,-0.52,,0.18,0.18,0.84,0.00,0.18,2.00,0.35,11.00
arrangement,2.00,2.67,0.89,2.50,2.00,5.00,12.00,2.62,-0.08,,0.62,0.62,0.62,0.00,0.62,3.00,0.51,12.00
attention,2.00,2.00,0.45,2.00,1.00,3.00,11.00,2.11,-0.60,,0.11,0.11,0.90,0.00,0.11,2.00,0.78,11.00
authorize,2.00,2.20,0.42,2.00,2.00,3.00,10.00,2.14,-0.57,,0.14,0.14,0.88,0.00,0.14,2.00,0.86,10.00
available,3.00,2.27,0.65,2.00,1.00,3.00,11.00,2.24,-0.47,,-0.76,0.76,0.57,0.76,0.00,2.00,0.37,11.00
bellyful,2.00,2.00,0.00,2.00,2.00,2.00,11.00,2.20,-0.50,,0.20,0.20,0.83,0.00,0.20,2.00,,11.00
beset,2.00,1.82,0.40,2.00,1.00,2.00,11.00,1.68,-1.02,,-0.32,0.32,0.76,0.32,0.00,2.00,0.78,11.00
bodily,2.00,2.15,0.55,2.00,1.00,3.00,13.00,2.12,-0.59,,0.12,0.12,0.90,0.00,0.12,2.00,0.55,13.00
brutish,2.00,2.00,0.00,2.00,2.00,2.00,10.00,1.98,-0.73,,-0.02,0.02,0.98,0.02,0.00,2.00,,10.00
capability,2.00,2.92,1.08,3.00,2.00,5.00,12.00,2.86,0.15,,0.86,0.86,0.54,0.00,0.86,3.00,0.79,12.00
cheaply,2.00,2.08,0.29,2.00,2.00,3.00,12.00,2.10,-0.61,,0.10,0.10,0.91,0.00,0.10,2.00,0.56,12.00
cheapness,2.00,2.09,0.30,2.00,2.00,3.00,11.00,2.00,-0.70,,0.00,0.00,1.00,0.00,0.00,2.00,0.16,11.00
cocky,2.00,1.91,0.30,2.00,1.00,2.00,11.00,1.93,-0.77,,-0.07,0.07,0.94,0.07,0.00,2.00,0.77,11.00
collaborate,3.00,2.67,0.89,3.00,1.00,4.00,12.00,2.74,0.03,,-0.26,0.26,0.79,0.26,0.00,3.00,0.45,12.00
collection,2.00,2.27,0.47,2.00,2.00,3.00,11.00,2.28,-0.43,,0.28,0.28,0.78,0.00,0.28,2.00,0.38,11.00
colonises,3.00,2.83,0.94,3.00,1.00,4.00,12.00,2.81,0.10,,-0.19,0.19,0.84,0.19,0.00,3.00,0.72,12.00
coordinates,4.00,3.50,0.85,3.50,2.00,5.00,10.00,3.34,0.64,,-0.66,0.66,0.60,0.66,0.00,3.00,0.82,10.00
creamer,2.00,2.18,0.40,2.00,2.00,3.00,11.00,2.11,-0.60,,0.11,0.11,0.90,0.00,0.11,2.00,0.41,11.00
crunchy,2.00,2.00,0.47,2.00,1.00,3.00,10.00,2.03,-0.67,,0.03,0.03,0.97,0.00,0.03,2.00,0.71,10.00
cutest,2.00,1.85,0.38,2.00,1.00,2.00,13.00,1.91,-0.79,,-0.09,0.09,0.92,0.09,0.00,2.00,0.67,13.00
dampest,2.00,2.07,0.27,2.00,2.00,3.00,14.00,1.97,-0.74,,-0.03,0.03,0.97,0.03,0.00,2.00,0.31,14.00
dampness,2.00,2.10,0.32,2.00,2.00,3.00,10.00,2.22,-0.48,,0.22,0.22,0.82,0.00,0.22,2.00,-0.26,10.00
debug,2.00,2.00,0.00,2.00,2.00,2.00,10.00,2.11,-0.60,,0.11,0.11,0.90,0.00,0.11,2.00,,10.00
deepness,2.00,2.00,0.00,2.00,2.00,2.00,10.00,2.07,-0.63,,0.07,0.07,0.93,0.00,0.07,2.00,,10.00
deserter,3.00,2.18,0.40,2.00,2.00,3.00,11.00,2.31,-0.40,,-0.69,0.69,0.59,0.69,0.00,2.00,0.37,11.00
difficulty,2.00,2.77,1.09,2.00,1.00,4.00,13.00,2.77,0.06,,0.77,0.77,0.56,0.00,0.77,3.00,0.81,13.00
dirtied,3.00,2.25,0.45,2.00,2.00,3.00,12.00,2.30,-0.41,,-0.70,0.70,0.59,0.70,0.00,2.00,0.79,12.00
downpour,2.00,2.00,0.00,2.00,2.00,2.00,11.00,1.96,-0.75,,-0.04,0.04,0.96,0.04,0.00,2.00,,11.00
dully,2.00,1.91,0.30,2.00,1.00,2.00,11.00,1.97,-0.73,,-0.03,0.03,0.97,0.03,0.00,2.00,0.16,11.00
enthusiast,2.00,2.70,0.82,2.50,2.00,4.00,10.00,2.63,-0.08,,0.63,0.63,0.61,0.00,0.63,3.00,0.87,10.00
erection,2.00,2.36,0.50,2.00,2.00,3.00,11.00,2.32,-0.38,,0.32,0.32,0.76,0.00,0.32,2.00,0.72,11.00
excellency,3.00,2.42,0.67,2.00,2.00,4.00,12.00,2.43,-0.27,,-0.57,0.57,0.64,0.57,0.00,2.00,0.80,12.00
fantastically,2.00,3.18,1.25,4.00,1.00,5.00,11.00,3.10,0.40,,1.10,1.10,0.48,0.00,1.10,3.00,0.77,11.00
firmest,2.00,2.00,0.00,2.00,2.00,2.00,11.00,2.06,-0.65,,0.06,0.06,0.94,0.00,0.06,2.00,,11.00
furriest,3.00,2.46,0.52,2.00,2.00,3.00,13.00,2.50,-0.20,,-0.50,0.50,0.67,0.50,0.00,3.00,0.46,13.00
greasiest,3.00,2.40,0.52,2.00,2.00,3.00,10.00,2.43,-0.27,,-0.57,0.57,0.64,0.57,0.00,2.00,0.42,10.00
gushy,2.00,2.00,0.43,2.00,1.00,3.00,12.00,2.19,-0.52,,0.19,0.19,0.84,0.00,0.19,2.00,0.43,12.00
hateful,2.00,2.00,0.00,2.00,2.00,2.00,11.00,1.91,-0.80,,-0.09,0.09,0.92,0.09,0.00,2.00,,11.00
horrendously,2.00,2.92,0.79,3.00,2.00,4.00,12.00,2.96,0.26,,0.96,0.96,0.51,0.00,0.96,3.00,0.71,12.00
humanist,2.00,2.18,0.40,2.00,2.00,3.00,11.00,2.17,-0.54,,0.17,0.17,0.86,0.00,0.17,2.00,0.68,11.00
humorist,2.00,2.08,0.28,2.00,2.00,3.00,13.00,2.08,-0.62,,0.08,0.08,0.92,0.00,0.08,2.00,0.57,13.00
illustrators,4.00,3.17,0.72,3.00,2.00,4.00,12.00,3.05,0.35,,-0.95,0.95,0.51,0.95,0.00,3.00,0.68,12.00
inmate,2.00,2.00,0.00,2.00,2.00,2.00,12.00,2.06,-0.64,,0.06,0.06,0.94,0.00,0.06,2.00,,12.00
inquiry,3.00,2.30,0.67,2.00,1.00,3.00,10.00,2.22,-0.48,,-0.78,0.78,0.56,0.78,0.00,2.00,0.79,10.00
jealousy,2.00,2.09,0.54,2.00,1.00,3.00,11.00,2.23,-0.48,,0.23,0.23,0.81,0.00,0.23,2.00,0.78,11.00
joinery,2.00,2.36,0.50,2.00,2.00,3.00,11.00,2.29,-0.41,,0.29,0.29,0.77,0.00,0.29,2.00,0.23,11.00
lavishly,2.00,2.25,0.45,2.00,2.00,3.00,12.00,2.29,-0.42,,0.29,0.29,0.78,0.00,0.29,2.00,0.23,12.00
leader,2.00,1.83,0.39,2.00,1.00,2.00,12.00,2.03,-0.67,,0.03,0.03,0.97,0.00,0.03,2.00,0.63,12.00
legally,2.00,2.00,0.00,2.00,2.00,2.00,9.00,2.16,-0.55,,0.16,0.16,0.86,0.00,0.16,2.00,,9.00
loafer,2.00,1.90,0.32,2.00,1.00,2.00,10.00,1.98,-0.73,,-0.02,0.02,0.98,0.02,0.00,2.00,0.16,10.00
looker,2.00,1.91,0.30,2.00,1.00,2.00,11.00,2.05,-0.66,,0.05,0.05,0.95,0.00,0.05,2.00,0.42,11.00
lucky,2.00,1.73,0.47,2.00,1.00,2.00,11.00,1.85,-0.85,,-0.15,0.15,0.87,0.15,0.00,2.00,0.55,11.00
madness,2.00,1.91,0.30,2.00,1.00,2.00,11.00,2.06,-0.65,,0.06,0.06,0.94,0.00,0.06,2.00,0.27,11.00
maturity,2.00,2.09,0.70,2.00,1.00,4.00,11.00,2.24,-0.46,,0.24,0.24,0.81,0.00,0.24,2.00,0.03,11.00
misdeed,2.00,2.07,0.26,2.00,2.00,3.00,15.00,2.00,-0.71,,0.00,0.00,1.00,0.00,0.00,2.00,0.32,15.00
mobility,2.00,2.33,0.65,2.00,2.00,4.00,12.00,2.25,-0.46,,0.25,0.25,0.80,0.00,0.25,2.00,0.83,12.00
mobster,2.00,1.83,0.39,2.00,1.00,2.00,12.00,1.80,-0.91,,-0.20,0.20,0.83,0.20,0.00,2.00,0.33,12.00
mythic,2.00,1.82,0.40,2.00,1.00,2.00,11.00,1.86,-0.84,,-0.14,0.14,0.88,0.14,0.00,2.00,0.48,11.00
nearest,2.00,2.00,0.00,2.00,2.00,2.00,11.00,2.02,-0.69,,0.02,0.02,0.98,0.00,0.02,2.00,,11.00
negative,2.00,1.64,0.67,2.00,1.00,3.00,11.00,1.74,-0.97,,-0.26,0.26,0.79,0.26,0.00,2.00,0.57,11.00
notification,3.00,2.60,0.70,2.50,2.00,4.00,10.00,2.71,0.01,,-0.29,0.29,0.78,0.29,0.00,3.00,0.45,10.00
outpost,2.00,2.00,0.00,2.00,2.00,2.00,10.00,2.07,-0.64,,0.07,0.07,0.94,0.00,0.07,2.00,,10.00
outvote,2.00,1.92,0.51,2.00,1.00,3.00,12.00,2.02,-0.68,,0.02,0.02,0.98,0.00,0.02,2.00,0.72,12.00
overload,2.00,2.08,0.29,2.00,2.00,3.00,12.00,2.09,-0.62,,0.09,0.09,0.92,0.00,0.09,2.00,-0.25,12.00
overlook,2.00,2.18,0.40,2.00,2.00,3.00,11.00,2.42,-0.28,,0.42,0.42,0.70,0.00,0.42,2.00,0.45,11.00
ovulate,3.00,1.80,0.42,2.00,1.00,2.00,10.00,1.95,-0.76,,-1.05,1.05,0.49,1.05,0.00,2.00,0.54,10.00
pensioners,4.00,2.80,0.63,3.00,2.00,4.00,10.00,2.77,0.06,,-1.23,1.23,0.45,1.23,0.00,3.00,0.56,10.00
philanthropic,3.00,2.73,0.65,3.00,2.00,4.00,11.00,2.85,0.14,,-0.15,0.15,0.87,0.15,0.00,3.00,-0.17,11.00
phrasal,2.00,2.09,0.30,2.00,2.00,3.00,11.00,2.11,-0.59,,0.11,0.11,0.90,0.00,0.11,2.00,0.20,11.00
playful,2.00,2.00,0.00,2.00,2.00,2.00,11.00,2.14,-0.56,,0.14,0.14,0.88,0.00,0.14,2.00,,11.00
pollination,3.00,2.70,1.06,2.50,1.00,4.00,10.00,2.74,0.03,,-0.26,0.26,0.79,0.26,0.00,3.00,0.86,10.00
positively,3.00,2.60,0.70,2.50,2.00,4.00,10.00,2.43,-0.28,,-0.57,0.57,0.64,0.57,0.00,2.00,0.91,10.00
probabilistic,4.00,3.27,0.65,3.00,2.00,4.00,11.00,3.13,0.43,,-0.87,0.87,0.53,0.87,0.00,3.00,0.45,11.00
professor,2.00,2.11,0.33,2.00,2.00,3.00,9.00,2.27,-0.44,,0.27,0.27,0.79,0.00,0.27,2.00,-0.03,9.00
punchy,2.00,1.89,0.33,2.00,1.00,2.00,9.00,1.83,-0.88,,-0.17,0.17,0.85,0.17,0.00,2.00,0.72,9.00
rampantly,3.00,2.45,0.52,2.00,2.00,3.00,11.00,2.44,-0.26,,-0.56,0.56,0.64,0.56,0.00,2.00,0.22,11.00
recount,2.00,2.00,0.00,2.00,2.00,2.00,10.00,2.09,-0.61,,0.09,0.09,0.91,0.00,0.09,2.00,,10.00
referent,3.00,2.50,0.53,2.50,2.00,3.00,10.00,2.38,-0.32,,-0.62,0.62,0.62,0.62,0.00,2.00,0.65,10.00
relaid,3.00,2.33,0.49,2.00,2.00,3.00,12.00,2.43,-0.28,,-0.57,0.57,0.64,0.57,0.00,2.00,-0.09,12.00
rhetorical,2.00,2.50,0.80,2.50,1.00,4.00,12.00,2.57,-0.14,,0.57,0.57,0.64,0.00,0.57,3.00,0.60,12.00
rimless,2.00,1.91,0.30,2.00,1.00,2.00,11.00,1.98,-0.72,,-0.02,0.02,0.98,0.02,0.00,2.00,0.41,11.00
ringer,2.00,1.82,0.40,2.00,1.00,2.00,11.00,2.02,-0.68,,0.02,0.02,0.98,0.00,0.02,2.00,0.80,11.00
roughly,2.00,2.00,0.47,2.00,1.00,3.00,10.00,1.99,-0.72,,-0.01,0.01,0.99,0.01,0.00,2.00,0.76,10.00
scentless,2.00,2.00,0.00,2.00,2.00,2.00,11.00,2.13,-0.57,,0.13,0.13,0.88,0.00,0.13,2.00,,11.00
schemers,3.00,2.27,0.65,2.00,1.00,3.00,11.00,2.36,-0.35,,-0.64,0.64,0.61,0.64,0.00,2.00,0.36,11.00
sensationalist,5.00,3.70,1.06,4.00,2.00,5.00,10.00,3.57,0.87,,-1.43,1.43,0.41,1.43,0.00,4.00,0.62,10.00
sensitivities,4.00,3.77,0.93,4.00,2.00,5.00,13.00,3.56,0.85,,-0.44,0.44,0.69,0.44,0.00,4.00,0.67,13.00
separatist,3.00,2.75,1.04,3.00,1.00,4.00,8.00,2.75,0.05,,-0.25,0.25,0.80,0.25,0.00,3.00,0.85,8.00
seventies,3.00,2.46,0.52,2.00,2.00,3.00,13.00,2.52,-0.19,,-0.48,0.48,0.68,0.48,0.00,3.00,0.54,13.00
shaker,2.00,2.00,0.43,2.00,1.00,3.00,12.00,2.06,-0.65,,0.06,0.06,0.95,0.00,0.06,2.00,0.64,12.00
silvery,2.00,2.11,0.33,2.00,2.00,3.00,9.00,2.30,-0.40,,0.30,0.30,0.77,0.00,0.30,2.00,0.77,9.00
smuggest,2.00,2.10,0.32,2.00,2.00,3.00,10.00,2.40,-0.31,,0.40,0.40,0.71,0.00,0.40,2.00,0.12,10.00
societal,2.00,2.00,0.63,2.00,1.00,3.00,11.00,2.24,-0.46,,0.24,0.24,0.80,0.00,0.24,2.00,0.55,11.00
solemnity,2.00,2.22,0.44,2.00,2.00,3.00,9.00,2.29,-0.42,,0.29,0.29,0.78,0.00,0.29,2.00,0.50,9.00
stolen,2.00,1.80,0.42,2.00,1.00,2.00,10.00,1.89,-0.81,,-0.11,0.11,0.90,0.11,0.00,2.00,-0.18,10.00
striker,2.00,2.00,0.00,2.00,2.00,2.00,10.00,2.00,-0.70,,0.00,0.00,1.00,0.00,0.00,2.00,,10.00
suavely,2.00,2.11,0.33,2.00,2.00,3.00,9.00,2.01,-0.69,,0.01,0.01,0.99,0.00,0.01,2.00,0.64,9.00
taller,2.00,1.92,0.29,2.00,1.00,2.00,12.00,1.83,-0.87,,-0.17,0.17,0.86,0.17,0.00,2.00,0.76,12.00
tendency,2.00,2.30,0.67,2.00,1.00,3.00,10.00,2.21,-0.49,,0.21,0.21,0.83,0.00,0.21,2.00,0.77,10.00
thinner,2.00,2.09,0.30,2.00,2.00,3.00,11.00,2.13,-0.57,,0.13,0.13,0.88,0.00,0.13,2.00,-0.10,11.00
thrifty,2.00,1.92,0.29,2.00,1.00,2.00,12.00,2.03,-0.67,,0.03,0.03,0.97,0.00,0.03,2.00,0.46,12.00
tumbler,2.00,1.90,0.32,2.00,1.00,2.00,10.00,2.12,-0.58,,0.12,0.12,0.89,0.00,0.12,2.00,0.88,10.00
unroll,2.00,2.00,0.00,2.00,2.00,2.00,12.00,2.04,-0.67,,0.04,0.04,0.97,0.00,0.04,2.00,,12.00
urgency,2.00,2.33,0.49,2.00,2.00,3.00,12.00,2.30,-0.40,,0.30,0.30,0.77,0.00,0.30,2.00,0.55,12.00
various,2.00,1.60,0.70,1.50,1.00,3.00,10.00,1.78,-0.92,,-0.22,0.22,0.82,0.22,0.00,2.00,0.32,10.00
violence,2.00,1.40,0.52,1.00,1.00,2.00,10.00,1.55,-1.16,,-0.45,0.45,0.69,0.45,0.00,2.00,0.59,10.00
violinist,2.00,2.20,0.42,2.00,2.00,3.00,10.00,2.20,-0.50,,0.20,0.20,0.83,0.00,0.20,2.00,0.89,10.00
vocalise,2.00,2.17,0.39,2.00,2.00,3.00,12.00,2.15,-0.56,,0.15,0.15,0.87,0.00,0.15,2.00,0.44,12.00
wickedness,2.00,2.58,0.51,3.00,2.00,3.00,12.00,2.45,-0.26,,0.45,0.45,0.69,0.00,0.45,2.00,0.59,12.00
wisdom,2.00,1.83,0.58,2.00,1.00,3.00,12.00,1.85,-0.86,,-0.15,0.15,0.87,0.15,0.00,2.00,0.34,12.00
wizardry,2.00,2.00,0.45,2.00,1.00,3.00,11.00,2.09,-0.61,,0.09,0.09,0.91,0.00,0.09,2.00,0.72,11.00
worthily,3.00,2.36,0.67,2.00,1.00,3.00,11.00,2.39,-0.31,,-0.61,0.61,0.62,0.61,0.00,2.00,0.79,11.00
abducts,3.00,2.55,0.52,3.00,2.00,3.00,11.00,2.62,-0.08,,-0.38,0.38,0.73,0.38,0.00,3.00,0.46,11.00
abnormal,3.00,2.50,0.53,2.50,2.00,3.00,10.00,2.53,-0.18,,-0.47,0.47,0.68,0.47,0.00,3.00,0.74,10.00
admiringly,3.00,2.89,0.33,3.00,2.00,3.00,9.00,2.86,0.16,,-0.14,0.14,0.88,0.14,0.00,3.00,0.69,9.00
admissions,4.00,3.00,0.47,3.00,2.00,4.00,10.00,2.89,0.18,,-1.11,1.11,0.47,1.11,0.00,3.00,-0.09,10.00
adviser,2.00,2.27,0.65,2.00,1.00,3.00,11.00,2.40,-0.31,,0.40,0.40,0.72,0.00,0.40,2.00,0.76,11.00
alignments,4.00,3.00,0.82,3.00,2.00,4.00,10.00,3.01,0.31,,-0.99,0.99,0.50,0.99,0.00,3.00,0.80,10.00
chubbiness,2.00,2.64,0.50,3.00,2.00,3.00,11.00,2.58,-0.12,,0.58,0.58,0.63,0.00,0.58,3.00,0.60,11.00
coincides,3.00,2.64,0.67,3.00,2.00,4.00,11.00,2.68,-0.02,,-0.32,0.32,0.76,0.32,0.00,3.00,0.19,11.00
commentator,3.00,2.70,0.82,2.50,2.00,4.00,10.00,2.77,0.07,,-0.23,0.23,0.81,0.23,0.00,3.00,0.68,10.00
commotion,2.00,2.18,0.98,2.00,1.00,4.00,11.00,2.17,-0.54,,0.17,0.17,0.85,0.00,0.17,2.00,0.86,11.00
compositions,5.00,3.67,0.87,4.00,2.00,5.00,9.00,3.49,0.79,,-1.51,1.51,0.40,1.51,0.00,3.00,0.60,9.00
copyist,2.00,2.18,0.40,2.00,2.00,3.00,11.00,2.41,-0.29,,0.41,0.41,0.71,0.00,0.41,2.00,0.17,11.00
countesses,3.00,2.73,0.47,3.00,2.00,3.00,11.00,2.77,0.07,,-0.23,0.23,0.81,0.23,0.00,3.00,0.10,11.00
deboned,3.00,2.91,0.30,3.00,2.00,3.00,11.00,2.94,0.24,,-0.06,0.06,0.94,0.06,0.00,3.00,0.82,11.00
deception,3.00,2.75,0.45,3.00,2.00,3.00,12.00,2.71,0.00,,-0.29,0.29,0.77,0.29,0.00,3.00,0.44,12.00
deflected,3.00,2.90,0.32,3.00,2.00,3.00,10.00,2.80,0.09,,-0.20,0.20,0.83,0.20,0.00,3.00,0.83,10.00
deforms,3.00,2.60,0.52,3.00,2.00,3.00,10.00,2.70,0.00,,-0.30,0.30,0.77,0.30,0.00,3.00,0.39,10.00
defrosted,3.00,3.00,0.00,3.00,3.00,3.00,11.00,3.03,0.33,,0.03,0.03,0.97,0.00,0.03,3.00,,11.00
deleverage,2.00,3.00,1.00,3.00,1.00,4.00,9.00,2.70,-0.01,,0.70,0.70,0.59,0.00,0.70,3.00,0.81,9.00
deployment,2.00,2.73,0.47,3.00,2.00,3.00,11.00,2.70,0.00,,0.70,0.70,0.59,0.00,0.70,3.00,0.60,11.00
desalination,3.00,3.40,0.70,3.50,2.00,4.00,10.00,3.29,0.58,,0.29,0.29,0.78,0.00,0.29,3.00,0.61,10.00
destructible,3.00,3.09,0.54,3.00,2.00,4.00,11.00,3.10,0.39,,0.10,0.10,0.91,0.00,0.10,3.00,0.71,11.00
detectable,2.00,3.00,0.71,3.00,2.00,4.00,9.00,2.71,0.01,,0.71,0.71,0.58,0.00,0.71,3.00,0.60,9.00
devastatingly,3.00,3.33,1.07,3.00,2.00,5.00,12.00,3.26,0.56,,0.26,0.26,0.79,0.00,0.26,3.00,0.68,12.00
disappearing,3.00,3.11,0.60,3.00,2.00,4.00,9.00,3.00,0.30,,0.00,0.00,1.00,0.00,0.00,3.00,0.50,9.00
disarms,3.00,2.80,0.41,3.00,2.00,3.00,15.00,2.73,0.03,,-0.27,0.27,0.79,0.27,0.00,3.00,0.04,15.00
dispensers,4.00,3.58,0.51,4.00,3.00,4.00,12.00,3.53,0.82,,-0.47,0.47,0.68,0.47,0.00,4.00,0.13,12.00
disrobes,3.00,2.67,0.49,3.00,2.00,3.00,12.00,2.55,-0.16,,-0.45,0.45,0.69,0.45,0.00,3.00,0.06,12.00
divinely,2.00,2.40,0.52,2.00,2.00,3.00,10.00,2.40,-0.30,,0.40,0.40,0.71,0.00,0.40,2.00,0.41,10.00
doers,3.00,2.45,0.69,3.00,1.00,3.00,11.00,2.56,-0.14,,-0.44,0.44,0.70,0.44,0.00,3.00,0.45,11.00
doubly,2.00,2.10,0.32,2.00,2.00,3.00,10.00,2.10,-0.61,,0.10,0.10,0.91,0.00,0.10,2.00,-0.07,10.00
downgrades,3.00,3.00,0.00,3.00,3.00,3.00,11.00,2.91,0.21,,-0.09,0.09,0.92,0.09,0.00,3.00,,11.00
downwards,3.00,2.73,0.47,3.00,2.00,3.00,11.00,2.69,-0.01,,-0.31,0.31,0.77,0.31,0.00,3.00,0.67,11.00
dramatists,3.00,2.80,0.63,3.00,2.00,4.00,10.00,2.85,0.14,,-0.15,0.15,0.87,0.15,0.00,3.00,0.83,10.00
drummers,3.00,2.50,0.67,3.00,1.00,3.00,12.00,2.62,-0.08,,-0.38,0.38,0.73,0.38,0.00,3.00,0.77,12.00
educators,4.00,2.82,0.60,3.00,2.00,4.00,11.00,2.82,0.11,,-1.18,1.18,0.46,1.18,0.00,3.00,0.75,11.00
effectively,4.00,2.70,0.67,3.00,2.00,4.00,10.00,2.71,0.00,,-1.29,1.29,0.44,1.29,0.00,3.00,0.51,10.00
ejections,4.00,3.00,0.43,3.00,2.00,4.00,12.00,2.87,0.17,,-1.13,1.13,0.47,1.13,0.00,3.00,0.59,12.00
embolden,3.00,2.91,0.30,3.00,2.00,3.00,11.00,2.84,0.14,,-0.16,0.16,0.86,0.16,0.00,3.00,0.66,11.00
engulfs,3.00,2.50,0.53,2.50,2.00,3.00,10.00,2.64,-0.06,,-0.36,0.36,0.74,0.36,0.00,3.00,0.60,10.00
ensures,3.00,2.36,0.67,2.00,1.00,3.00,11.00,2.56,-0.14,,-0.44,0.44,0.70,0.44,0.00,3.00,0.95,11.00
epilepsies,3.00,2.67,0.50,3.00,2.00,3.00,9.00,2.75,0.04,,-0.25,0.25,0.80,0.25,0.00,3.00,0.68,9.00
excessive,3.00,2.50,0.67,3.00,1.00,3.00,12.00,2.63,-0.08,,-0.37,0.37,0.73,0.37,0.00,3.00,0.40,12.00
expectancy,3.00,2.63,0.92,3.00,1.00,4.00,8.00,2.67,-0.03,,-0.33,0.33,0.75,0.33,0.00,3.00,0.62,8.00
expressing,3.00,2.80,0.63,3.00,2.00,4.00,10.00,2.94,0.24,,-0.06,0.06,0.95,0.06,0.00,3.00,0.42,10.00
falconers,3.00,2.82,0.60,3.00,2.00,4.00,11.00,2.74,0.04,,-0.26,0.26,0.79,0.26,0.00,3.00,-0.07,11.00
fattening,3.00,2.92,0.67,3.00,2.00,4.00,12.00,2.91,0.21,,-0.09,0.09,0.92,0.09,0.00,3.00,0.49,12.00
flapper,2.00,2.08,0.51,2.00,1.00,3.00,12.00,2.11,-0.60,,0.11,0.11,0.90,0.00,0.11,2.00,0.44,12.00
foolery,2.00,2.58,0.51,3.00,2.00,3.00,12.00,2.61,-0.10,,0.61,0.61,0.62,0.00,0.61,3.00,0.60,12.00
goddesses,3.00,3.00,0.50,3.00,2.00,4.00,9.00,3.10,0.39,,0.10,0.10,0.91,0.00,0.10,3.00,0.66,9.00
horniest,3.00,2.58,0.51,3.00,2.00,3.00,12.00,2.60,-0.10,,-0.40,0.40,0.72,0.40,0.00,3.00,0.84,12.00
inappropriate,4.00,3.17,1.03,3.00,2.00,5.00,12.00,2.96,0.25,,-1.04,1.04,0.49,1.04,0.00,3.00,0.86,12.00
inappropriateness,5.00,3.55,0.82,3.00,3.00,5.00,11.00,3.59,0.88,,-1.41,1.41,0.41,1.41,0.00,4.00,0.41,11.00
incapably,3.00,2.70,0.48,3.00,2.00,3.00,10.00,2.82,0.12,,-0.18,0.18,0.85,0.18,0.00,3.00,0.61,10.00
inception,3.00,3.00,0.43,3.00,2.00,4.00,12.00,2.81,0.11,,-0.19,0.19,0.84,0.19,0.00,3.00,0.34,12.00
incubation,2.00,2.80,0.63,3.00,2.00,4.00,10.00,2.91,0.21,,0.91,0.91,0.52,0.00,0.91,3.00,0.40,10.00
indulgently,3.00,3.30,0.67,3.00,2.00,4.00,10.00,3.07,0.36,,0.07,0.07,0.94,0.00,0.07,3.00,0.78,10.00
inferential,4.00,3.33,0.50,3.00,3.00,4.00,9.00,3.19,0.49,,-0.81,0.81,0.55,0.81,0.00,3.00,0.72,9.00
infrequently,4.00,2.90,0.32,3.00,2.00,3.00,10.00,3.02,0.31,,-0.98,0.98,0.50,0.98,0.00,3.00,-0.09,10.00
initialled,3.00,2.50,0.53,2.50,2.00,3.00,8.00,2.49,-0.22,,-0.51,0.51,0.66,0.51,0.00,2.00,0.58,8.00
injustice,3.00,2.75,0.45,3.00,2.00,3.00,12.00,2.65,-0.06,,-0.35,0.35,0.74,0.35,0.00,3.00,0.18,12.00
instinctual,2.00,2.77,0.60,3.00,2.00,4.00,13.00,2.69,-0.02,,0.69,0.69,0.59,0.00,0.69,3.00,0.72,13.00
intermission,3.00,2.33,0.89,2.00,1.00,4.00,12.00,2.37,-0.33,,-0.63,0.63,0.62,0.63,0.00,2.00,0.90,12.00
intersections,4.00,3.58,0.67,3.50,3.00,5.00,12.00,3.43,0.72,,-0.57,0.57,0.64,0.57,0.00,3.00,0.80,12.00
knighthoods,3.00,2.85,0.38,3.00,2.00,3.00,13.00,2.86,0.16,,-0.14,0.14,0.88,0.14,0.00,3.00,0.42,13.00
magicians,3.00,2.40,0.84,3.00,1.00,3.00,10.00,2.45,-0.26,,-0.55,0.55,0.64,0.55,0.00,2.00,0.47,10.00
metaphors,3.00,3.08,0.67,3.00,2.00,4.00,12.00,2.97,0.27,,-0.03,0.03,0.97,0.03,0.00,3.00,0.79,12.00
microstructures,4.00,3.25,0.62,3.00,2.00,4.00,12.00,3.26,0.56,,-0.74,0.74,0.57,0.74,0.00,3.00,0.75,12.00
miscasting,3.00,2.83,0.39,3.00,2.00,3.00,12.00,2.77,0.06,,-0.23,0.23,0.81,0.23,0.00,3.00,0.62,12.00
misspellings,4.00,3.82,0.40,4.00,3.00,4.00,11.00,3.64,0.93,,-0.36,0.36,0.73,0.36,0.00,4.00,-0.03,11.00
modifiers,3.00,3.00,0.71,3.00,2.00,4.00,9.00,2.86,0.16,,-0.14,0.14,0.88,0.14,0.00,3.00,0.82,9.00
monogamous,3.00,2.50,0.52,2.50,2.00,3.00,12.00,2.59,-0.11,,-0.41,0.41,0.71,0.41,0.00,3.00,0.49,12.00
mutations,4.00,2.73,0.79,3.00,2.00,4.00,11.00,2.75,0.05,,-1.25,1.25,0.45,1.25,0.00,3.00,0.81,11.00
narrations,3.00,3.00,0.67,3.00,2.00,4.00,10.00,2.98,0.27,,-0.02,0.02,0.98,0.02,0.00,3.00,0.61,10.00
nationally,3.00,2.83,0.58,3.00,2.00,4.00,12.00,2.79,0.09,,-0.21,0.21,0.83,0.21,0.00,3.00,0.80,12.00
neutralists,4.00,3.10,0.57,3.00,2.00,4.00,10.00,3.15,0.45,,-0.85,0.85,0.54,0.85,0.00,3.00,0.81,10.00
offspring,2.00,1.88,0.64,2.00,1.00,3.00,8.00,2.09,-0.61,,0.09,0.09,0.91,0.00,0.09,2.00,0.53,8.00
outbids,3.00,2.46,0.66,3.00,1.00,3.00,13.00,2.40,-0.30,,-0.60,0.60,0.63,0.60,0.00,2.00,0.01,13.00
outstretched,3.00,3.00,0.43,3.00,2.00,4.00,12.00,2.97,0.26,,-0.03,0.03,0.97,0.03,0.00,3.00,-0.44,12.00
overbalancing,3.00,3.17,1.11,3.00,1.00,6.00,12.00,3.00,0.30,,0.00,0.00,1.00,0.00,0.00,3.00,0.72,12.00
overthrows,3.00,2.77,0.44,3.00,2.00,3.00,13.00,2.83,0.13,,-0.17,0.17,0.86,0.17,0.00,3.00,0.41,13.00
packers,3.00,2.38,0.87,2.00,1.00,4.00,13.00,2.54,-0.16,,-0.46,0.46,0.69,0.46,0.00,3.00,0.26,13.00
paraphrased,3.00,3.10,0.57,3.00,2.00,4.00,10.00,3.06,0.35,,0.06,0.06,0.94,0.00,0.06,3.00,0.77,10.00
patronizing,3.00,3.09,0.54,3.00,2.00,4.00,11.00,2.93,0.22,,-0.07,0.07,0.93,0.07,0.00,3.00,0.84,11.00
persecutor,3.00,2.82,0.75,3.00,2.00,4.00,11.00,2.76,0.06,,-0.24,0.24,0.81,0.24,0.00,3.00,0.69,11.00
phonetics,2.00,2.64,0.81,3.00,1.00,4.00,11.00,2.56,-0.15,,0.56,0.56,0.64,0.00,0.56,3.00,0.60,11.00
physician,3.00,2.25,0.71,2.00,1.00,3.00,8.00,2.24,-0.47,,-0.76,0.76,0.57,0.76,0.00,2.00,0.63,8.00
picketer,2.00,2.55,0.52,3.00,2.00,3.00,11.00,2.52,-0.18,,0.52,0.52,0.66,0.00,0.52,3.00,0.55,11.00
predisposition,4.00,3.54,0.52,4.00,3.00,4.00,13.00,3.36,0.65,,-0.64,0.64,0.61,0.64,0.00,3.00,0.64,13.00
prejudging,3.00,2.89,0.33,3.00,2.00,3.00,9.00,3.03,0.33,,0.03,0.03,0.97,0.00,0.03,3.00,0.74,9.00
primitiveness,3.00,2.83,0.58,3.00,2.00,4.00,12.00,2.89,0.18,,-0.11,0.11,0.90,0.11,0.00,3.00,0.64,12.00
prowlers,3.00,2.64,0.67,3.00,1.00,3.00,11.00,2.72,0.02,,-0.28,0.28,0.78,0.28,0.00,3.00,0.75,11.00
rainiest,3.00,2.67,0.49,3.00,2.00,3.00,12.00,2.65,-0.06,,-0.35,0.35,0.74,0.35,0.00,3.00,0.56,12.00
reasoner,2.00,2.33,0.49,2.00,2.00,3.00,12.00,2.31,-0.40,,0.31,0.31,0.76,0.00,0.31,2.00,0.60,12.00
recallable,3.00,3.18,0.40,3.00,3.00,4.00,11.00,2.95,0.25,,-0.05,0.05,0.96,0.05,0.00,3.00,0.63,11.00
redeploy,2.00,2.46,0.52,2.00,2.00,3.00,13.00,2.53,-0.18,,0.53,0.53,0.65,0.00,0.53,3.00,0.72,13.00
renewed,3.00,2.80,0.42,3.00,2.00,3.00,10.00,2.70,0.00,,-0.30,0.30,0.77,0.30,0.00,3.00,0.62,10.00
replaceable,3.00,3.00,0.45,3.00,2.00,4.00,11.00,2.99,0.28,,-0.01,0.01,0.99,0.01,0.00,3.00,0.25,11.00
resettlement,3.00,2.90,0.32,3.00,2.00,3.00,10.00,2.86,0.15,,-0.14,0.14,0.87,0.14,0.00,3.00,0.43,10.00
restorations,3.00,3.83,0.72,4.00,2.00,5.00,12.00,3.68,0.98,,0.68,0.68,0.59,0.00,0.68,4.00,0.68,12.00
reusing,3.00,2.82,0.40,3.00,2.00,3.00,11.00,2.66,-0.05,,-0.34,0.34,0.75,0.34,0.00,3.00,0.07,11.00
rewording,3.00,2.88,0.35,3.00,2.00,3.00,8.00,2.88,0.17,,-0.12,0.12,0.89,0.12,0.00,3.00,0.30,8.00
rhetorically,3.00,3.09,0.83,3.00,2.00,5.00,11.00,2.95,0.24,,-0.05,0.05,0.95,0.05,0.00,3.00,0.71,11.00
secretively,3.00,3.00,0.85,3.00,2.00,4.00,12.00,2.98,0.28,,-0.02,0.02,0.98,0.02,0.00,3.00,0.72,12.00
sensationalism,5.00,3.50,1.17,3.00,2.00,6.00,12.00,3.39,0.68,,-1.61,1.61,0.38,1.61,0.00,3.00,0.85,12.00
simplifies,3.00,2.86,0.53,3.00,2.00,4.00,14.00,2.84,0.13,,-0.16,0.16,0.86,0.16,0.00,3.00,0.74,14.00
simulations,4.00,2.80,0.63,3.00,2.00,4.00,10.00,2.90,0.20,,-1.10,1.10,0.48,1.10,0.00,3.00,0.80,10.00
slavishly,3.00,2.69,0.48,3.00,2.00,3.00,13.00,2.55,-0.16,,-0.45,0.45,0.69,0.45,0.00,3.00,0.44,13.00
slickers,3.00,2.50,0.52,2.50,2.00,3.00,12.00,2.57,-0.14,,-0.43,0.43,0.70,0.43,0.00,3.00,0.24,12.00
snipers,3.00,2.67,0.65,3.00,1.00,3.00,12.00,2.68,-0.02,,-0.32,0.32,0.76,0.32,0.00,3.00,0.75,12.00
soloists,3.00,2.44,0.53,2.00,2.00,3.00,9.00,2.55,-0.15,,-0.45,0.45,0.69,0.45,0.00,3.00,0.40,9.00
specializes,3.00,3.00,0.71,3.00,2.00,4.00,13.00,2.95,0.24,,-0.05,0.05,0.95,0.05,0.00,3.00,0.77,13.00
spiritualized,4.00,3.40,0.97,3.50,2.00,5.00,10.00,3.38,0.67,,-0.62,0.62,0.62,0.62,0.00,3.00,0.77,10.00
spiritually,3.00,3.30,0.67,3.00,2.00,4.00,10.00,2.96,0.25,,-0.04,0.04,0.96,0.04,0.00,3.00,0.73,10.00
stabilization,3.00,3.64,0.92,4.00,2.00,5.00,11.00,3.56,0.85,,0.56,0.56,0.64,0.00,0.56,4.00,0.63,11.00
stammerer,2.00,2.56,0.53,3.00,2.00,3.00,9.00,2.58,-0.13,,0.58,0.58,0.63,0.00,0.58,3.00,0.31,9.00
structures,3.00,2.40,0.70,2.50,1.00,3.00,10.00,2.35,-0.36,,-0.65,0.65,0.60,0.65,0.00,2.00,0.69,10.00
stylized,3.00,2.58,0.67,3.00,1.00,3.00,12.00,2.51,-0.20,,-0.49,0.49,0.67,0.49,0.00,3.00,0.24,12.00
subleases,3.00,2.82,0.60,3.00,2.00,4.00,11.00,2.85,0.15,,-0.15,0.15,0.87,0.15,0.00,3.00,0.62,11.00
subroutines,3.00,3.11,0.60,3.00,2.00,4.00,9.00,3.10,0.39,,0.10,0.10,0.91,0.00,0.10,3.00,0.11,9.00
suppressors,4.00,2.89,0.60,3.00,2.00,4.00,9.00,2.92,0.22,,-1.08,1.08,0.48,1.08,0.00,3.00,0.61,9.00
sweetener,3.00,2.67,0.49,3.00,2.00,3.00,12.00,2.76,0.05,,-0.24,0.24,0.81,0.24,0.00,3.00,0.80,12.00
synthesizer,4.00,2.80,0.92,2.50,2.00,4.00,10.00,2.85,0.14,,-1.15,1.15,0.46,1.15,0.00,3.00,0.78,10.00
testicular,2.00,2.55,0.69,2.00,2.00,4.00,11.00,2.63,-0.07,,0.63,0.63,0.61,0.00,0.63,3.00,0.80,11.00
theorizing,3.00,3.10,0.32,3.00,3.00,4.00,10.00,3.01,0.31,,0.01,0.01,0.99,0.00,0.01,3.00,0.66,10.00
tightens,3.00,2.30,0.82,2.50,1.00,3.00,10.00,2.44,-0.26,,-0.56,0.56,0.64,0.56,0.00,2.00,0.88,10.00
transcribes,3.00,2.82,0.40,3.00,2.00,3.00,11.00,2.75,0.05,,-0.25,0.25,0.80,0.25,0.00,3.00,0.17,11.00
transitive,2.00,2.25,0.75,2.00,1.00,3.00,12.00,2.48,-0.23,,0.48,0.48,0.68,0.00,0.48,2.00,0.61,12.00
ultraconservatives,4.00,4.36,0.92,4.00,3.00,6.00,11.00,4.20,1.50,,0.20,0.20,0.83,0.00,0.20,4.00,0.55,11.00
unchanged,3.00,2.89,0.33,3.00,2.00,3.00,9.00,2.89,0.19,,-0.11,0.11,0.90,0.11,0.00,3.00,0.47,9.00
undercut,2.00,2.30,0.48,2.00,2.00,3.00,10.00,2.30,-0.41,,0.30,0.30,0.77,0.00,0.30,2.00,0.42,10.00
unfairness,3.00,3.09,0.30,3.00,3.00,4.00,11.00,2.99,0.28,,-0.01,0.01,0.99,0.01,0.00,3.00,0.61,11.00
unhealthily,4.00,3.18,0.40,3.00,3.00,4.00,11.00,3.07,0.36,,-0.93,0.93,0.52,0.93,0.00,3.00,0.73,11.00
uniformity,3.00,3.00,0.45,3.00,2.00,4.00,11.00,3.02,0.31,,0.02,0.02,0.98,0.00,0.02,3.00,0.80,11.00
unionizing,4.00,2.91,0.54,3.00,2.00,4.00,11.00,2.98,0.27,,-1.02,1.02,0.49,1.02,0.00,3.00,0.84,11.00
unlocked,3.00,2.92,0.29,3.00,2.00,3.00,12.00,2.70,0.00,,-0.30,0.30,0.77,0.30,0.00,3.00,0.42,12.00
unnaturally,4.00,3.55,0.82,4.00,2.00,5.00,11.00,3.43,0.73,,-0.57,0.57,0.64,0.57,0.00,3.00,0.65,11.00
unresponsive,3.00,2.92,0.51,3.00,2.00,4.00,12.00,2.93,0.23,,-0.07,0.07,0.94,0.07,0.00,3.00,0.45,12.00
unsaturated,4.00,3.36,0.67,3.00,3.00,5.00,11.00,3.22,0.51,,-0.78,0.78,0.56,0.78,0.00,3.00,0.64,11.00
unsettle,2.00,2.50,0.52,2.50,2.00,3.00,12.00,2.36,-0.35,,0.36,0.36,0.74,0.00,0.36,2.00,0.60,12.00
unshaved,3.00,2.80,0.42,3.00,2.00,3.00,10.00,2.77,0.06,,-0.23,0.23,0.81,0.23,0.00,3.00,0.51,10.00
unsuitable,3.00,2.92,0.29,3.00,2.00,3.00,12.00,2.96,0.25,,-0.04,0.04,0.96,0.04,0.00,3.00,0.34,12.00
untangled,3.00,3.00,0.00,3.00,3.00,3.00,10.00,2.82,0.11,,-0.18,0.18,0.85,0.18,0.00,3.00,,10.00
untreated,3.00,3.00,0.00,3.00,3.00,3.00,12.00,2.88,0.17,,-0.12,0.12,0.89,0.12,0.00,3.00,,12.00
unwelcome,2.00,2.46,0.66,3.00,1.00,3.00,13.00,2.39,-0.32,,0.39,0.39,0.72,0.00,0.39,2.00,0.59,13.00
unwritten,3.00,2.78,0.44,3.00,2.00,3.00,9.00,2.78,0.08,,-0.22,0.22,0.82,0.22,0.00,3.00,0.37,9.00
upcoming,3.00,2.90,0.32,3.00,2.00,3.00,10.00,2.91,0.21,,-0.09,0.09,0.92,0.09,0.00,3.00,0.32,10.00
urbanisation,3.00,3.27,1.01,3.00,2.00,5.00,11.00,3.23,0.52,,0.23,0.23,0.81,0.00,0.23,3.00,0.85,11.00
visibility,3.00,2.75,0.75,3.00,2.00,4.00,12.00,2.82,0.12,,-0.18,0.18,0.85,0.18,0.00,3.00,0.42,12.00
worthiness,3.00,2.83,0.39,3.00,2.00,3.00,12.00,2.80,0.09,,-0.20,0.20,0.83,0.20,0.00,3.00,0.21,12.00
announcements,4.00,3.23,0.73,3.00,2.00,4.00,13.00,3.31,0.61,,-0.69,0.69,0.59,0.69,0.00,3.00,0.36,13.00
convulsions,3.00,3.09,0.70,3.00,2.00,4.00,11.00,3.08,0.38,,0.08,0.08,0.92,0.00,0.08,3.00,0.51,11.00
delectable,2.00,2.69,0.63,3.00,2.00,4.00,13.00,2.71,0.00,,0.71,0.71,0.59,0.00,0.71,3.00,0.28,13.00
denominators,5.00,3.85,0.90,4.00,2.00,5.00,13.00,3.77,1.07,,-1.23,1.23,0.45,1.23,0.00,4.00,0.35,13.00
departures,3.00,3.10,0.88,3.00,2.00,4.00,10.00,3.14,0.43,,0.14,0.14,0.88,0.00,0.14,3.00,0.25,10.00
desensitized,4.00,3.50,0.52,3.50,3.00,4.00,12.00,3.50,0.79,,-0.50,0.50,0.67,0.50,0.00,3.00,0.53,12.00
destructiveness,4.00,3.27,0.79,3.00,2.00,4.00,11.00,3.23,0.52,,-0.77,0.77,0.56,0.77,0.00,3.00,0.79,11.00
disbelievers,4.00,3.50,0.53,3.50,3.00,4.00,10.00,3.51,0.80,,-0.49,0.49,0.67,0.49,0.00,4.00,0.48,10.00
disempowerment,3.00,3.64,0.67,4.00,2.00,4.00,11.00,3.67,0.97,,0.67,0.67,0.60,0.00,0.67,4.00,0.81,11.00
eventualities,4.00,3.80,1.23,4.00,2.00,6.00,10.00,3.79,1.08,,-0.21,0.21,0.82,0.21,0.00,4.00,0.87,10.00
exhibitionist,4.00,3.27,0.79,3.00,2.00,4.00,11.00,3.25,0.54,,-0.75,0.75,0.57,0.75,0.00,3.00,0.68,11.00
existentialists,6.00,4.09,1.22,4.00,1.00,5.00,11.00,3.98,1.28,,-2.02,2.02,0.33,2.02,0.00,4.00,0.90,11.00
internalised,5.00,3.33,0.98,3.50,2.00,5.00,12.00,3.33,0.63,,-1.67,1.67,0.38,1.67,0.00,3.00,0.75,12.00
invalidates,4.00,3.08,0.51,3.00,2.00,4.00,12.00,3.22,0.51,,-0.78,0.78,0.56,0.78,0.00,3.00,0.48,12.00
invariability,4.00,3.64,1.50,3.00,1.00,7.00,11.00,3.71,1.01,,-0.29,0.29,0.78,0.29,0.00,4.00,0.80,11.00
nonoverlapping,3.00,3.93,0.47,4.00,3.00,5.00,14.00,3.91,1.20,,0.91,0.91,0.52,0.00,0.91,4.00,0.60,14.00
offhandedly,4.00,3.70,0.48,4.00,3.00,4.00,10.00,3.56,0.86,,-0.44,0.44,0.70,0.44,0.00,4.00,0.51,10.00
outfielders,4.00,3.18,0.87,3.00,1.00,4.00,11.00,3.09,0.39,,-0.91,0.91,0.52,0.91,0.00,3.00,0.82,11.00
patronizingly,4.00,3.56,0.73,3.00,3.00,5.00,9.00,3.55,0.85,,-0.45,0.45,0.69,0.45,0.00,4.00,0.24,9.00
postulations,4.00,3.33,0.49,3.00,3.00,4.00,12.00,3.39,0.68,,-0.61,0.61,0.62,0.61,0.00,3.00,0.57,12.00
recapped,3.00,3.00,0.43,3.00,2.00,4.00,12.00,2.80,0.10,,-0.20,0.20,0.83,0.20,0.00,3.00,-0.34,12.00
reinstituted,3.00,3.36,0.50,3.00,3.00,4.00,11.00,3.35,0.64,,0.35,0.35,0.74,0.00,0.35,3.00,0.13,11.00
revivals,4.00,3.27,0.79,3.00,2.00,4.00,11.00,3.13,0.42,,-0.87,0.87,0.53,0.87,0.00,3.00,0.47,11.00
semiconductor,4.00,3.20,0.63,3.00,2.00,4.00,10.00,3.22,0.51,,-0.78,0.78,0.56,0.78,0.00,3.00,0.80,10.00
solidification,3.00,3.80,0.92,4.00,2.00,5.00,10.00,3.72,1.02,,0.72,0.72,0.58,0.00,0.72,4.00,0.69,10.00
unconstitutional,5.00,3.77,1.09,4.00,2.00,6.00,13.00,3.81,1.10,,-1.19,1.19,0.46,1.19,0.00,4.00,0.81,13.00
undersecretaries,3.00,4.09,1.30,4.00,2.00,6.00,11.00,3.91,1.20,,0.91,0.91,0.52,0.00,0.91,4.00,0.79,11.00
unquestionable,4.00,3.73,0.79,4.00,3.00,5.00,11.00,3.54,0.84,,-0.46,0.46,0.69,0.46,0.00,4.00,0.94,11.00
unselfishly,4.00,3.44,0.53,3.00,3.00,4.00,9.00,3.32,0.61,,-0.68,0.68,0.59,0.68,0.00,3.00,0.25,9.00
untraditional,3.00,3.70,0.82,3.50,3.00,5.00,10.00,3.51,0.81,,0.51,0.51,0.66,0.00,0.51,4.00,0.80,10.00
reinvigorated,3.00,3.64,1.03,3.00,2.00,5.00,11.00,3.75,1.05,,0.75,0.75,0.57,0.00,0.75,4.00,0.79,11.00
suburbanized,5.00,3.55,0.69,3.00,3.00,5.00,11.00,3.69,0.98,,-1.31,1.31,0.43,1.31,0.00,4.00,0.54,11.00
subleased,3.00,2.91,0.30,3.00,2.00,3.00,11.00,2.87,0.17,,-0.13,0.13,0.89,0.13,0.00,3.00,0.61,11.00
literal,2.00,1.50,0.52,1.50,1.00,2.00,12.00,1.63,-1.07,,-0.37,0.37,0.73,0.37,0.00,2.00,0.56,12.00
unify,2.00,1.82,0.40,2.00,1.00,2.00,11.00,1.93,-0.78,,-0.07,0.07,0.93,0.07,0.00,2.00,0.22,11.00
urinal,2.00,1.75,0.62,2.00,1.00,3.00,12.00,1.79,-0.91,,-0.21,0.21,0.83,0.21,0.00,2.00,0.56,12.00
action,2.00,1.80,0.42,2.00,1.00,2.00,10.00,1.85,-0.85,,-0.15,0.15,0.87,0.15,0.00,2.00,0.73,10.00
adaptable,2.00,2.17,0.72,2.00,1.00,4.00,12.00,2.31,-0.40,,0.31,0.31,0.77,0.00,0.31,2.00,0.45,12.00
allergic,2.00,2.00,0.60,2.00,1.00,3.00,12.00,2.07,-0.63,,0.07,0.07,0.93,0.00,0.07,2.00,0.36,12.00
analyzer,3.00,2.36,0.81,2.00,1.00,4.00,11.00,2.39,-0.31,,-0.61,0.61,0.62,0.61,0.00,2.00,0.72,11.00
answerable,2.00,2.27,0.47,2.00,2.00,3.00,11.00,2.23,-0.47,,0.23,0.23,0.81,0.00,0.23,2.00,0.51,11.00
boozer,2.00,2.08,0.29,2.00,2.00,3.00,12.00,2.08,-0.63,,0.08,0.08,0.93,0.00,0.08,2.00,0.31,12.00
browner,2.00,2.00,0.00,2.00,2.00,2.00,12.00,1.93,-0.77,,-0.07,0.07,0.94,0.07,0.00,2.00,,12.00
bummer,2.00,2.00,0.00,2.00,2.00,2.00,12.00,1.90,-0.81,,-0.10,0.10,0.91,0.10,0.00,2.00,,12.00
chargeable,2.00,2.08,0.28,2.00,2.00,3.00,13.00,2.26,-0.45,,0.26,0.26,0.80,0.00,0.26,2.00,0.59,13.00
chiller,2.00,1.90,0.32,2.00,1.00,2.00,10.00,2.17,-0.54,,0.17,0.17,0.86,0.00,0.17,2.00,0.61,10.00
commonness,2.00,2.27,0.47,2.00,2.00,3.00,11.00,2.37,-0.34,,0.37,0.37,0.73,0.00,0.37,2.00,0.58,11.00
criticized,3.00,2.58,0.51,3.00,2.00,3.00,12.00,2.68,-0.03,,-0.32,0.32,0.76,0.32,0.00,3.00,0.70,12.00
defeatism,2.00,2.55,0.52,3.00,2.00,3.00,11.00,2.50,-0.20,,0.50,0.50,0.66,0.00,0.50,3.00,0.40,11.00
defrost,2.00,2.00,0.00,2.00,2.00,2.00,11.00,1.95,-0.76,,-0.05,0.05,0.95,0.05,0.00,2.00,,11.00
degenerate,3.00,2.54,0.88,2.00,1.00,4.00,13.00,2.66,-0.05,,-0.34,0.34,0.74,0.34,0.00,3.00,0.80,13.00
deport,2.00,1.92,0.29,2.00,1.00,2.00,12.00,2.06,-0.64,,0.06,0.06,0.94,0.00,0.06,2.00,-0.32,12.00
disbelief,2.00,2.09,0.30,2.00,2.00,3.00,11.00,2.20,-0.50,,0.20,0.20,0.83,0.00,0.20,2.00,0.50,11.00
dizzier,2.00,2.00,0.43,2.00,1.00,3.00,12.00,2.00,-0.70,,0.00,0.00,1.00,0.00,0.00,2.00,0.68,12.00
doctoral,2.00,2.25,0.46,2.00,2.00,3.00,8.00,2.27,-0.43,,0.27,0.27,0.78,0.00,0.27,2.00,0.73,8.00
dumper,2.00,2.00,0.00,2.00,2.00,2.00,11.00,2.17,-0.54,,0.17,0.17,0.86,0.00,0.17,2.00,,11.00
duster,2.00,2.00,0.00,2.00,2.00,2.00,11.00,1.94,-0.76,,-0.06,0.06,0.94,0.06,0.00,2.00,,11.00
encircle,2.00,2.42,0.51,2.00,2.00,3.00,12.00,2.29,-0.42,,0.29,0.29,0.78,0.00,0.29,2.00,0.64,12.00
expertly,2.00,2.09,0.30,2.00,2.00,3.00,11.00,2.24,-0.47,,0.24,0.24,0.81,0.00,0.24,2.00,0.37,11.00
fanciful,2.00,2.42,0.51,2.00,2.00,3.00,12.00,2.37,-0.34,,0.37,0.37,0.73,0.00,0.37,2.00,0.44,12.00
fashionable,2.00,2.36,0.67,2.00,2.00,4.00,11.00,2.55,-0.16,,0.55,0.55,0.65,0.00,0.55,3.00,0.62,11.00
featureless,2.00,2.36,0.50,2.00,2.00,3.00,11.00,2.39,-0.31,,0.39,0.39,0.72,0.00,0.39,2.00,0.60,11.00
fidgety,2.00,2.07,0.46,2.00,1.00,3.00,15.00,2.12,-0.59,,0.12,0.12,0.90,0.00,0.12,2.00,0.85,15.00
financier,2.00,2.50,0.76,2.50,1.00,4.00,14.00,2.47,-0.24,,0.47,0.47,0.68,0.00,0.47,2.00,0.72,14.00
fondest,2.00,1.90,0.32,2.00,1.00,2.00,10.00,2.12,-0.59,,0.12,0.12,0.89,0.00,0.12,2.00,0.85,10.00
foolish,2.00,2.00,0.00,2.00,2.00,2.00,13.00,2.13,-0.57,,0.13,0.13,0.88,0.00,0.13,2.00,,13.00
forerunner,3.00,2.70,0.48,3.00,2.00,3.00,10.00,2.95,0.25,,-0.05,0.05,0.95,0.05,0.00,3.00,0.55,10.00
formerly,2.00,2.60,0.52,3.00,2.00,3.00,10.00,2.62,-0.08,,0.62,0.62,0.62,0.00,0.62,3.00,0.31,10.00
frontally,3.00,2.45,0.52,2.00,2.00,3.00,11.00,2.39,-0.32,,-0.61,0.61,0.62,0.61,0.00,2.00,0.27,11.00
funkier,3.00,2.30,0.67,2.00,1.00,3.00,10.00,2.36,-0.35,,-0.64,0.64,0.61,0.64,0.00,2.00,0.79,10.00
fuzziness,3.00,2.60,0.70,2.50,2.00,4.00,10.00,2.58,-0.12,,-0.42,0.42,0.71,0.42,0.00,3.00,0.74,10.00
gardener,2.00,2.25,0.45,2.00,2.00,3.00,12.00,2.23,-0.47,,0.23,0.23,0.81,0.00,0.23,2.00,0.72,12.00
greater,2.00,2.22,0.67,2.00,2.00,4.00,9.00,2.20,-0.51,,0.20,0.20,0.84,0.00,0.20,2.00,-0.48,9.00
icily,3.00,2.18,0.75,2.00,1.00,3.00,11.00,2.24,-0.47,,-0.76,0.76,0.57,0.76,0.00,2.00,0.60,11.00
inaudible,3.00,2.75,0.62,3.00,2.00,4.00,12.00,2.65,-0.05,,-0.35,0.35,0.74,0.35,0.00,3.00,0.32,12.00
instruction,3.00,2.58,0.51,3.00,2.00,3.00,12.00,2.55,-0.16,,-0.45,0.45,0.69,0.45,0.00,3.00,0.74,12.00
intercourse,2.00,2.25,0.75,2.00,1.00,4.00,12.00,2.24,-0.46,,0.24,0.24,0.80,0.00,0.24,2.00,0.54,12.00
jazzy,2.00,1.75,0.45,2.00,1.00,2.00,12.00,1.81,-0.90,,-0.19,0.19,0.84,0.19,0.00,2.00,0.50,12.00
jollier,3.00,1.90,0.32,2.00,1.00,2.00,10.00,2.14,-0.57,,-0.86,0.86,0.54,0.86,0.00,2.00,0.91,10.00
lactation,2.00,2.18,0.60,2.00,1.00,3.00,11.00,2.24,-0.47,,0.24,0.24,0.81,0.00,0.24,2.00,0.62,11.00
larger,2.00,2.00,0.00,2.00,2.00,2.00,11.00,1.91,-0.80,,-0.09,0.09,0.91,0.09,0.00,2.00,,11.00
leafless,2.00,2.00,0.00,2.00,2.00,2.00,10.00,2.06,-0.65,,0.06,0.06,0.95,0.00,0.06,2.00,,10.00
legalize,2.00,2.10,0.32,2.00,2.00,3.00,10.00,2.11,-0.59,,0.11,0.11,0.90,0.00,0.11,2.00,0.41,10.00
malicious,2.00,2.00,0.60,2.00,1.00,3.00,12.00,2.05,-0.66,,0.05,0.05,0.95,0.00,0.05,2.00,0.46,12.00
markers,3.00,2.36,0.50,2.00,2.00,3.00,14.00,2.40,-0.30,,-0.60,0.60,0.63,0.60,0.00,2.00,0.18,14.00
mergers,3.00,2.33,0.49,2.00,2.00,3.00,12.00,2.35,-0.35,,-0.65,0.65,0.61,0.65,0.00,2.00,0.53,12.00
mountainous,2.00,2.18,0.40,2.00,2.00,3.00,11.00,2.18,-0.52,,0.18,0.18,0.85,0.00,0.18,2.00,0.77,11.00
oldish,2.00,2.00,0.00,2.00,2.00,2.00,11.00,2.03,-0.67,,0.03,0.03,0.97,0.00,0.03,2.00,,11.00
outvoting,3.00,2.67,0.49,3.00,2.00,3.00,12.00,2.76,0.06,,-0.24,0.24,0.81,0.24,0.00,3.00,0.62,12.00
oversee,2.00,2.00,0.43,2.00,1.00,3.00,12.00,2.07,-0.64,,0.07,0.07,0.94,0.00,0.07,2.00,0.88,12.00
oversell,2.00,2.00,0.00,2.00,2.00,2.00,13.00,2.16,-0.55,,0.16,0.16,0.87,0.00,0.16,2.00,,13.00
pollution,2.00,2.18,0.40,2.00,2.00,3.00,11.00,2.26,-0.44,,0.26,0.26,0.79,0.00,0.26,2.00,0.72,11.00
poorness,2.00,2.00,0.47,2.00,1.00,3.00,10.00,2.21,-0.49,,0.21,0.21,0.83,0.00,0.21,2.00,0.88,10.00
populated,3.00,2.50,0.97,2.00,1.00,4.00,10.00,2.72,0.01,,-0.28,0.28,0.78,0.28,0.00,3.00,0.67,10.00
potency,2.00,2.08,0.29,2.00,2.00,3.00,12.00,2.18,-0.53,,0.18,0.18,0.85,0.00,0.18,2.00,0.26,12.00
preserve,2.00,1.90,0.57,2.00,1.00,3.00,10.00,1.87,-0.83,,-0.13,0.13,0.89,0.13,0.00,2.00,0.24,10.00
prowler,2.00,2.00,0.45,2.00,1.00,3.00,11.00,2.10,-0.61,,0.10,0.10,0.91,0.00,0.10,2.00,0.07,11.00
radiator,3.00,2.33,1.00,2.00,1.00,4.00,9.00,2.41,-0.30,,-0.59,0.59,0.63,0.59,0.00,2.00,0.79,9.00
rebound,2.00,2.10,0.32,2.00,2.00,3.00,10.00,2.13,-0.57,,0.13,0.13,0.88,0.00,0.13,2.00,-0.24,10.00
rededicate,2.00,3.00,0.67,3.00,2.00,4.00,10.00,2.91,0.20,,0.91,0.91,0.52,0.00,0.91,3.00,0.68,10.00
refinance,2.00,2.46,0.52,2.00,2.00,3.00,13.00,2.43,-0.28,,0.43,0.43,0.70,0.00,0.43,2.00,0.47,13.00
restful,2.00,2.00,0.00,2.00,2.00,2.00,12.00,2.13,-0.57,,0.13,0.13,0.88,0.00,0.13,2.00,,12.00
ridiculousness,3.00,3.00,1.00,3.00,2.00,5.00,11.00,2.93,0.22,,-0.07,0.07,0.93,0.07,0.00,3.00,0.58,11.00
riotous,2.00,1.92,0.29,2.00,1.00,2.00,12.00,1.91,-0.79,,-0.09,0.09,0.92,0.09,0.00,2.00,0.51,12.00
riskiness,3.00,2.36,0.50,2.00,2.00,3.00,11.00,2.50,-0.20,,-0.50,0.50,0.67,0.50,0.00,3.00,0.55,11.00
safeness,2.00,2.00,0.00,2.00,2.00,2.00,10.00,1.98,-0.72,,-0.02,0.02,0.98,0.02,0.00,2.00,,10.00
scenery,2.00,2.00,0.60,2.00,1.00,3.00,12.00,2.11,-0.59,,0.11,0.11,0.90,0.00,0.11,2.00,0.29,12.00
sculptures,3.00,2.33,0.65,2.00,1.00,3.00,12.00,2.48,-0.22,,-0.52,0.52,0.66,0.52,0.00,2.00,0.70,12.00
sequentially,4.00,2.90,1.20,3.00,1.00,5.00,10.00,2.76,0.06,,-1.24,1.24,0.45,1.24,0.00,3.00,0.93,10.00
sewerage,3.00,2.09,0.30,2.00,2.00,3.00,11.00,2.10,-0.60,,-0.90,0.90,0.53,0.90,0.00,2.00,0.30,11.00
shakiness,3.00,2.58,0.67,3.00,1.00,3.00,12.00,2.66,-0.05,,-0.34,0.34,0.75,0.34,0.00,3.00,0.57,12.00
slightly,2.00,2.20,0.42,2.00,2.00,3.00,10.00,2.27,-0.44,,0.27,0.27,0.79,0.00,0.27,2.00,0.42,10.00
smudgy,2.00,1.92,0.29,2.00,1.00,2.00,12.00,2.07,-0.64,,0.07,0.07,0.94,0.00,0.07,2.00,0.33,12.00
snapper,2.00,1.92,0.51,2.00,1.00,3.00,12.00,1.98,-0.72,,-0.02,0.02,0.98,0.02,0.00,2.00,0.27,12.00
socialiser,4.00,3.09,0.54,3.00,2.00,4.00,11.00,3.09,0.39,,-0.91,0.91,0.52,0.91,0.00,3.00,0.03,11.00
socialize,3.00,2.25,0.62,2.00,1.00,3.00,12.00,2.13,-0.57,,-0.87,0.87,0.54,0.87,0.00,2.00,0.35,12.00
stiffen,2.00,2.00,0.00,2.00,2.00,2.00,11.00,1.99,-0.71,,-0.01,0.01,0.99,0.01,0.00,2.00,,11.00
teeniest,3.00,2.00,0.71,2.00,1.00,3.00,9.00,2.22,-0.48,,-0.78,0.78,0.56,0.78,0.00,2.00,0.56,9.00
toaster,2.00,1.92,0.29,2.00,1.00,2.00,12.00,1.92,-0.79,,-0.08,0.08,0.93,0.08,0.00,2.00,0.35,12.00
topmost,2.00,2.00,0.00,2.00,2.00,2.00,9.00,1.98,-0.73,,-0.02,0.02,0.98,0.02,0.00,2.00,,9.00
torturer,2.00,2.33,0.49,2.00,2.00,3.00,12.00,2.37,-0.34,,0.37,0.37,0.73,0.00,0.37,2.00,0.61,12.00
tranquillize,2.00,2.42,0.67,2.00,2.00,4.00,12.00,2.38,-0.33,,0.38,0.38,0.73,0.00,0.38,2.00,0.29,12.00
transfix,2.00,2.09,0.30,2.00,2.00,3.00,11.00,2.20,-0.51,,0.20,0.20,0.83,0.00,0.20,2.00,0.41,11.00
tutorials,3.00,2.67,0.71,3.00,2.00,4.00,9.00,2.53,-0.17,,-0.47,0.47,0.68,0.47,0.00,3.00,0.89,9.00
uncertain,2.00,2.36,0.50,2.00,2.00,3.00,11.00,2.41,-0.30,,0.41,0.41,0.71,0.00,0.41,2.00,0.44,11.00
underfloor,2.00,2.27,0.47,2.00,2.00,3.00,11.00,2.31,-0.40,,0.31,0.31,0.76,0.00,0.31,2.00,0.33,11.00
unionise,2.00,2.45,0.69,2.00,2.00,4.00,11.00,2.41,-0.30,,0.41,0.41,0.71,0.00,0.41,2.00,0.34,11.00
unnerve,2.00,2.00,0.00,2.00,2.00,2.00,12.00,2.07,-0.63,,0.07,0.07,0.93,0.00,0.07,2.00,,12.00
untruth,2.00,2.08,0.29,2.00,2.00,3.00,12.00,2.05,-0.65,,0.05,0.05,0.95,0.00,0.05,2.00,0.36,12.00
upset,2.00,1.83,0.39,2.00,1.00,2.00,12.00,1.99,-0.71,,-0.01,0.01,0.99,0.01,0.00,2.00,-0.03,12.00
warmest,2.00,2.00,0.00,2.00,2.00,2.00,11.00,2.14,-0.57,,0.14,0.14,0.88,0.00,0.14,2.00,,11.00
wildly,2.00,2.00,0.00,2.00,2.00,2.00,10.00,2.03,-0.67,,0.03,0.03,0.97,0.00,0.03,2.00,,10.00
wooden,2.00,2.09,0.30,2.00,2.00,3.00,11.00,2.26,-0.45,,0.26,0.26,0.80,0.00,0.26,2.00,0.80,11.00
written,2.00,1.90,0.32,2.00,1.00,2.00,10.00,1.96,-0.75,,-0.04,0.04,0.96,0.04,0.00,2.00,0.14,10.00
abbreviates,4.00,2.30,0.67,2.00,1.00,3.00,10.00,2.43,-0.27,,-1.57,1.57,0.39,1.57,0.00,2.00,0.84,10.00
abducting,3.00,2.44,0.53,2.00,2.00,3.00,9.00,2.51,-0.19,,-0.49,0.49,0.67,0.49,0.00,3.00,0.79,9.00
accession,3.00,2.30,0.95,2.00,1.00,4.00,10.00,2.34,-0.37,,-0.66,0.66,0.60,0.66,0.00,2.00,0.62,10.00
actuality,3.00,2.83,0.94,3.00,2.00,5.00,12.00,2.78,0.07,,-0.22,0.22,0.82,0.22,0.00,3.00,0.86,12.00
agonising,3.00,3.00,0.89,3.00,1.00,4.00,11.00,2.88,0.17,,-0.12,0.12,0.89,0.12,0.00,3.00,0.83,11.00
alleviation,3.00,3.18,0.98,3.00,2.00,5.00,11.00,3.06,0.35,,0.06,0.06,0.95,0.00,0.06,3.00,0.42,11.00
altercation,2.00,2.55,0.69,2.00,2.00,4.00,11.00,2.66,-0.05,,0.66,0.66,0.60,0.00,0.66,3.00,0.84,11.00
anecdotal,2.00,2.31,0.63,2.00,1.00,3.00,13.00,2.38,-0.33,,0.38,0.38,0.73,0.00,0.38,2.00,0.29,13.00
antimetaphorical,4.00,3.91,1.04,4.00,2.00,5.00,11.00,3.78,1.08,,-0.22,0.22,0.82,0.22,0.00,4.00,0.56,11.00
antithesis,3.00,2.64,0.81,2.00,2.00,4.00,11.00,2.65,-0.05,,-0.35,0.35,0.74,0.35,0.00,3.00,0.73,11.00
apologies,3.00,2.70,0.67,3.00,2.00,4.00,10.00,2.62,-0.09,,-0.38,0.38,0.72,0.38,0.00,3.00,0.34,10.00
arbitration,3.00,2.80,0.79,3.00,2.00,4.00,10.00,2.81,0.11,,-0.19,0.19,0.84,0.19,0.00,3.00,0.65,10.00
arises,3.00,2.50,0.53,2.50,2.00,3.00,10.00,2.51,-0.19,,-0.49,0.49,0.67,0.49,0.00,3.00,0.72,10.00
awakening,4.00,2.92,0.64,3.00,2.00,4.00,13.00,2.94,0.23,,-1.06,1.06,0.49,1.06,0.00,3.00,0.70,13.00
bigotry,2.00,2.55,0.52,3.00,2.00,3.00,11.00,2.39,-0.31,,0.39,0.39,0.72,0.00,0.39,2.00,0.69,11.00
binocular,3.00,2.42,0.67,2.50,1.00,3.00,12.00,2.56,-0.14,,-0.44,0.44,0.70,0.44,0.00,3.00,0.85,12.00
bucketfuls,3.00,2.91,0.30,3.00,2.00,3.00,11.00,2.98,0.28,,-0.02,0.02,0.98,0.02,0.00,3.00,0.60,11.00
certainties,3.00,2.92,0.51,3.00,2.00,4.00,12.00,2.95,0.24,,-0.05,0.05,0.95,0.05,0.00,3.00,0.58,12.00
circumstantial,3.00,2.82,0.75,3.00,2.00,4.00,11.00,2.89,0.18,,-0.11,0.11,0.90,0.11,0.00,3.00,0.48,11.00
citation,2.00,2.22,0.67,2.00,1.00,3.00,9.00,2.29,-0.41,,0.29,0.29,0.77,0.00,0.29,2.00,0.59,9.00
cohesion,3.00,2.50,0.52,2.50,2.00,3.00,12.00,2.47,-0.23,,-0.53,0.53,0.66,0.53,0.00,2.00,0.63,12.00
conservatives,4.00,3.18,0.75,3.00,2.00,4.00,11.00,3.27,0.56,,-0.73,0.73,0.58,0.73,0.00,3.00,0.34,11.00
controversial,3.00,3.20,0.92,3.00,1.00,4.00,10.00,3.00,0.29,,0.00,0.00,1.00,0.00,0.00,3.00,0.82,10.00
convertibles,4.00,3.27,1.10,3.00,1.00,5.00,11.00,3.29,0.58,,-0.71,0.71,0.58,0.71,0.00,3.00,0.85,11.00
copiers,3.00,2.64,0.92,3.00,1.00,4.00,11.00,2.61,-0.09,,-0.39,0.39,0.72,0.39,0.00,3.00,0.70,11.00
coproducer,3.00,3.08,0.49,3.00,2.00,4.00,13.00,3.03,0.32,,0.03,0.03,0.97,0.00,0.03,3.00,0.68,13.00
craftier,3.00,2.33,0.49,2.00,2.00,3.00,12.00,2.37,-0.34,,-0.63,0.63,0.61,0.63,0.00,2.00,0.21,12.00
cuddlier,3.00,2.27,0.47,2.00,2.00,3.00,11.00,2.39,-0.31,,-0.61,0.61,0.62,0.61,0.00,2.00,0.44,11.00
cuddliest,3.00,2.45,0.52,2.00,2.00,3.00,11.00,2.47,-0.23,,-0.53,0.53,0.65,0.53,0.00,2.00,0.64,11.00
deformed,3.00,2.90,0.32,3.00,2.00,3.00,10.00,2.92,0.21,,-0.08,0.08,0.92,0.08,0.00,3.00,-0.12,10.00
delegitimise,3.00,3.08,0.64,3.00,2.00,4.00,13.00,3.08,0.37,,0.08,0.08,0.93,0.00,0.08,3.00,0.51,13.00
demagnetize,3.00,3.08,0.49,3.00,2.00,4.00,13.00,3.00,0.29,,0.00,0.00,1.00,0.00,0.00,3.00,0.49,13.00
depends,3.00,2.50,0.52,2.50,2.00,3.00,12.00,2.56,-0.15,,-0.44,0.44,0.69,0.44,0.00,3.00,-0.25,12.00
depopulation,4.00,3.33,0.71,3.00,3.00,5.00,9.00,3.31,0.61,,-0.69,0.69,0.59,0.69,0.00,3.00,0.87,9.00
depressive,3.00,2.18,0.87,2.00,1.00,3.00,11.00,2.37,-0.34,,-0.63,0.63,0.61,0.63,0.00,2.00,0.71,11.00
desperately,2.00,2.67,0.87,2.00,2.00,4.00,9.00,2.71,0.01,,0.71,0.71,0.58,0.00,0.71,3.00,0.60,9.00
developers,3.00,3.08,0.51,3.00,2.00,4.00,12.00,2.98,0.28,,-0.02,0.02,0.98,0.02,0.00,3.00,0.24,12.00
dippers,3.00,2.82,0.60,3.00,2.00,4.00,11.00,2.75,0.05,,-0.25,0.25,0.80,0.25,0.00,3.00,-0.20,11.00
disobedience,3.00,2.85,0.55,3.00,2.00,4.00,13.00,2.91,0.21,,-0.09,0.09,0.92,0.09,0.00,3.00,0.78,13.00
downhearted,3.00,3.00,0.50,3.00,2.00,4.00,9.00,2.97,0.26,,-0.03,0.03,0.97,0.03,0.00,3.00,0.69,9.00
droplets,3.00,2.82,0.40,3.00,2.00,3.00,11.00,2.72,0.02,,-0.28,0.28,0.78,0.28,0.00,3.00,0.41,11.00
elevation,2.00,2.73,0.90,3.00,1.00,4.00,11.00,2.75,0.05,,0.75,0.75,0.57,0.00,0.75,3.00,0.85,11.00
enlivens,4.00,3.09,0.54,3.00,2.00,4.00,11.00,3.08,0.38,,-0.92,0.92,0.52,0.92,0.00,3.00,-0.17,11.00
entailing,3.00,2.83,0.39,3.00,2.00,3.00,12.00,2.64,-0.06,,-0.36,0.36,0.74,0.36,0.00,3.00,0.76,12.00
entitling,3.00,2.64,0.50,3.00,2.00,3.00,11.00,2.85,0.14,,-0.15,0.15,0.87,0.15,0.00,3.00,0.37,11.00
entrenched,3.00,2.85,0.38,3.00,2.00,3.00,13.00,2.72,0.01,,-0.28,0.28,0.78,0.28,0.00,3.00,0.54,13.00
envisioned,4.00,3.18,0.60,3.00,2.00,4.00,11.00,3.09,0.38,,-0.91,0.91,0.52,0.91,0.00,3.00,0.88,11.00
epicenter,2.00,2.40,0.84,2.00,1.00,4.00,10.00,2.58,-0.12,,0.58,0.58,0.63,0.00,0.58,3.00,0.83,10.00
expedition,4.00,2.91,0.83,3.00,2.00,4.00,11.00,2.81,0.11,,-1.19,1.19,0.46,1.19,0.00,3.00,0.73,11.00
factorized,4.00,3.09,0.54,3.00,2.00,4.00,11.00,3.03,0.32,,-0.97,0.97,0.51,0.97,0.00,3.00,0.38,11.00
flabbier,3.00,2.67,0.50,3.00,2.00,3.00,9.00,2.66,-0.05,,-0.34,0.34,0.74,0.34,0.00,3.00,0.53,9.00
flattened,3.00,2.64,0.50,3.00,2.00,3.00,11.00,2.77,0.06,,-0.23,0.23,0.81,0.23,0.00,3.00,0.47,11.00
floppiness,3.00,2.92,0.29,3.00,2.00,3.00,12.00,2.73,0.02,,-0.27,0.27,0.79,0.27,0.00,3.00,0.51,12.00
forebears,3.00,2.67,0.49,3.00,2.00,3.00,12.00,2.66,-0.04,,-0.34,0.34,0.75,0.34,0.00,3.00,0.35,12.00
foreclosing,3.00,2.75,0.45,3.00,2.00,3.00,12.00,2.76,0.05,,-0.24,0.24,0.81,0.24,0.00,3.00,0.54,12.00
foretells,3.00,2.67,0.49,3.00,2.00,3.00,12.00,2.60,-0.10,,-0.40,0.40,0.72,0.40,0.00,3.00,0.14,12.00
fraudulent,2.00,2.67,0.49,3.00,2.00,3.00,12.00,2.66,-0.04,,0.66,0.66,0.60,0.00,0.66,3.00,0.30,12.00
freshers,3.00,2.42,0.79,3.00,1.00,3.00,12.00,2.53,-0.17,,-0.47,0.47,0.68,0.47,0.00,3.00,0.64,12.00
fussier,3.00,2.09,0.70,2.00,1.00,3.00,11.00,2.33,-0.37,,-0.67,0.67,0.60,0.67,0.00,2.00,0.73,11.00
governments,3.00,2.42,0.67,2.50,1.00,3.00,12.00,2.60,-0.10,,-0.40,0.40,0.72,0.40,0.00,3.00,0.69,12.00
historian,3.00,2.09,0.54,2.00,1.00,3.00,11.00,2.11,-0.59,,-0.89,0.89,0.53,0.89,0.00,2.00,0.20,11.00
hypnotizing,3.00,2.82,0.60,3.00,2.00,4.00,11.00,2.81,0.10,,-0.19,0.19,0.84,0.19,0.00,3.00,0.66,11.00
identifiably,4.00,3.17,0.58,3.00,2.00,4.00,12.00,3.06,0.36,,-0.94,0.94,0.52,0.94,0.00,3.00,0.69,12.00
illuminating,4.00,2.67,1.00,3.00,1.00,4.00,9.00,2.69,-0.01,,-1.31,1.31,0.43,1.31,0.00,3.00,0.76,9.00
immensely,2.00,2.64,0.67,3.00,2.00,4.00,11.00,2.64,-0.07,,0.64,0.64,0.61,0.00,0.64,3.00,0.79,11.00
imperfection,4.00,3.00,0.45,3.00,2.00,4.00,11.00,2.98,0.27,,-1.02,1.02,0.49,1.02,0.00,3.00,0.53,11.00
incidence,2.00,2.36,0.67,2.00,1.00,3.00,11.00,2.43,-0.28,,0.43,0.43,0.70,0.00,0.43,2.00,0.36,11.00
inclining,3.00,2.60,0.52,3.00,2.00,3.00,10.00,2.78,0.07,,-0.22,0.22,0.82,0.22,0.00,3.00,0.56,10.00
indecency,3.00,3.00,0.63,3.00,2.00,4.00,11.00,2.98,0.27,,-0.02,0.02,0.98,0.02,0.00,3.00,0.84,11.00
inferiority,2.00,2.91,1.14,3.00,2.00,6.00,11.00,2.88,0.18,,0.88,0.88,0.53,0.00,0.88,3.00,0.90,11.00
inhaling,3.00,2.56,0.53,3.00,2.00,3.00,9.00,2.55,-0.15,,-0.45,0.45,0.69,0.45,0.00,3.00,0.75,9.00
intensively,3.00,3.40,0.70,3.50,2.00,4.00,10.00,3.27,0.56,,0.27,0.27,0.79,0.00,0.27,3.00,0.50,10.00
interpretive,2.00,3.00,0.60,3.00,2.00,4.00,12.00,2.96,0.25,,0.96,0.96,0.51,0.00,0.96,3.00,0.74,12.00
interracially,4.00,3.25,0.45,3.00,3.00,4.00,12.00,3.23,0.52,,-0.77,0.77,0.56,0.77,0.00,3.00,0.41,12.00
intertwined,3.00,3.00,0.67,3.00,2.00,4.00,10.00,3.00,0.30,,0.00,0.00,1.00,0.00,0.00,3.00,0.87,10.00
joblessness,3.00,3.08,0.29,3.00,3.00,4.00,12.00,2.98,0.28,,-0.02,0.02,0.98,0.02,0.00,3.00,-0.05,12.00
kilocalories,3.00,3.55,0.82,3.00,3.00,5.00,11.00,3.43,0.72,,0.43,0.43,0.70,0.00,0.43,3.00,0.83,11.00
leftists,3.00,2.70,0.48,3.00,2.00,3.00,10.00,2.67,-0.03,,-0.33,0.33,0.75,0.33,0.00,3.00,0.61,10.00
librarianship,3.00,2.91,0.70,3.00,2.00,4.00,11.00,2.79,0.09,,-0.21,0.21,0.83,0.21,0.00,3.00,0.52,11.00
marketability,3.00,2.83,1.27,3.00,1.00,6.00,12.00,3.04,0.33,,0.04,0.04,0.96,0.00,0.04,3.00,0.84,12.00
mercifulness,3.00,3.27,0.47,3.00,3.00,4.00,11.00,3.24,0.53,,0.24,0.24,0.81,0.00,0.24,3.00,0.67,11.00
mercilessly,3.00,3.33,0.65,3.00,3.00,5.00,12.00,3.34,0.64,,0.34,0.34,0.75,0.00,0.34,3.00,0.67,12.00
metropolitan,2.00,2.45,0.52,2.00,2.00,3.00,11.00,2.58,-0.12,,0.58,0.58,0.63,0.00,0.58,3.00,0.79,11.00
misfortunes,3.00,2.75,0.62,3.00,2.00,4.00,12.00,2.90,0.19,,-0.10,0.10,0.91,0.10,0.00,3.00,0.89,12.00
misreads,3.00,2.82,0.40,3.00,2.00,3.00,11.00,2.87,0.16,,-0.13,0.13,0.88,0.13,0.00,3.00,0.53,11.00
modulated,3.00,2.64,0.81,2.00,2.00,4.00,11.00,2.72,0.02,,-0.28,0.28,0.78,0.28,0.00,3.00,0.85,11.00
naturalizes,4.00,3.36,0.81,3.00,2.00,5.00,11.00,3.21,0.50,,-0.79,0.79,0.56,0.79,0.00,3.00,0.51,11.00
needlessly,3.00,3.00,0.00,3.00,3.00,3.00,12.00,2.92,0.21,,-0.08,0.08,0.92,0.08,0.00,3.00,,12.00
nominating,3.00,2.64,0.50,3.00,2.00,3.00,11.00,2.74,0.04,,-0.26,0.26,0.80,0.26,0.00,3.00,0.11,11.00
nonpracticing,3.00,3.00,0.50,3.00,2.00,4.00,9.00,3.00,0.29,,0.00,0.00,1.00,0.00,0.00,3.00,0.64,9.00
nonsmoker,3.00,2.80,0.42,3.00,2.00,3.00,10.00,2.78,0.08,,-0.22,0.22,0.82,0.22,0.00,3.00,0.70,10.00
normalising,4.00,2.83,0.72,3.00,1.00,4.00,12.00,2.89,0.18,,-1.11,1.11,0.47,1.11,0.00,3.00,0.80,12.00
northerly,3.00,2.70,0.48,3.00,2.00,3.00,10.00,2.52,-0.18,,-0.48,0.48,0.68,0.48,0.00,3.00,0.59,10.00
outgoings,4.00,2.91,0.54,3.00,2.00,4.00,11.00,3.07,0.37,,-0.93,0.93,0.52,0.93,0.00,3.00,0.80,11.00
outskirts,3.00,2.91,0.30,3.00,2.00,3.00,11.00,2.87,0.17,,-0.13,0.13,0.89,0.13,0.00,3.00,0.24,11.00
overdoses,3.00,2.69,0.48,3.00,2.00,3.00,13.00,2.76,0.06,,-0.24,0.24,0.81,0.24,0.00,3.00,0.06,13.00
overstraining,3.00,3.08,0.28,3.00,3.00,4.00,13.00,3.01,0.31,,0.01,0.01,0.99,0.00,0.01,3.00,0.40,13.00
padlocked,3.00,2.78,0.67,3.00,1.00,3.00,9.00,2.88,0.18,,-0.12,0.12,0.89,0.12,0.00,3.00,0.90,9.00
pancaking,3.00,2.42,1.00,3.00,1.00,4.00,12.00,2.53,-0.18,,-0.47,0.47,0.68,0.47,0.00,3.00,0.76,12.00
payees,3.00,2.36,0.50,2.00,2.00,3.00,11.00,2.46,-0.24,,-0.54,0.54,0.65,0.54,0.00,2.00,0.52,11.00
perishables,3.00,3.18,0.60,3.00,3.00,5.00,11.00,3.06,0.35,,0.06,0.06,0.95,0.00,0.06,3.00,0.27,11.00
perseverance,2.00,3.00,0.60,3.00,2.00,4.00,12.00,2.96,0.25,,0.96,0.96,0.51,0.00,0.96,3.00,0.62,12.00
peskier,2.00,2.17,0.58,2.00,1.00,3.00,12.00,2.27,-0.44,,0.27,0.27,0.79,0.00,0.27,2.00,0.68,12.00
plantation,2.00,2.50,0.85,2.50,1.00,4.00,10.00,2.71,0.01,,0.71,0.71,0.58,0.00,0.71,3.00,0.44,10.00
pragmatism,2.00,1.91,0.70,2.00,1.00,3.00,11.00,2.12,-0.59,,0.12,0.12,0.90,0.00,0.12,2.00,0.40,11.00
preceding,3.00,2.75,0.45,3.00,2.00,3.00,12.00,2.79,0.09,,-0.21,0.21,0.83,0.21,0.00,3.00,0.77,12.00
preoccupy,2.00,2.45,0.52,2.00,2.00,3.00,11.00,2.43,-0.27,,0.43,0.43,0.70,0.00,0.43,2.00,0.06,11.00
procedural,4.00,2.64,0.92,3.00,1.00,4.00,11.00,2.67,-0.03,,-1.33,1.33,0.43,1.33,0.00,3.00,0.85,11.00
proliferation,2.00,3.17,0.83,3.00,2.00,4.00,12.00,3.23,0.52,,1.23,1.23,0.45,0.00,1.23,3.00,0.47,12.00
purchasable,2.00,2.50,0.76,2.00,2.00,4.00,8.00,2.57,-0.13,,0.57,0.57,0.64,0.00,0.57,3.00,0.01,8.00
quadruple,2.00,2.00,0.58,2.00,1.00,3.00,13.00,2.08,-0.63,,0.08,0.08,0.93,0.00,0.08,2.00,0.72,13.00
reabsorption,3.00,3.25,0.45,3.00,3.00,4.00,12.00,3.20,0.50,,0.20,0.20,0.83,0.00,0.20,3.00,0.64,12.00
reanimate,3.00,2.40,0.52,2.00,2.00,3.00,10.00,2.54,-0.16,,-0.46,0.46,0.69,0.46,0.00,3.00,0.61,10.00
recasting,3.00,3.00,0.00,3.00,3.00,3.00,12.00,3.10,0.39,,0.10,0.10,0.91,0.00,0.10,3.00,,12.00
recirculated,4.00,3.18,0.60,3.00,2.00,4.00,11.00,3.26,0.56,,-0.74,0.74,0.58,0.74,0.00,3.00,0.69,11.00
recondition,2.00,2.67,0.65,3.00,2.00,4.00,12.00,2.76,0.06,,0.76,0.76,0.57,0.00,0.76,3.00,0.72,12.00
recuperation,2.00,3.18,0.60,3.00,2.00,4.00,11.00,3.16,0.45,,1.16,1.16,0.46,0.00,1.16,3.00,0.54,11.00
regretfulness,3.00,2.92,0.79,3.00,1.00,4.00,12.00,3.00,0.29,,0.00,0.00,1.00,0.00,0.00,3.00,0.21,12.00
reigniting,3.00,3.10,0.32,3.00,3.00,4.00,10.00,3.15,0.44,,0.15,0.15,0.87,0.00,0.15,3.00,-0.44,10.00
reimburses,4.00,2.83,0.72,3.00,2.00,4.00,12.00,2.88,0.18,,-1.12,1.12,0.47,1.12,0.00,3.00,0.62,12.00
reissued,3.00,3.00,0.43,3.00,2.00,4.00,12.00,2.87,0.16,,-0.13,0.13,0.88,0.13,0.00,3.00,0.55,12.00
remodeled,3.00,3.00,0.00,3.00,3.00,3.00,11.00,2.94,0.23,,-0.06,0.06,0.94,0.06,0.00,3.00,,11.00
restates,3.00,2.75,0.62,3.00,2.00,4.00,12.00,2.82,0.12,,-0.18,0.18,0.85,0.18,0.00,3.00,0.76,12.00
retaliation,2.00,3.17,0.72,3.00,2.00,5.00,12.00,3.06,0.36,,1.06,1.06,0.48,0.00,1.06,3.00,0.68,12.00
revaluation,4.00,3.33,0.50,3.00,3.00,4.00,9.00,3.22,0.52,,-0.78,0.78,0.56,0.78,0.00,3.00,0.67,9.00
satirizes,3.00,2.50,0.71,3.00,1.00,3.00,10.00,2.63,-0.07,,-0.37,0.37,0.73,0.37,0.00,3.00,0.64,10.00
shadier,3.00,2.64,0.50,3.00,2.00,3.00,11.00,2.60,-0.10,,-0.40,0.40,0.72,0.40,0.00,3.00,0.29,11.00
signers,3.00,2.64,0.50,3.00,2.00,3.00,11.00,2.62,-0.08,,-0.38,0.38,0.73,0.38,0.00,3.00,-0.85,11.00
sitters,3.00,2.60,0.70,3.00,1.00,3.00,10.00,2.56,-0.15,,-0.44,0.44,0.69,0.44,0.00,3.00,0.50,10.00
solicitors,3.00,3.25,0.62,3.00,2.00,4.00,12.00,3.08,0.37,,0.08,0.08,0.93,0.00,0.08,3.00,0.72,12.00
sorters,3.00,2.73,0.47,3.00,2.00,3.00,11.00,2.71,0.00,,-0.29,0.29,0.77,0.29,0.00,3.00,0.54,11.00
speculators,4.00,2.83,0.58,3.00,2.00,4.00,12.00,2.88,0.18,,-1.12,1.12,0.47,1.12,0.00,3.00,0.11,12.00
stewardesses,3.00,3.25,0.62,3.00,2.00,4.00,12.00,3.22,0.52,,0.22,0.22,0.82,0.00,0.22,3.00,0.73,12.00
subparts,3.00,2.82,0.40,3.00,2.00,3.00,11.00,2.84,0.14,,-0.16,0.16,0.87,0.16,0.00,3.00,0.59,11.00
subversion,3.00,2.70,0.48,3.00,2.00,3.00,10.00,2.65,-0.05,,-0.35,0.35,0.74,0.35,0.00,3.00,0.43,10.00
supervised,3.00,3.00,0.50,3.00,2.00,4.00,9.00,3.00,0.29,,0.00,0.00,1.00,0.00,0.00,3.00,0.59,9.00
symmetry,3.00,1.80,0.79,2.00,1.00,3.00,10.00,1.85,-0.86,,-1.15,1.15,0.46,1.15,0.00,2.00,0.51,10.00
systematizing,3.00,3.36,0.50,3.00,3.00,4.00,11.00,3.33,0.63,,0.33,0.33,0.75,0.00,0.33,3.00,0.41,11.00
tastelessness,3.00,3.00,0.00,3.00,3.00,3.00,10.00,3.05,0.35,,0.05,0.05,0.95,0.00,0.05,3.00,,10.00
telecommunicator,4.00,3.85,0.80,4.00,3.00,5.00,13.00,3.62,0.92,,-0.38,0.38,0.73,0.38,0.00,4.00,0.53,13.00
totalitarian,2.00,3.27,1.10,3.00,2.00,6.00,11.00,3.28,0.58,,1.28,1.28,0.44,0.00,1.28,3.00,0.55,11.00
transoceanic,3.00,3.55,1.04,3.00,2.00,5.00,11.00,3.33,0.63,,0.33,0.33,0.75,0.00,0.33,3.00,0.37,11.00
ugliness,2.00,2.08,0.51,2.00,1.00,3.00,12.00,2.38,-0.32,,0.38,0.38,0.72,0.00,0.38,2.00,0.79,12.00
unauthorised,3.00,3.17,0.83,3.00,2.00,5.00,12.00,3.38,0.67,,0.38,0.38,0.73,0.00,0.38,3.00,0.82,12.00
unawareness,3.00,3.17,0.39,3.00,3.00,4.00,12.00,3.01,0.30,,0.01,0.01,0.99,0.00,0.01,3.00,0.67,12.00
unbelievably,4.00,3.73,0.79,4.00,3.00,5.00,11.00,3.53,0.82,,-0.47,0.47,0.68,0.47,0.00,4.00,0.78,11.00
unchangeable,3.00,3.09,0.30,3.00,3.00,4.00,11.00,3.06,0.36,,0.06,0.06,0.94,0.00,0.06,3.00,0.60,11.00
uncleanness,3.00,3.00,0.00,3.00,3.00,3.00,10.00,3.24,0.53,,0.24,0.24,0.81,0.00,0.24,3.00,,10.00
unclenched,3.00,3.00,0.00,3.00,3.00,3.00,12.00,2.90,0.19,,-0.10,0.10,0.91,0.10,0.00,3.00,,12.00
undependable,4.00,3.10,0.32,3.00,3.00,4.00,10.00,3.15,0.45,,-0.85,0.85,0.54,0.85,0.00,3.00,0.71,10.00
underestimated,4.00,3.58,0.90,3.00,3.00,5.00,12.00,3.46,0.76,,-0.54,0.54,0.65,0.54,0.00,3.00,0.51,12.00
unsaddle,2.00,2.20,0.42,2.00,2.00,3.00,10.00,2.29,-0.41,,0.29,0.29,0.77,0.00,0.29,2.00,0.47,10.00
unscrambling,3.00,3.36,0.50,3.00,3.00,4.00,11.00,3.16,0.45,,0.16,0.16,0.86,0.00,0.16,3.00,0.76,11.00
unsigned,3.00,3.00,0.00,3.00,3.00,3.00,11.00,2.91,0.20,,-0.09,0.09,0.91,0.09,0.00,3.00,,11.00
upends,3.00,2.91,0.30,3.00,2.00,3.00,11.00,2.92,0.22,,-0.08,0.08,0.93,0.08,0.00,3.00,0.52,11.00
variableness,3.00,3.09,0.94,3.00,2.00,5.00,11.00,3.06,0.35,,0.06,0.06,0.94,0.00,0.06,3.00,0.84,11.00
vocalising,3.00,3.00,0.63,3.00,2.00,4.00,11.00,2.97,0.27,,-0.03,0.03,0.97,0.03,0.00,3.00,0.66,11.00
whiners,3.00,2.78,0.44,3.00,2.00,3.00,9.00,2.70,0.00,,-0.30,0.30,0.77,0.30,0.00,3.00,0.10,9.00
antagonists,3.00,3.17,0.94,3.00,1.00,4.00,12.00,3.26,0.55,,0.26,0.26,0.80,0.00,0.26,3.00,0.89,12.00
arbitrators,4.00,3.17,1.11,3.00,1.00,5.00,12.00,3.10,0.39,,-0.90,0.90,0.52,0.90,0.00,3.00,0.86,12.00
calculations,4.00,2.92,0.79,3.00,1.00,4.00,12.00,3.07,0.36,,-0.93,0.93,0.52,0.93,0.00,3.00,0.89,12.00
deflections,4.00,3.42,0.67,3.50,2.00,4.00,12.00,3.33,0.63,,-0.67,0.67,0.60,0.67,0.00,3.00,0.79,12.00
delightfully,3.00,3.70,0.48,4.00,3.00,4.00,10.00,3.53,0.82,,0.53,0.53,0.65,0.00,0.53,4.00,0.67,10.00
desalinization,4.00,3.82,0.75,4.00,3.00,5.00,11.00,3.64,0.94,,-0.36,0.36,0.74,0.36,0.00,4.00,0.93,11.00
disabilities,4.00,3.17,0.58,3.00,2.00,4.00,12.00,3.15,0.45,,-0.85,0.85,0.54,0.85,0.00,3.00,0.76,12.00
disconcertingly,4.00,4.27,0.47,4.00,4.00,5.00,11.00,4.11,1.41,,0.11,0.11,0.90,0.00,0.11,4.00,0.84,11.00
discouragements,4.00,4.18,0.87,4.00,3.00,6.00,11.00,4.02,1.32,,0.02,0.02,0.98,0.00,0.02,4.00,0.54,11.00
enlightening,4.00,3.33,0.78,3.50,2.00,4.00,12.00,3.43,0.72,,-0.57,0.57,0.64,0.57,0.00,3.00,0.70,12.00
exasperatedly,3.00,4.09,0.94,4.00,3.00,6.00,11.00,3.84,1.14,,0.84,0.84,0.54,0.00,0.84,4.00,0.85,11.00
excitability,4.00,3.60,0.70,3.50,3.00,5.00,10.00,3.42,0.72,,-0.58,0.58,0.63,0.58,0.00,3.00,0.67,10.00
formations,3.00,3.00,0.77,3.00,2.00,4.00,11.00,2.93,0.23,,-0.07,0.07,0.94,0.07,0.00,3.00,0.60,11.00
indecencies,4.00,3.55,0.82,3.00,3.00,5.00,11.00,3.46,0.76,,-0.54,0.54,0.65,0.54,0.00,3.00,0.59,11.00
injectors,4.00,2.92,0.90,3.00,1.00,4.00,12.00,3.07,0.36,,-0.93,0.93,0.52,0.93,0.00,3.00,0.67,12.00
intermediately,4.00,3.64,0.67,4.00,3.00,5.00,11.00,3.56,0.85,,-0.44,0.44,0.69,0.44,0.00,4.00,0.78,11.00
interrogations,5.00,3.90,1.10,4.00,2.00,6.00,10.00,3.70,1.00,,-1.30,1.30,0.44,1.30,0.00,4.00,0.84,10.00
manipulations,4.00,3.67,0.87,4.00,2.00,5.00,9.00,3.45,0.75,,-0.55,0.55,0.65,0.55,0.00,3.00,0.46,9.00
nationalization,4.00,3.50,1.08,3.00,2.00,6.00,10.00,3.50,0.80,,-0.50,0.50,0.67,0.50,0.00,4.00,0.79,10.00
organically,3.00,3.09,0.83,3.00,1.00,4.00,11.00,3.10,0.40,,0.10,0.10,0.91,0.00,0.10,3.00,0.77,11.00
oscillations,4.00,3.67,0.65,4.00,3.00,5.00,12.00,3.45,0.75,,-0.55,0.55,0.65,0.55,0.00,3.00,0.64,12.00
outnumbering,3.00,3.55,0.52,4.00,3.00,4.00,11.00,3.38,0.67,,0.38,0.38,0.73,0.00,0.38,3.00,0.60,11.00
presidencies,3.00,3.36,1.29,4.00,1.00,5.00,11.00,3.16,0.46,,0.16,0.16,0.86,0.00,0.16,3.00,0.85,11.00
programmers,3.00,3.58,0.51,4.00,3.00,4.00,12.00,3.49,0.79,,0.49,0.49,0.67,0.00,0.49,3.00,0.11,12.00
prohibitionist,4.00,3.55,0.82,4.00,2.00,5.00,11.00,3.53,0.83,,-0.47,0.47,0.68,0.47,0.00,4.00,0.12,11.00
resistors,4.00,2.77,0.93,3.00,1.00,4.00,13.00,2.91,0.20,,-1.09,1.09,0.48,1.09,0.00,3.00,0.80,13.00
semiconductors,5.00,3.83,0.72,4.00,2.00,5.00,12.00,3.74,1.04,,-1.26,1.26,0.44,1.26,0.00,4.00,0.75,12.00
summarization,3.00,3.33,0.89,3.00,2.00,5.00,12.00,3.31,0.61,,0.31,0.31,0.76,0.00,0.31,3.00,0.40,12.00
transformations,4.00,3.73,0.79,4.00,2.00,5.00,11.00,3.78,1.08,,-0.22,0.22,0.82,0.22,0.00,4.00,0.26,11.00
uprisings,4.00,3.55,0.52,4.00,3.00,4.00,11.00,3.32,0.62,,-0.68,0.68,0.60,0.68,0.00,3.00,0.41,11.00
vegetarians,3.00,3.36,0.81,4.00,2.00,4.00,11.00,3.21,0.50,,0.21,0.21,0.83,0.00,0.21,3.00,0.73,11.00
ventilators,3.00,3.27,1.01,3.00,2.00,5.00,11.00,3.19,0.49,,0.19,0.19,0.84,0.00,0.19,3.00,0.63,11.00
veterinarians,3.00,3.90,1.10,4.00,2.00,6.00,10.00,3.67,0.96,,0.67,0.67,0.60,0.00,0.67,4.00,0.84,10.00
commercializes,4.00,3.45,1.13,4.00,2.00,5.00,11.00,3.40,0.69,,-0.60,0.60,0.62,0.60,0.00,3.00,0.73,11.00
exemplification,3.00,4.18,1.33,4.00,2.00,6.00,11.00,4.05,1.34,,1.05,1.05,0.49,0.00,1.05,4.00,0.76,11.00
magnifications,4.00,4.09,1.22,4.00,2.00,6.00,11.00,3.88,1.18,,-0.12,0.12,0.90,0.12,0.00,4.00,0.86,11.00
regularization,4.00,4.22,1.20,4.00,3.00,6.00,9.00,3.95,1.24,,-0.05,0.05,0.95,0.05,0.00,4.00,0.88,9.00
noninitialized,6.00,3.78,0.97,4.00,3.00,6.00,9.00,3.74,1.04,,-2.26,2.26,0.31,2.26,0.00,4.00,0.76,9.00
nonmetaphoricity,4.00,3.80,0.92,4.00,2.00,5.00,10.00,3.73,1.02,,-0.27,0.27,0.78,0.27,0.00,4.00,0.54,10.00
outboards,3.00,2.70,0.48,3.00,2.00,3.00,10.00,2.77,0.07,,-0.23,0.23,0.81,0.23,0.00,3.00,0.85,10.00
salable,2.00,1.88,0.35,2.00,1.00,2.00,8.00,1.98,-0.73,,-0.02,0.02,0.98,0.02,0.00,2.00,0.45,8.00
server,2.00,1.75,0.45,2.00,1.00,2.00,12.00,1.93,-0.77,,-0.07,0.07,0.94,0.07,0.00,2.00,0.64,12.00
visual,2.00,1.57,0.76,1.00,1.00,3.00,14.00,1.72,-0.98,,-0.28,0.28,0.78,0.28,0.00,2.00,0.47,14.00
abusive,2.00,2.17,0.39,2.00,2.00,3.00,12.00,2.13,-0.57,,0.13,0.13,0.88,0.00,0.13,2.00,0.65,12.00
accessible,3.00,2.30,0.48,2.00,2.00,3.00,10.00,2.31,-0.39,,-0.69,0.69,0.59,0.69,0.00,2.00,0.42,10.00
acidic,2.00,2.10,0.57,2.00,1.00,3.00,10.00,2.10,-0.60,,0.10,0.10,0.91,0.00,0.10,2.00,0.56,10.00
addressees,3.00,2.91,0.70,3.00,2.00,4.00,11.00,2.79,0.09,,-0.21,0.21,0.83,0.21,0.00,3.00,0.56,11.00
afterbirth,2.00,2.25,0.45,2.00,2.00,3.00,12.00,2.25,-0.46,,0.25,0.25,0.80,0.00,0.25,2.00,0.30,12.00
amazement,2.00,2.33,0.49,2.00,2.00,3.00,12.00,2.31,-0.40,,0.31,0.31,0.76,0.00,0.31,2.00,0.75,12.00
authenticate,3.00,2.36,0.81,2.00,1.00,4.00,11.00,2.49,-0.22,,-0.51,0.51,0.66,0.51,0.00,2.00,0.55,11.00
awkwardness,2.00,2.50,0.53,2.50,2.00,3.00,10.00,2.47,-0.23,,0.47,0.47,0.68,0.00,0.47,2.00,0.80,10.00
baldness,2.00,1.90,0.32,2.00,1.00,2.00,10.00,2.00,-0.71,,0.00,0.00,1.00,0.00,0.00,2.00,0.62,10.00
blandly,2.00,2.10,0.32,2.00,2.00,3.00,10.00,2.31,-0.40,,0.31,0.31,0.76,0.00,0.31,2.00,0.38,10.00
blasphemous,2.00,2.45,0.52,2.00,2.00,3.00,11.00,2.38,-0.33,,0.38,0.38,0.73,0.00,0.38,2.00,0.63,11.00
bleaker,2.00,2.00,0.00,2.00,2.00,2.00,11.00,1.88,-0.83,,-0.12,0.12,0.89,0.12,0.00,2.00,,11.00
blindest,2.00,2.10,0.32,2.00,2.00,3.00,10.00,2.20,-0.50,,0.20,0.20,0.83,0.00,0.20,2.00,0.32,10.00
boatmen,2.00,2.10,0.32,2.00,2.00,3.00,10.00,2.12,-0.59,,0.12,0.12,0.89,0.00,0.12,2.00,0.02,10.00
boldest,2.00,2.00,0.00,2.00,2.00,2.00,11.00,2.12,-0.58,,0.12,0.12,0.89,0.00,0.12,2.00,,11.00
boxer,2.00,1.79,0.43,2.00,1.00,2.00,14.00,1.85,-0.85,,-0.15,0.15,0.87,0.15,0.00,2.00,0.48,14.00
bucketful,2.00,2.30,0.48,2.00,2.00,3.00,10.00,2.36,-0.34,,0.36,0.36,0.73,0.00,0.36,2.00,0.73,10.00
ceaseless,2.00,2.00,0.00,2.00,2.00,2.00,11.00,2.15,-0.55,,0.15,0.15,0.87,0.00,0.15,2.00,,11.00
certificate,3.00,2.27,0.65,2.00,1.00,3.00,11.00,2.37,-0.34,,-0.63,0.63,0.61,0.63,0.00,2.00,0.42,11.00
coldly,2.00,1.91,0.30,2.00,1.00,2.00,11.00,2.04,-0.66,,0.04,0.04,0.96,0.00,0.04,2.00,-0.09,11.00
contribute,2.00,1.91,0.70,2.00,1.00,3.00,11.00,1.99,-0.71,,-0.01,0.01,0.99,0.01,0.00,2.00,0.90,11.00
cotangent,3.00,2.55,0.52,3.00,2.00,3.00,11.00,2.52,-0.19,,-0.48,0.48,0.67,0.48,0.00,3.00,0.70,11.00
courageous,2.00,2.50,0.71,2.00,2.00,4.00,10.00,2.48,-0.22,,0.48,0.48,0.68,0.00,0.48,2.00,0.74,10.00
densities,3.00,2.40,0.70,2.50,1.00,3.00,10.00,2.50,-0.21,,-0.50,0.50,0.67,0.50,0.00,2.00,0.75,10.00
drunken,2.00,2.00,0.00,2.00,2.00,2.00,9.00,2.10,-0.61,,0.10,0.10,0.91,0.00,0.10,2.00,,9.00
elaborates,4.00,3.27,1.01,3.00,2.00,5.00,11.00,3.05,0.35,,-0.95,0.95,0.51,0.95,0.00,3.00,0.70,11.00
empathy,3.00,2.55,0.69,3.00,1.00,3.00,11.00,2.47,-0.24,,-0.53,0.53,0.65,0.53,0.00,2.00,0.65,11.00
enactment,3.00,2.36,0.50,2.00,2.00,3.00,11.00,2.36,-0.34,,-0.64,0.64,0.61,0.64,0.00,2.00,0.50,11.00
enlist,2.00,2.00,0.00,2.00,2.00,2.00,11.00,2.06,-0.64,,0.06,0.06,0.94,0.00,0.06,2.00,,11.00
escapism,2.00,2.36,0.50,2.00,2.00,3.00,11.00,2.43,-0.28,,0.43,0.43,0.70,0.00,0.43,2.00,0.68,11.00
exemption,3.00,2.18,0.40,2.00,2.00,3.00,11.00,2.23,-0.47,,-0.77,0.77,0.57,0.77,0.00,2.00,0.61,11.00
follower,2.00,2.18,0.40,2.00,2.00,3.00,11.00,2.23,-0.48,,0.23,0.23,0.82,0.00,0.23,2.00,0.77,11.00
herbal,2.00,1.90,0.32,2.00,1.00,2.00,10.00,1.94,-0.77,,-0.06,0.06,0.94,0.06,0.00,2.00,0.19,10.00
homeward,2.00,2.09,0.30,2.00,2.00,3.00,11.00,2.12,-0.59,,0.12,0.12,0.90,0.00,0.12,2.00,-0.18,11.00
inconsequential,4.00,3.70,1.16,4.00,2.00,5.00,10.00,3.76,1.06,,-0.24,0.24,0.81,0.24,0.00,4.00,0.66,10.00
inflow,2.00,2.00,0.00,2.00,2.00,2.00,9.00,2.09,-0.61,,0.09,0.09,0.91,0.00,0.09,2.00,,9.00
insides,3.00,2.62,0.51,3.00,2.00,3.00,13.00,2.58,-0.12,,-0.42,0.42,0.70,0.42,0.00,3.00,0.21,13.00
insight,2.00,2.08,0.29,2.00,2.00,3.00,12.00,2.30,-0.41,,0.30,0.30,0.77,0.00,0.30,2.00,-0.09,12.00
longer,2.00,1.92,0.29,2.00,1.00,2.00,12.00,1.98,-0.72,,-0.02,0.02,0.98,0.02,0.00,2.00,0.68,12.00
longish,2.00,2.08,0.28,2.00,2.00,3.00,13.00,2.10,-0.60,,0.10,0.10,0.91,0.00,0.10,2.00,-0.08,13.00
loyalty,2.00,2.18,0.40,2.00,2.00,3.00,11.00,2.26,-0.45,,0.26,0.26,0.79,0.00,0.26,2.00,0.37,11.00
meanness,2.00,2.00,0.00,2.00,2.00,2.00,11.00,2.07,-0.64,,0.07,0.07,0.94,0.00,0.07,2.00,,11.00
meddlesome,2.00,2.33,0.65,2.00,2.00,4.00,12.00,2.30,-0.40,,0.30,0.30,0.77,0.00,0.30,2.00,0.69,12.00
mightily,3.00,2.42,0.51,2.00,2.00,3.00,12.00,2.57,-0.14,,-0.43,0.43,0.70,0.43,0.00,3.00,0.51,12.00
mighty,2.00,1.75,0.45,2.00,1.00,2.00,12.00,1.91,-0.80,,-0.09,0.09,0.91,0.09,0.00,2.00,0.38,12.00
mixers,3.00,2.27,0.65,2.00,1.00,3.00,11.00,2.44,-0.27,,-0.56,0.56,0.64,0.56,0.00,2.00,0.78,11.00
mocker,2.00,2.00,0.00,2.00,2.00,2.00,13.00,1.92,-0.78,,-0.08,0.08,0.93,0.08,0.00,2.00,,13.00
nearly,2.00,1.90,0.32,2.00,1.00,2.00,10.00,2.15,-0.55,,0.15,0.15,0.87,0.00,0.15,2.00,0.79,10.00
nervousness,3.00,2.42,0.51,2.00,2.00,3.00,12.00,2.56,-0.15,,-0.44,0.44,0.69,0.44,0.00,3.00,0.67,12.00
neutralise,3.00,2.27,0.47,2.00,2.00,3.00,11.00,2.28,-0.43,,-0.72,0.72,0.58,0.72,0.00,2.00,0.69,11.00
neutralist,3.00,2.55,0.52,3.00,2.00,3.00,11.00,2.56,-0.15,,-0.44,0.44,0.69,0.44,0.00,3.00,0.44,11.00
normalcy,3.00,2.09,0.30,2.00,2.00,3.00,11.00,2.23,-0.47,,-0.77,0.77,0.57,0.77,0.00,2.00,0.84,11.00
nutrition,2.00,2.22,0.97,2.00,1.00,4.00,9.00,2.35,-0.36,,0.35,0.35,0.74,0.00,0.35,2.00,0.87,9.00
obliterated,2.00,3.00,0.85,3.00,2.00,5.00,12.00,2.90,0.19,,0.90,0.90,0.53,0.00,0.90,3.00,0.48,12.00
obsession,2.00,2.27,0.65,2.00,1.00,3.00,11.00,2.41,-0.29,,0.41,0.41,0.71,0.00,0.41,2.00,0.52,11.00
oozy,2.00,2.00,0.45,2.00,1.00,3.00,11.00,2.19,-0.52,,0.19,0.19,0.84,0.00,0.19,2.00,0.34,11.00
orphanage,2.00,2.17,0.58,2.00,1.00,3.00,12.00,2.29,-0.41,,0.29,0.29,0.77,0.00,0.29,2.00,0.65,12.00
outpatient,2.00,2.42,0.51,2.00,2.00,3.00,12.00,2.41,-0.29,,0.41,0.41,0.71,0.00,0.41,2.00,0.71,12.00
output,2.00,1.90,0.32,2.00,1.00,2.00,10.00,1.87,-0.84,,-0.13,0.13,0.88,0.13,0.00,2.00,0.36,10.00
overflow,2.00,2.08,0.29,2.00,2.00,3.00,12.00,2.11,-0.60,,0.11,0.11,0.90,0.00,0.11,2.00,0.79,12.00
overhead,2.00,2.10,0.32,2.00,2.00,3.00,10.00,2.24,-0.47,,0.24,0.24,0.81,0.00,0.24,2.00,0.60,10.00
perkier,3.00,2.40,0.52,2.00,2.00,3.00,10.00,2.42,-0.28,,-0.58,0.58,0.63,0.58,0.00,2.00,0.26,10.00
possibly,2.00,2.27,0.47,2.00,2.00,3.00,11.00,2.18,-0.52,,0.18,0.18,0.85,0.00,0.18,2.00,0.81,11.00
priestly,2.00,2.09,0.30,2.00,2.00,3.00,11.00,2.24,-0.46,,0.24,0.24,0.81,0.00,0.24,2.00,0.78,11.00
printer,2.00,1.92,0.51,2.00,1.00,3.00,12.00,2.15,-0.55,,0.15,0.15,0.87,0.00,0.15,2.00,0.57,12.00
purchaser,2.00,2.64,0.81,2.00,2.00,4.00,11.00,2.69,-0.02,,0.69,0.69,0.59,0.00,0.69,3.00,0.71,11.00
purely,2.00,2.00,0.00,2.00,2.00,2.00,12.00,2.18,-0.53,,0.18,0.18,0.85,0.00,0.18,2.00,,12.00
recast,2.00,2.00,0.00,2.00,2.00,2.00,12.00,2.14,-0.57,,0.14,0.14,0.88,0.00,0.14,2.00,,12.00
rectifier,3.00,2.67,0.49,3.00,2.00,3.00,12.00,2.53,-0.18,,-0.47,0.47,0.68,0.47,0.00,3.00,0.65,12.00
relocate,2.00,2.33,0.50,2.00,2.00,3.00,9.00,2.26,-0.45,,0.26,0.26,0.79,0.00,0.26,2.00,0.78,9.00
reopen,2.00,2.00,0.00,2.00,2.00,2.00,11.00,2.16,-0.54,,0.16,0.16,0.86,0.00,0.16,2.00,,11.00
reunite,3.00,2.45,0.69,2.00,2.00,4.00,11.00,2.39,-0.32,,-0.61,0.61,0.62,0.61,0.00,2.00,0.69,11.00
revalue,2.00,2.18,0.40,2.00,2.00,3.00,11.00,2.27,-0.43,,0.27,0.27,0.79,0.00,0.27,2.00,0.28,11.00
rockier,3.00,2.50,0.52,2.50,2.00,3.00,12.00,2.36,-0.35,,-0.64,0.64,0.61,0.64,0.00,2.00,0.44,12.00
sacredness,3.00,2.50,0.65,2.00,2.00,4.00,14.00,2.54,-0.16,,-0.46,0.46,0.69,0.46,0.00,3.00,0.18,14.00
sameness,2.00,2.00,0.00,2.00,2.00,2.00,11.00,2.07,-0.64,,0.07,0.07,0.94,0.00,0.07,2.00,,11.00
seamstress,2.00,2.23,0.73,2.00,1.00,4.00,13.00,2.20,-0.50,,0.20,0.20,0.83,0.00,0.20,2.00,0.78,13.00
section,2.00,1.91,0.54,2.00,1.00,3.00,11.00,1.87,-0.84,,-0.13,0.13,0.88,0.13,0.00,2.00,0.00,11.00
sensuality,3.00,2.80,0.79,3.00,2.00,4.00,10.00,2.81,0.11,,-0.19,0.19,0.84,0.19,0.00,3.00,0.72,10.00
shameful,2.00,2.00,0.43,2.00,1.00,3.00,12.00,2.08,-0.63,,0.08,0.08,0.93,0.00,0.08,2.00,0.12,12.00
sisterly,2.00,2.09,0.30,2.00,2.00,3.00,11.00,2.23,-0.48,,0.23,0.23,0.81,0.00,0.23,2.00,-0.23,11.00
smokeless,2.00,2.00,0.00,2.00,2.00,2.00,10.00,2.21,-0.49,,0.21,0.21,0.82,0.00,0.21,2.00,,10.00
squareness,2.00,2.00,0.41,2.00,1.00,3.00,13.00,2.13,-0.57,,0.13,0.13,0.88,0.00,0.13,2.00,0.28,13.00
squeezer,2.00,2.09,0.30,2.00,2.00,3.00,11.00,2.30,-0.40,,0.30,0.30,0.77,0.00,0.30,2.00,0.46,11.00
stardom,2.00,1.83,0.39,2.00,1.00,2.00,12.00,2.01,-0.69,,0.01,0.01,0.99,0.00,0.01,2.00,0.69,12.00
stealthier,3.00,2.67,0.50,3.00,2.00,3.00,9.00,2.59,-0.12,,-0.41,0.41,0.71,0.41,0.00,3.00,-0.05,9.00
streamer,2.00,2.00,0.00,2.00,2.00,2.00,10.00,2.07,-0.63,,0.07,0.07,0.93,0.00,0.07,2.00,,10.00
subtitle,2.00,2.00,0.00,2.00,2.00,2.00,11.00,2.18,-0.52,,0.18,0.18,0.85,0.00,0.18,2.00,,11.00
supremely,2.00,2.27,0.47,2.00,2.00,3.00,11.00,2.31,-0.40,,0.31,0.31,0.76,0.00,0.31,2.00,0.62,11.00
surcharge,2.00,2.00,0.00,2.00,2.00,2.00,10.00,2.00,-0.70,,0.00,0.00,1.00,0.00,0.00,2.00,,10.00
swifter,2.00,2.00,0.43,2.00,1.00,3.00,12.00,2.17,-0.54,,0.17,0.17,0.86,0.00,0.17,2.00,0.80,12.00
swiftest,2.00,2.00,0.00,2.00,2.00,2.00,10.00,2.09,-0.62,,0.09,0.09,0.92,0.00,0.09,2.00,,10.00
tattooist,2.00,2.54,0.66,2.00,2.00,4.00,13.00,2.38,-0.33,,0.38,0.38,0.73,0.00,0.38,2.00,0.53,13.00
teenage,2.00,1.91,0.30,2.00,1.00,2.00,11.00,1.97,-0.73,,-0.03,0.03,0.97,0.03,0.00,2.00,0.25,11.00
tipsier,2.00,2.33,0.49,2.00,2.00,3.00,12.00,2.27,-0.43,,0.27,0.27,0.78,0.00,0.27,2.00,0.51,12.00
topper,2.00,1.92,0.29,2.00,1.00,2.00,12.00,1.90,-0.81,,-0.10,0.10,0.91,0.10,0.00,2.00,0.46,12.00
tougher,2.00,1.92,0.29,2.00,1.00,2.00,12.00,2.08,-0.62,,0.08,0.08,0.93,0.00,0.08,2.00,0.22,12.00
transient,2.00,2.33,0.50,2.00,2.00,3.00,9.00,2.37,-0.33,,0.37,0.37,0.73,0.00,0.37,2.00,0.62,9.00
transpire,2.00,2.00,0.43,2.00,1.00,3.00,12.00,2.03,-0.68,,0.03,0.03,0.97,0.00,0.03,2.00,-0.10,12.00
unburnt,2.00,2.15,0.38,2.00,2.00,3.00,13.00,2.18,-0.52,,0.18,0.18,0.85,0.00,0.18,2.00,0.12,13.00
undo,2.00,2.00,0.00,2.00,2.00,2.00,11.00,2.21,-0.49,,0.21,0.21,0.82,0.00,0.21,2.00,,11.00
unicorn,2.00,2.00,0.47,2.00,1.00,3.00,10.00,2.12,-0.58,,0.12,0.12,0.89,0.00,0.12,2.00,0.11,10.00
upstate,2.00,2.00,0.00,2.00,2.00,2.00,10.00,1.92,-0.78,,-0.08,0.08,0.93,0.08,0.00,2.00,,10.00
vainly,2.00,2.00,0.00,2.00,2.00,2.00,13.00,2.09,-0.61,,0.09,0.09,0.92,0.00,0.09,2.00,,13.00
wattages,3.00,2.45,0.69,3.00,1.00,3.00,11.00,2.48,-0.22,,-0.52,0.52,0.66,0.52,0.00,2.00,0.53,11.00
widowhood,2.00,2.33,0.50,2.00,2.00,3.00,9.00,2.16,-0.54,,0.16,0.16,0.86,0.00,0.16,2.00,0.63,9.00
wisest,2.00,2.00,0.00,2.00,2.00,2.00,10.00,2.02,-0.69,,0.02,0.02,0.98,0.00,0.02,2.00,,10.00
accuser,2.00,2.09,0.30,2.00,2.00,3.00,11.00,2.20,-0.50,,0.20,0.20,0.83,0.00,0.20,2.00,0.13,11.00
acknowledgment,4.00,3.27,0.65,3.00,2.00,4.00,11.00,3.21,0.51,,-0.79,0.79,0.56,0.79,0.00,3.00,0.78,11.00
aggressor,2.00,2.55,0.52,3.00,2.00,3.00,11.00,2.47,-0.24,,0.47,0.47,0.68,0.00,0.47,2.00,0.42,11.00
allegation,3.00,2.62,0.51,3.00,2.00,3.00,13.00,2.55,-0.15,,-0.45,0.45,0.69,0.45,0.00,3.00,0.84,13.00
allusions,3.00,2.58,0.67,3.00,1.00,3.00,12.00,2.69,-0.02,,-0.31,0.31,0.76,0.31,0.00,3.00,0.71,12.00
amphibians,3.00,3.33,0.89,3.00,2.00,5.00,12.00,3.12,0.41,,0.12,0.12,0.89,0.00,0.12,3.00,0.69,12.00
aspirant,3.00,2.18,0.60,2.00,1.00,3.00,11.00,2.32,-0.39,,-0.68,0.68,0.59,0.68,0.00,2.00,0.10,11.00
assassination,3.00,3.60,1.26,4.00,2.00,5.00,10.00,3.50,0.80,,0.50,0.50,0.67,0.00,0.50,4.00,0.46,10.00
asymmetrical,5.00,3.54,0.88,3.00,2.00,5.00,13.00,3.50,0.80,,-1.50,1.50,0.40,1.50,0.00,4.00,0.84,13.00
boyishness,3.00,3.00,0.00,3.00,3.00,3.00,11.00,3.05,0.35,,0.05,0.05,0.95,0.00,0.05,3.00,,11.00
bulkiness,3.00,2.79,0.58,3.00,1.00,3.00,14.00,2.82,0.12,,-0.18,0.18,0.85,0.18,0.00,3.00,0.78,14.00
bylaws,3.00,2.67,0.49,3.00,2.00,3.00,12.00,2.65,-0.06,,-0.35,0.35,0.74,0.35,0.00,3.00,0.40,12.00
commercials,3.00,3.00,0.77,3.00,2.00,4.00,11.00,2.85,0.14,,-0.15,0.15,0.87,0.15,0.00,3.00,0.70,11.00
constructive,3.00,2.50,0.52,2.50,2.00,3.00,12.00,2.60,-0.10,,-0.40,0.40,0.72,0.40,0.00,3.00,0.32,12.00
continuity,2.00,2.75,0.75,3.00,2.00,4.00,12.00,2.71,0.01,,0.71,0.71,0.58,0.00,0.71,3.00,0.80,12.00
coordination,4.00,2.55,1.21,2.00,1.00,5.00,11.00,2.70,-0.01,,-1.30,1.30,0.43,1.30,0.00,3.00,0.90,11.00
criticisms,3.00,2.67,0.78,3.00,1.00,4.00,12.00,2.75,0.05,,-0.25,0.25,0.80,0.25,0.00,3.00,0.80,12.00
defector,3.00,2.50,0.67,3.00,1.00,3.00,12.00,2.59,-0.12,,-0.41,0.41,0.71,0.41,0.00,3.00,0.20,12.00
deferential,4.00,2.90,0.32,3.00,2.00,3.00,10.00,2.94,0.24,,-1.06,1.06,0.49,1.06,0.00,3.00,0.61,10.00
dehumanize,3.00,3.09,0.54,3.00,2.00,4.00,11.00,2.95,0.25,,-0.05,0.05,0.95,0.05,0.00,3.00,0.68,11.00
demigoddess,3.00,2.90,0.57,3.00,2.00,4.00,10.00,2.83,0.13,,-0.17,0.17,0.86,0.17,0.00,3.00,0.05,10.00
deregulated,4.00,3.33,0.78,3.00,2.00,5.00,12.00,3.33,0.62,,-0.67,0.67,0.60,0.67,0.00,3.00,0.86,12.00
descendant,3.00,2.78,0.44,3.00,2.00,3.00,9.00,2.75,0.04,,-0.25,0.25,0.80,0.25,0.00,3.00,0.31,9.00
disappoint,2.00,2.42,0.67,2.00,2.00,4.00,12.00,2.51,-0.20,,0.51,0.51,0.66,0.00,0.51,3.00,0.52,12.00
disappointment,3.00,3.25,0.75,3.00,2.00,5.00,12.00,3.20,0.50,,0.20,0.20,0.83,0.00,0.20,3.00,0.46,12.00
discloses,3.00,2.83,0.58,3.00,2.00,4.00,12.00,2.96,0.26,,-0.04,0.04,0.97,0.04,0.00,3.00,-0.09,12.00
disfigurement,3.00,3.27,0.47,3.00,3.00,4.00,11.00,3.30,0.59,,0.30,0.30,0.77,0.00,0.30,3.00,0.29,11.00
disloyally,3.00,3.00,0.43,3.00,2.00,4.00,12.00,3.02,0.31,,0.02,0.02,0.98,0.00,0.02,3.00,0.27,12.00
dissatisfied,4.00,3.30,0.48,3.00,3.00,4.00,10.00,3.23,0.52,,-0.77,0.77,0.56,0.77,0.00,3.00,0.57,10.00
dissatisfy,3.00,2.50,0.52,2.50,2.00,3.00,12.00,2.62,-0.08,,-0.38,0.38,0.73,0.38,0.00,3.00,0.20,12.00
distracted,3.00,3.00,0.47,3.00,2.00,4.00,10.00,3.06,0.35,,0.06,0.06,0.94,0.00,0.06,3.00,0.86,10.00
earthiness,3.00,3.00,0.43,3.00,2.00,4.00,12.00,3.04,0.33,,0.04,0.04,0.96,0.00,0.04,3.00,0.43,12.00
elongated,4.00,3.00,0.82,3.00,2.00,4.00,10.00,3.02,0.32,,-0.98,0.98,0.51,0.98,0.00,3.00,0.55,10.00
embodied,3.00,2.83,0.39,3.00,2.00,3.00,12.00,2.88,0.18,,-0.12,0.12,0.89,0.12,0.00,3.00,0.48,12.00
emergence,3.00,2.58,0.67,3.00,1.00,3.00,12.00,2.43,-0.28,,-0.57,0.57,0.64,0.57,0.00,2.00,0.78,12.00
enfolded,3.00,2.90,0.32,3.00,2.00,3.00,10.00,2.86,0.15,,-0.14,0.14,0.88,0.14,0.00,3.00,0.08,10.00
enforcement,3.00,3.00,0.00,3.00,3.00,3.00,11.00,2.85,0.14,,-0.15,0.15,0.87,0.15,0.00,3.00,,11.00
engagement,2.00,2.82,0.60,3.00,2.00,4.00,11.00,2.78,0.07,,0.78,0.78,0.56,0.00,0.78,3.00,0.28,11.00
engraved,3.00,2.50,0.52,2.50,2.00,3.00,12.00,2.64,-0.07,,-0.36,0.36,0.74,0.36,0.00,3.00,0.24,12.00
essayists,3.00,2.82,0.75,3.00,1.00,4.00,11.00,2.82,0.12,,-0.18,0.18,0.85,0.18,0.00,3.00,0.54,11.00
exchanges,3.00,2.70,0.48,3.00,2.00,3.00,10.00,2.67,-0.04,,-0.33,0.33,0.75,0.33,0.00,3.00,0.55,10.00
explorative,2.00,3.09,0.54,3.00,2.00,4.00,11.00,3.00,0.29,,1.00,1.00,0.50,0.00,1.00,3.00,0.47,11.00
explosive,3.00,2.00,0.77,2.00,1.00,3.00,11.00,2.23,-0.48,,-0.77,0.77,0.56,0.77,0.00,2.00,0.86,11.00
floaters,3.00,2.92,0.29,3.00,2.00,3.00,12.00,2.76,0.05,,-0.24,0.24,0.80,0.24,0.00,3.00,0.35,12.00
forecasts,3.00,3.22,1.09,3.00,2.00,6.00,9.00,3.23,0.53,,0.23,0.23,0.81,0.00,0.23,3.00,-0.16,9.00
fruitfulness,3.00,3.00,0.00,3.00,3.00,3.00,13.00,2.81,0.11,,-0.19,0.19,0.84,0.19,0.00,3.00,,13.00
gloomiest,3.00,2.55,0.52,3.00,2.00,3.00,11.00,2.56,-0.14,,-0.44,0.44,0.70,0.44,0.00,3.00,0.33,11.00
grammarians,4.00,3.45,1.04,4.00,1.00,5.00,11.00,3.25,0.55,,-0.75,0.75,0.57,0.75,0.00,3.00,0.83,11.00
grubbiest,3.00,2.57,0.51,3.00,2.00,3.00,14.00,2.55,-0.15,,-0.45,0.45,0.69,0.45,0.00,3.00,0.58,14.00
harmonic,2.00,2.33,0.50,2.00,2.00,3.00,9.00,2.40,-0.30,,0.40,0.40,0.71,0.00,0.40,2.00,0.01,9.00
heartens,3.00,2.85,0.38,3.00,2.00,3.00,13.00,2.88,0.17,,-0.12,0.12,0.89,0.12,0.00,3.00,0.51,13.00
heightens,4.00,2.64,0.50,3.00,2.00,3.00,11.00,2.63,-0.08,,-1.37,1.37,0.42,1.37,0.00,3.00,0.50,11.00
hospitably,3.00,2.90,0.57,3.00,2.00,4.00,10.00,2.87,0.16,,-0.13,0.13,0.88,0.13,0.00,3.00,0.42,10.00
hospitalizes,4.00,3.00,0.82,3.00,2.00,5.00,10.00,3.16,0.45,,-0.84,0.84,0.54,0.84,0.00,3.00,0.85,10.00
hunters,3.00,2.18,0.60,2.00,1.00,3.00,11.00,2.22,-0.48,,-0.78,0.78,0.56,0.78,0.00,2.00,0.51,11.00
hurtfully,3.00,2.73,0.47,3.00,2.00,3.00,11.00,2.78,0.07,,-0.22,0.22,0.82,0.22,0.00,3.00,0.31,11.00
immaturity,3.00,2.50,1.08,2.00,1.00,5.00,10.00,2.68,-0.02,,-0.32,0.32,0.76,0.32,0.00,3.00,0.93,10.00
indescribable,4.00,3.55,0.93,3.00,3.00,6.00,11.00,3.46,0.75,,-0.54,0.54,0.65,0.54,0.00,3.00,0.78,11.00
inductive,3.00,2.90,0.32,3.00,2.00,3.00,10.00,2.89,0.19,,-0.11,0.11,0.90,0.11,0.00,3.00,0.41,10.00
indulgent,2.00,2.73,0.65,3.00,1.00,3.00,11.00,2.56,-0.14,,0.56,0.56,0.64,0.00,0.56,3.00,0.68,11.00
infringing,3.00,3.00,0.00,3.00,3.00,3.00,10.00,2.74,0.04,,-0.26,0.26,0.79,0.26,0.00,3.00,,10.00
innumerable,3.00,3.09,0.94,3.00,1.00,5.00,11.00,3.10,0.40,,0.10,0.10,0.91,0.00,0.10,3.00,0.88,11.00
insiders,4.00,3.08,0.64,3.00,2.00,4.00,13.00,3.08,0.38,,-0.92,0.92,0.52,0.92,0.00,3.00,0.51,13.00
inspiration,3.00,2.82,0.87,3.00,2.00,4.00,11.00,2.83,0.12,,-0.17,0.17,0.85,0.17,0.00,3.00,0.96,11.00
instability,3.00,3.50,0.90,3.00,3.00,6.00,12.00,3.48,0.77,,0.48,0.48,0.68,0.00,0.48,3.00,0.47,12.00
instinctive,2.00,2.67,0.49,3.00,2.00,3.00,12.00,2.51,-0.20,,0.51,0.51,0.66,0.00,0.51,3.00,0.45,12.00
intangible,2.00,2.78,0.67,3.00,2.00,4.00,9.00,2.84,0.13,,0.84,0.84,0.54,0.00,0.84,3.00,0.81,9.00
intensifier,3.00,3.09,0.70,3.00,2.00,4.00,11.00,3.17,0.47,,0.17,0.17,0.85,0.00,0.17,3.00,0.81,11.00
interactive,3.00,3.18,0.60,3.00,2.00,4.00,11.00,3.14,0.44,,0.14,0.14,0.88,0.00,0.14,3.00,0.84,11.00
internalize,4.00,3.00,0.67,3.00,2.00,4.00,10.00,2.93,0.23,,-1.07,1.07,0.48,1.07,0.00,3.00,0.81,10.00
interruption,3.00,2.92,0.79,3.00,1.00,4.00,12.00,2.89,0.19,,-0.11,0.11,0.90,0.11,0.00,3.00,0.55,12.00
ironical,3.00,2.50,0.80,2.50,1.00,4.00,12.00,2.46,-0.24,,-0.54,0.54,0.65,0.54,0.00,2.00,0.75,12.00
irrelevances,4.00,3.00,1.13,3.00,1.00,5.00,12.00,3.20,0.50,,-0.80,0.80,0.56,0.80,0.00,3.00,0.88,12.00
isolation,2.00,2.83,0.72,3.00,2.00,4.00,12.00,2.78,0.07,,0.78,0.78,0.56,0.00,0.78,3.00,0.73,12.00
methodically,3.00,3.15,0.80,3.00,2.00,5.00,13.00,3.16,0.46,,0.16,0.16,0.86,0.00,0.16,3.00,0.73,13.00
misinterpreted,3.00,3.42,0.51,3.00,3.00,4.00,12.00,3.28,0.57,,0.28,0.28,0.78,0.00,0.28,3.00,0.64,12.00
mismanaging,3.00,3.00,0.41,3.00,2.00,4.00,13.00,3.06,0.35,,0.06,0.06,0.94,0.00,0.06,3.00,0.82,13.00
misprinted,3.00,2.80,0.42,3.00,2.00,3.00,10.00,2.90,0.19,,-0.10,0.10,0.91,0.10,0.00,3.00,0.49,10.00
mistranslating,3.00,3.54,0.52,4.00,3.00,4.00,13.00,3.47,0.77,,0.47,0.47,0.68,0.00,0.47,3.00,0.60,13.00
monoxides,3.00,2.78,0.83,3.00,1.00,4.00,9.00,2.93,0.23,,-0.07,0.07,0.94,0.07,0.00,3.00,0.27,9.00
multifocally,4.00,3.27,0.65,3.00,2.00,4.00,11.00,3.27,0.56,,-0.73,0.73,0.58,0.73,0.00,3.00,0.42,11.00
mythical,3.00,2.50,0.53,2.50,2.00,3.00,10.00,2.41,-0.29,,-0.59,0.59,0.63,0.59,0.00,2.00,0.76,10.00
neutralized,4.00,2.92,0.49,3.00,2.00,4.00,13.00,2.91,0.20,,-1.09,1.09,0.48,1.09,0.00,3.00,0.24,13.00
nonemergency,3.00,2.67,0.78,2.50,2.00,4.00,12.00,2.79,0.08,,-0.21,0.21,0.83,0.21,0.00,3.00,0.79,12.00
nonstarters,4.00,3.25,0.87,3.50,2.00,4.00,12.00,3.26,0.55,,-0.74,0.74,0.57,0.74,0.00,3.00,0.75,12.00
obnoxiously,3.00,3.00,0.89,3.00,1.00,4.00,11.00,3.07,0.37,,0.07,0.07,0.93,0.00,0.07,3.00,0.83,11.00
obviousness,3.00,2.58,0.67,2.50,2.00,4.00,12.00,2.55,-0.15,,-0.45,0.45,0.69,0.45,0.00,3.00,0.81,12.00
outcries,3.00,2.36,0.50,2.00,2.00,3.00,11.00,2.35,-0.35,,-0.65,0.65,0.61,0.65,0.00,2.00,0.33,11.00
outlets,3.00,2.40,0.70,2.50,1.00,3.00,10.00,2.55,-0.15,,-0.45,0.45,0.69,0.45,0.00,3.00,0.79,10.00
outlived,3.00,2.75,0.45,3.00,2.00,3.00,12.00,2.78,0.07,,-0.22,0.22,0.82,0.22,0.00,3.00,0.68,12.00
outspokenly,4.00,3.44,0.53,3.00,3.00,4.00,9.00,3.35,0.65,,-0.65,0.65,0.61,0.65,0.00,3.00,0.73,9.00
overreacts,4.00,3.00,0.47,3.00,2.00,4.00,10.00,3.00,0.30,,-1.00,1.00,0.50,1.00,0.00,3.00,-0.10,10.00
persisting,3.00,2.55,0.69,3.00,1.00,3.00,11.00,2.63,-0.08,,-0.37,0.37,0.73,0.37,0.00,3.00,0.75,11.00
personalities,4.00,3.18,1.54,3.00,1.00,6.00,11.00,3.26,0.56,,-0.74,0.74,0.58,0.74,0.00,3.00,0.94,11.00
pluralistic,3.00,2.67,0.49,3.00,2.00,3.00,12.00,2.71,0.00,,-0.29,0.29,0.77,0.29,0.00,3.00,0.51,12.00
pluralities,3.00,2.75,0.75,3.00,1.00,4.00,12.00,2.82,0.11,,-0.18,0.18,0.85,0.18,0.00,3.00,0.63,12.00
popularising,4.00,2.92,1.00,3.00,1.00,5.00,12.00,2.99,0.28,,-1.01,1.01,0.50,1.01,0.00,3.00,0.82,12.00
preoccupies,3.00,3.08,0.79,3.00,2.00,4.00,12.00,3.00,0.29,,0.00,0.00,1.00,0.00,0.00,3.00,0.66,12.00
preschooler,3.00,3.08,0.29,3.00,3.00,4.00,12.00,3.02,0.31,,0.02,0.02,0.98,0.00,0.02,3.00,0.45,12.00
prescribes,3.00,2.69,0.63,3.00,2.00,4.00,13.00,2.67,-0.04,,-0.33,0.33,0.75,0.33,0.00,3.00,0.19,13.00
proclaimed,3.00,2.69,0.48,3.00,2.00,3.00,13.00,2.77,0.06,,-0.23,0.23,0.81,0.23,0.00,3.00,0.22,13.00
productive,3.00,2.80,0.63,3.00,2.00,4.00,10.00,2.81,0.10,,-0.19,0.19,0.84,0.19,0.00,3.00,0.14,10.00
productively,4.00,3.40,0.70,3.50,2.00,4.00,10.00,3.35,0.65,,-0.65,0.65,0.61,0.65,0.00,3.00,0.77,10.00
profanities,3.00,3.00,1.04,3.00,1.00,5.00,12.00,3.02,0.31,,0.02,0.02,0.98,0.00,0.02,3.00,0.74,12.00
prohibits,3.00,2.92,0.64,3.00,2.00,4.00,13.00,2.88,0.17,,-0.12,0.12,0.89,0.12,0.00,3.00,0.74,13.00
projects,3.00,2.70,0.67,3.00,1.00,3.00,10.00,2.69,-0.01,,-0.31,0.31,0.77,0.31,0.00,3.00,0.86,10.00
purposefully,3.00,3.00,0.71,3.00,2.00,4.00,9.00,3.00,0.30,,0.00,0.00,1.00,0.00,0.00,3.00,0.72,9.00
qualification,2.00,3.36,1.03,3.00,2.00,6.00,11.00,3.23,0.53,,1.23,1.23,0.45,0.00,1.23,3.00,0.41,11.00
quantifications,4.00,3.58,1.24,4.00,1.00,5.00,12.00,3.47,0.76,,-0.53,0.53,0.65,0.53,0.00,3.00,0.68,12.00
randomization,3.00,3.54,0.52,4.00,3.00,4.00,13.00,3.40,0.69,,0.40,0.40,0.72,0.00,0.40,3.00,0.68,13.00
reapers,3.00,2.67,0.49,3.00,2.00,3.00,12.00,2.80,0.10,,-0.20,0.20,0.84,0.20,0.00,3.00,0.67,12.00
reassuring,4.00,3.08,0.76,3.00,1.00,4.00,13.00,3.08,0.37,,-0.92,0.92,0.52,0.92,0.00,3.00,0.92,13.00
receded,3.00,2.92,0.29,3.00,2.00,3.00,12.00,2.82,0.12,,-0.18,0.18,0.85,0.18,0.00,3.00,0.37,12.00
recirculate,3.00,2.90,0.74,3.00,2.00,4.00,10.00,3.07,0.37,,0.07,0.07,0.93,0.00,0.07,3.00,0.79,10.00
reddens,3.00,3.00,0.00,3.00,3.00,3.00,9.00,2.93,0.22,,-0.07,0.07,0.93,0.07,0.00,3.00,,9.00
reevaluated,3.00,3.45,0.69,3.00,3.00,5.00,11.00,3.39,0.69,,0.39,0.39,0.72,0.00,0.39,3.00,0.57,11.00
refashioning,3.00,3.31,0.48,3.00,3.00,4.00,13.00,3.08,0.38,,0.08,0.08,0.93,0.00,0.08,3.00,0.66,13.00
refreshing,3.00,2.70,0.48,3.00,2.00,3.00,10.00,2.90,0.19,,-0.10,0.10,0.91,0.10,0.00,3.00,0.77,10.00
relatedness,3.00,3.08,0.64,3.00,2.00,4.00,13.00,2.98,0.27,,-0.02,0.02,0.98,0.02,0.00,3.00,0.69,13.00
renegotiated,3.00,3.42,1.24,3.00,2.00,7.00,12.00,3.34,0.64,,0.34,0.34,0.74,0.00,0.34,3.00,0.62,12.00
renewals,4.00,3.36,0.50,3.00,3.00,4.00,11.00,3.32,0.62,,-0.68,0.68,0.60,0.68,0.00,3.00,0.62,11.00
repossessing,3.00,3.17,0.58,3.00,2.00,4.00,12.00,3.11,0.41,,0.11,0.11,0.90,0.00,0.11,3.00,0.58,12.00
reprocessed,3.00,3.33,0.49,3.00,3.00,4.00,12.00,3.16,0.46,,0.16,0.16,0.86,0.00,0.16,3.00,0.46,12.00
repulsion,3.00,2.50,0.71,3.00,1.00,3.00,10.00,2.57,-0.14,,-0.43,0.43,0.70,0.43,0.00,3.00,0.74,10.00
restfulness,3.00,2.90,0.32,3.00,2.00,3.00,10.00,2.83,0.12,,-0.17,0.17,0.85,0.17,0.00,3.00,0.21,10.00
retriever,2.00,2.45,0.52,2.00,2.00,3.00,11.00,2.50,-0.21,,0.50,0.50,0.67,0.00,0.50,2.00,0.60,11.00
salutation,2.00,2.64,0.81,2.00,2.00,4.00,11.00,2.66,-0.05,,0.66,0.66,0.60,0.00,0.66,3.00,0.82,11.00
seductions,4.00,2.60,0.70,3.00,1.00,3.00,10.00,2.80,0.09,,-1.20,1.20,0.45,1.20,0.00,3.00,0.65,10.00
semitrailers,3.00,3.42,0.67,3.50,2.00,4.00,12.00,3.43,0.72,,0.43,0.43,0.70,0.00,0.43,3.00,0.80,12.00
shameless,2.00,2.18,0.40,2.00,2.00,3.00,11.00,2.19,-0.51,,0.19,0.19,0.84,0.00,0.19,2.00,-0.18,11.00
skimpier,3.00,2.36,0.67,2.00,1.00,3.00,11.00,2.62,-0.09,,-0.38,0.38,0.72,0.38,0.00,3.00,0.76,11.00
socialites,4.00,2.90,0.57,3.00,2.00,4.00,10.00,2.92,0.21,,-1.08,1.08,0.48,1.08,0.00,3.00,0.49,10.00
stimulates,3.00,2.91,0.83,3.00,2.00,4.00,11.00,2.86,0.16,,-0.14,0.14,0.88,0.14,0.00,3.00,0.82,11.00
stimulatory,3.00,3.00,0.82,3.00,2.00,4.00,10.00,2.93,0.23,,-0.07,0.07,0.94,0.07,0.00,3.00,0.76,10.00
strivers,3.00,2.42,0.79,3.00,1.00,3.00,12.00,2.48,-0.23,,-0.52,0.52,0.66,0.52,0.00,2.00,0.76,12.00
subdividing,3.00,3.27,0.47,3.00,3.00,4.00,11.00,3.14,0.44,,0.14,0.14,0.87,0.00,0.14,3.00,0.62,11.00
subtypes,3.00,2.67,0.50,3.00,2.00,3.00,9.00,2.63,-0.08,,-0.37,0.37,0.73,0.37,0.00,3.00,0.03,9.00
supremacists,3.00,3.83,0.72,4.00,3.00,5.00,12.00,3.71,1.01,,0.71,0.71,0.58,0.00,0.71,4.00,0.45,12.00
suspensions,4.00,2.91,0.70,3.00,2.00,4.00,11.00,2.84,0.14,,-1.16,1.16,0.46,1.16,0.00,3.00,0.48,11.00
sweetened,3.00,2.67,0.49,3.00,2.00,3.00,12.00,2.60,-0.10,,-0.40,0.40,0.72,0.40,0.00,3.00,0.01,12.00
sweetens,3.00,2.42,0.51,2.00,2.00,3.00,12.00,2.51,-0.20,,-0.49,0.49,0.67,0.49,0.00,3.00,-0.08,12.00
swordsmen,3.00,2.42,0.51,2.00,2.00,3.00,12.00,2.51,-0.19,,-0.49,0.49,0.67,0.49,0.00,3.00,0.81,12.00
systematized,3.00,3.31,0.63,3.00,2.00,4.00,13.00,3.27,0.57,,0.27,0.27,0.79,0.00,0.27,3.00,0.53,13.00
tactlessness,3.00,3.09,0.30,3.00,3.00,4.00,11.00,3.11,0.41,,0.11,0.11,0.90,0.00,0.11,3.00,-0.36,11.00
transformation,3.00,3.17,0.58,3.00,2.00,4.00,12.00,3.22,0.52,,0.22,0.22,0.82,0.00,0.22,3.00,0.83,12.00
transformed,3.00,2.62,0.65,3.00,2.00,4.00,13.00,2.55,-0.16,,-0.45,0.45,0.69,0.45,0.00,3.00,0.22,13.00
transmutes,3.00,2.75,0.45,3.00,2.00,3.00,12.00,2.68,-0.03,,-0.32,0.32,0.76,0.32,0.00,3.00,0.63,12.00
uncoloured,3.00,2.90,0.32,3.00,2.00,3.00,10.00,2.77,0.06,,-0.23,0.23,0.81,0.23,0.00,3.00,0.16,10.00
undercharged,3.00,2.92,0.67,3.00,2.00,4.00,12.00,2.96,0.25,,-0.04,0.04,0.96,0.04,0.00,3.00,0.70,12.00
undermanned,3.00,3.11,0.33,3.00,3.00,4.00,9.00,3.09,0.38,,0.09,0.09,0.92,0.00,0.09,3.00,0.55,9.00
understudied,4.00,3.00,0.47,3.00,2.00,4.00,10.00,3.05,0.35,,-0.95,0.95,0.51,0.95,0.00,3.00,0.65,10.00
undeserved,4.00,3.00,0.67,3.00,2.00,4.00,10.00,3.08,0.37,,-0.92,0.92,0.52,0.92,0.00,3.00,0.89,10.00
unfixed,3.00,2.80,0.42,3.00,2.00,3.00,10.00,2.82,0.12,,-0.18,0.18,0.85,0.18,0.00,3.00,-0.30,10.00
unflattering,3.00,3.08,0.51,3.00,2.00,4.00,12.00,3.04,0.34,,0.04,0.04,0.96,0.00,0.04,3.00,0.28,12.00
unimaginative,4.00,3.63,1.06,3.00,3.00,6.00,8.00,3.56,0.86,,-0.44,0.44,0.70,0.44,0.00,4.00,0.83,8.00
uninterested,3.00,3.54,0.66,3.00,3.00,5.00,13.00,3.43,0.73,,0.43,0.43,0.70,0.00,0.43,3.00,0.77,13.00
unobtainable,4.00,3.00,0.00,3.00,3.00,3.00,12.00,3.07,0.36,,-0.93,0.93,0.52,0.93,0.00,3.00,,12.00
unproved,3.00,2.82,0.40,3.00,2.00,3.00,11.00,2.86,0.16,,-0.14,0.14,0.88,0.14,0.00,3.00,0.47,11.00
unpublished,3.00,3.07,0.47,3.00,2.00,4.00,14.00,3.15,0.45,,0.15,0.15,0.87,0.00,0.15,3.00,0.73,14.00
urinated,3.00,2.50,0.71,2.00,2.00,4.00,10.00,2.56,-0.14,,-0.44,0.44,0.70,0.44,0.00,3.00,0.59,10.00
utterances,3.00,2.75,0.62,3.00,2.00,4.00,12.00,2.79,0.08,,-0.21,0.21,0.82,0.21,0.00,3.00,0.81,12.00
valuation,3.00,2.36,0.92,2.00,1.00,4.00,11.00,2.39,-0.31,,-0.61,0.61,0.62,0.61,0.00,2.00,0.79,11.00
vulgarity,3.00,2.67,0.89,3.00,1.00,4.00,12.00,2.66,-0.05,,-0.34,0.34,0.74,0.34,0.00,3.00,0.84,12.00
waiters,3.00,2.45,0.82,3.00,1.00,3.00,11.00,2.55,-0.16,,-0.45,0.45,0.69,0.45,0.00,3.00,0.89,11.00
weakened,3.00,2.83,0.39,3.00,2.00,3.00,12.00,2.96,0.26,,-0.04,0.04,0.96,0.04,0.00,3.00,0.59,12.00
weakens,3.00,2.78,0.44,3.00,2.00,3.00,9.00,2.73,0.02,,-0.27,0.27,0.78,0.27,0.00,3.00,0.43,9.00
westernized,4.00,3.54,0.52,4.00,3.00,4.00,13.00,3.39,0.68,,-0.61,0.61,0.62,0.61,0.00,3.00,0.29,13.00
articulations,4.00,3.56,1.24,3.00,2.00,6.00,9.00,3.48,0.77,,-0.52,0.52,0.66,0.52,0.00,3.00,0.89,9.00
defederalization,4.00,4.00,1.00,4.00,2.00,5.00,11.00,3.88,1.17,,-0.12,0.12,0.89,0.12,0.00,4.00,0.91,11.00
denominational,5.00,4.11,1.54,4.00,3.00,8.00,9.00,3.99,1.28,,-1.01,1.01,0.50,1.01,0.00,4.00,0.86,9.00
designation,3.00,2.73,0.90,3.00,1.00,4.00,11.00,2.97,0.26,,-0.03,0.03,0.97,0.03,0.00,3.00,0.87,11.00
disappointments,4.00,3.64,0.50,4.00,3.00,4.00,11.00,3.73,1.02,,-0.27,0.27,0.79,0.27,0.00,4.00,0.49,11.00
experimenters,4.00,2.58,0.90,2.50,1.00,4.00,12.00,2.83,0.12,,-1.17,1.17,0.46,1.17,0.00,3.00,0.48,12.00
fictionalizes,5.00,3.45,1.04,4.00,1.00,5.00,11.00,3.51,0.80,,-1.49,1.49,0.40,1.49,0.00,4.00,0.78,11.00
idolization,3.00,2.89,0.78,3.00,2.00,4.00,9.00,2.98,0.27,,-0.02,0.02,0.98,0.02,0.00,3.00,0.70,9.00
inconvenienced,5.00,3.18,0.75,3.00,2.00,4.00,11.00,3.28,0.58,,-1.72,1.72,0.37,1.72,0.00,3.00,0.42,11.00
informatively,3.00,3.50,1.17,4.00,2.00,5.00,12.00,3.60,0.89,,0.60,0.60,0.63,0.00,0.60,4.00,0.74,12.00
inoffensiveness,4.00,3.82,0.60,4.00,3.00,5.00,11.00,3.88,1.17,,-0.12,0.12,0.89,0.12,0.00,4.00,0.82,11.00
inspirations,4.00,3.00,0.94,3.00,2.00,5.00,10.00,3.07,0.37,,-0.93,0.93,0.52,0.93,0.00,3.00,0.62,10.00
instinctively,3.00,3.00,0.67,3.00,2.00,4.00,10.00,3.10,0.39,,0.10,0.10,0.91,0.00,0.10,3.00,0.35,10.00
intentional,4.00,3.00,0.67,3.00,2.00,4.00,10.00,2.96,0.25,,-1.04,1.04,0.49,1.04,0.00,3.00,0.09,10.00
misdemeanors,3.00,3.67,0.78,4.00,2.00,5.00,12.00,3.58,0.87,,0.58,0.58,0.63,0.00,0.58,4.00,0.53,12.00
procedurals,3.00,3.17,0.94,3.00,2.00,5.00,12.00,3.12,0.42,,0.12,0.12,0.89,0.00,0.12,3.00,0.82,12.00
reinitializing,4.00,4.10,0.74,4.00,3.00,6.00,10.00,3.96,1.25,,-0.04,0.04,0.96,0.04,0.00,4.00,0.78,10.00
remissions,4.00,3.00,0.77,3.00,1.00,4.00,11.00,2.97,0.26,,-1.03,1.03,0.49,1.03,0.00,3.00,0.69,11.00
suitability,3.00,2.73,0.79,3.00,2.00,4.00,11.00,2.80,0.09,,-0.20,0.20,0.83,0.20,0.00,3.00,0.70,11.00
uncharitably,4.00,3.50,0.80,3.50,2.00,5.00,12.00,3.54,0.83,,-0.46,0.46,0.68,0.46,0.00,4.00,0.84,12.00
unmentionables,4.00,4.18,0.87,4.00,3.00,6.00,11.00,4.00,1.29,,0.00,0.00,1.00,0.00,0.00,4.00,0.63,11.00
depersonalization,5.00,4.25,0.45,4.00,4.00,5.00,12.00,4.12,1.41,,-0.88,0.88,0.53,0.88,0.00,4.00,0.34,12.00
irrepressibly,5.00,4.17,1.03,4.50,2.00,5.00,12.00,3.94,1.24,,-1.06,1.06,0.49,1.06,0.00,4.00,0.54,12.00
polarizations,5.00,3.73,0.79,4.00,3.00,5.00,11.00,3.69,0.99,,-1.31,1.31,0.43,1.31,0.00,4.00,0.34,11.00
auntie,2.00,1.73,0.47,2.00,1.00,2.00,11.00,1.75,-0.95,,-0.25,0.25,0.80,0.25,0.00,2.00,0.35,11.00
aromatic,2.00,2.33,0.89,2.00,1.00,4.00,12.00,2.32,-0.38,,0.32,0.32,0.76,0.00,0.32,2.00,0.87,12.00
ashore,2.00,1.91,0.30,2.00,1.00,2.00,11.00,2.08,-0.63,,0.08,0.08,0.93,0.00,0.08,2.00,0.50,11.00
awestruck,2.00,2.00,0.00,2.00,2.00,2.00,10.00,1.96,-0.74,,-0.04,0.04,0.96,0.04,0.00,2.00,,10.00
ballistic,2.00,2.33,0.78,2.50,1.00,3.00,12.00,2.30,-0.40,,0.30,0.30,0.77,0.00,0.30,2.00,0.57,12.00
begrudge,2.00,2.00,0.00,2.00,2.00,2.00,11.00,2.02,-0.69,,0.02,0.02,0.98,0.00,0.02,2.00,,11.00
behavior,2.00,1.78,0.97,1.00,1.00,3.00,9.00,1.90,-0.81,,-0.10,0.10,0.91,0.10,0.00,2.00,0.49,9.00
blocky,2.00,2.00,0.00,2.00,2.00,2.00,12.00,1.96,-0.75,,-0.04,0.04,0.96,0.04,0.00,2.00,,12.00
bluest,2.00,1.91,0.30,2.00,1.00,2.00,11.00,2.13,-0.58,,0.13,0.13,0.89,0.00,0.13,2.00,0.09,11.00
breezy,2.00,1.90,0.32,2.00,1.00,2.00,10.00,1.82,-0.88,,-0.18,0.18,0.85,0.18,0.00,2.00,-0.21,10.00
brutally,3.00,2.20,0.42,2.00,2.00,3.00,10.00,2.12,-0.59,,-0.88,0.88,0.53,0.88,0.00,2.00,0.52,10.00
buzzer,2.00,1.82,0.40,2.00,1.00,2.00,11.00,1.93,-0.77,,-0.07,0.07,0.94,0.07,0.00,2.00,0.37,11.00
cartoonist,2.00,2.36,0.50,2.00,2.00,3.00,11.00,2.29,-0.42,,0.29,0.29,0.78,0.00,0.29,2.00,0.86,11.00
chainlike,2.00,2.00,0.00,2.00,2.00,2.00,12.00,2.03,-0.68,,0.03,0.03,0.97,0.00,0.03,2.00,,12.00
choppy,2.00,1.64,0.50,2.00,1.00,2.00,11.00,1.83,-0.88,,-0.17,0.17,0.85,0.17,0.00,2.00,0.39,11.00
colonist,2.00,1.75,0.45,2.00,1.00,2.00,12.00,2.05,-0.66,,0.05,0.05,0.95,0.00,0.05,2.00,0.53,12.00
concept,2.00,1.79,0.43,2.00,1.00,2.00,14.00,1.71,-0.99,,-0.29,0.29,0.78,0.29,0.00,2.00,0.63,14.00
confront,2.00,2.00,0.00,2.00,2.00,2.00,12.00,2.17,-0.54,,0.17,0.17,0.86,0.00,0.17,2.00,,12.00
conspiracy,2.00,2.50,0.67,2.00,2.00,4.00,12.00,2.51,-0.19,,0.51,0.51,0.66,0.00,0.51,3.00,0.74,12.00
cultural,2.00,2.25,0.87,2.00,1.00,4.00,12.00,2.34,-0.36,,0.34,0.34,0.74,0.00,0.34,2.00,0.59,12.00
curator,3.00,2.00,0.50,2.00,1.00,3.00,9.00,2.12,-0.58,,-0.88,0.88,0.53,0.88,0.00,2.00,0.62,9.00
darken,2.00,2.00,0.00,2.00,2.00,2.00,12.00,1.90,-0.80,,-0.10,0.10,0.91,0.10,0.00,2.00,,12.00
debone,2.00,1.91,0.30,2.00,1.00,2.00,11.00,1.80,-0.91,,-0.20,0.20,0.83,0.20,0.00,2.00,0.59,11.00
density,2.00,2.17,0.58,2.00,1.00,3.00,12.00,2.13,-0.58,,0.13,0.13,0.89,0.00,0.13,2.00,0.61,12.00
diatomic,3.00,2.62,0.51,3.00,2.00,3.00,13.00,2.68,-0.03,,-0.32,0.32,0.76,0.32,0.00,3.00,0.61,13.00
dimly,2.00,2.08,0.29,2.00,2.00,3.00,12.00,2.06,-0.65,,0.06,0.06,0.94,0.00,0.06,2.00,-0.16,12.00
dimness,2.00,2.00,0.00,2.00,2.00,2.00,14.00,1.97,-0.74,,-0.03,0.03,0.97,0.03,0.00,2.00,,14.00
dipper,2.00,1.82,0.40,2.00,1.00,2.00,11.00,1.93,-0.77,,-0.07,0.07,0.94,0.07,0.00,2.00,0.51,11.00
doctorate,2.00,2.42,0.51,2.00,2.00,3.00,12.00,2.42,-0.28,,0.42,0.42,0.70,0.00,0.42,2.00,0.82,12.00
effectual,3.00,2.08,0.67,2.00,1.00,3.00,12.00,2.25,-0.46,,-0.75,0.75,0.57,0.75,0.00,2.00,0.81,12.00
elation,2.00,2.00,0.45,2.00,1.00,3.00,11.00,2.07,-0.63,,0.07,0.07,0.93,0.00,0.07,2.00,0.71,11.00
elector,2.00,2.30,0.48,2.00,2.00,3.00,10.00,2.22,-0.48,,0.22,0.22,0.82,0.00,0.22,2.00,0.65,10.00
farcical,3.00,2.23,0.73,2.00,1.00,3.00,13.00,2.19,-0.51,,-0.81,0.81,0.55,0.81,0.00,2.00,0.55,13.00
filthily,3.00,2.18,0.40,2.00,2.00,3.00,11.00,2.26,-0.44,,-0.74,0.74,0.58,0.74,0.00,2.00,0.40,11.00
flammable,2.00,2.18,0.40,2.00,2.00,3.00,11.00,2.12,-0.58,,0.12,0.12,0.89,0.00,0.12,2.00,0.10,11.00
fleetingly,3.00,2.91,0.30,3.00,2.00,3.00,11.00,2.85,0.14,,-0.15,0.15,0.87,0.15,0.00,3.00,-0.12,11.00
hemisphere,2.00,2.17,0.58,2.00,1.00,3.00,12.00,2.22,-0.48,,0.22,0.22,0.82,0.00,0.22,2.00,0.33,12.00
hornier,3.00,2.44,0.53,2.00,2.00,3.00,9.00,2.48,-0.23,,-0.52,0.52,0.66,0.52,0.00,2.00,0.19,9.00
hugely,2.00,2.09,0.30,2.00,2.00,3.00,11.00,2.09,-0.61,,0.09,0.09,0.92,0.00,0.09,2.00,0.18,11.00
impart,2.00,2.00,0.00,2.00,2.00,2.00,11.00,2.00,-0.71,,0.00,0.00,1.00,0.00,0.00,2.00,,11.00
jeopardize,2.00,2.08,0.49,2.00,1.00,3.00,13.00,2.20,-0.51,,0.20,0.20,0.83,0.00,0.20,2.00,-0.20,13.00
justly,2.00,2.00,0.00,2.00,2.00,2.00,11.00,2.03,-0.68,,0.03,0.03,0.97,0.00,0.03,2.00,,11.00
killable,2.00,2.40,0.52,2.00,2.00,3.00,10.00,2.52,-0.18,,0.52,0.52,0.66,0.00,0.52,3.00,0.33,10.00
kiloton,2.00,2.30,0.48,2.00,2.00,3.00,10.00,2.22,-0.49,,0.22,0.22,0.82,0.00,0.22,2.00,0.78,10.00
kissable,2.00,2.14,0.36,2.00,2.00,3.00,14.00,2.13,-0.57,,0.13,0.13,0.88,0.00,0.13,2.00,0.65,14.00
laborer,2.00,2.17,0.39,2.00,2.00,3.00,12.00,2.25,-0.45,,0.25,0.25,0.80,0.00,0.25,2.00,0.76,12.00
leanest,2.00,2.00,0.00,2.00,2.00,2.00,10.00,2.21,-0.49,,0.21,0.21,0.82,0.00,0.21,2.00,,10.00
marshy,2.00,2.00,0.00,2.00,2.00,2.00,11.00,1.92,-0.79,,-0.08,0.08,0.92,0.08,0.00,2.00,,11.00
microwave,2.00,1.92,0.29,2.00,1.00,2.00,12.00,2.04,-0.66,,0.04,0.04,0.96,0.00,0.04,2.00,0.71,12.00
mincer,2.00,2.00,0.00,2.00,2.00,2.00,10.00,1.98,-0.73,,-0.02,0.02,0.98,0.02,0.00,2.00,,10.00
misrule,2.00,2.00,0.00,2.00,2.00,2.00,10.00,2.03,-0.68,,0.03,0.03,0.97,0.00,0.03,2.00,,10.00
modulation,3.00,2.73,0.65,3.00,2.00,4.00,11.00,2.82,0.11,,-0.18,0.18,0.85,0.18,0.00,3.00,0.52,11.00
muckier,3.00,2.18,0.40,2.00,2.00,3.00,11.00,2.20,-0.51,,-0.80,0.80,0.55,0.80,0.00,2.00,0.49,11.00
muggier,3.00,2.50,0.52,2.50,2.00,3.00,12.00,2.52,-0.19,,-0.48,0.48,0.67,0.48,0.00,3.00,0.74,12.00
nakedly,2.00,2.45,0.52,2.00,2.00,3.00,11.00,2.39,-0.31,,0.39,0.39,0.72,0.00,0.39,2.00,0.67,11.00
nastier,2.00,2.17,0.58,2.00,1.00,3.00,12.00,2.15,-0.56,,0.15,0.15,0.87,0.00,0.15,2.00,0.56,12.00
neutrally,3.00,2.00,0.43,2.00,1.00,3.00,12.00,2.19,-0.52,,-0.81,0.81,0.55,0.81,0.00,2.00,0.85,12.00
newly,2.00,2.00,0.00,2.00,2.00,2.00,10.00,1.82,-0.88,,-0.18,0.18,0.85,0.18,0.00,2.00,,10.00
outflow,2.00,2.09,0.30,2.00,2.00,3.00,11.00,2.16,-0.55,,0.16,0.16,0.86,0.00,0.16,2.00,-0.23,11.00
overheard,2.00,2.09,0.54,2.00,1.00,3.00,11.00,2.19,-0.51,,0.19,0.19,0.84,0.00,0.19,2.00,0.40,11.00
overrode,2.00,2.00,0.00,2.00,2.00,2.00,11.00,2.05,-0.65,,0.05,0.05,0.95,0.00,0.05,2.00,,11.00
parliamentary,2.00,2.77,0.83,3.00,1.00,4.00,13.00,2.82,0.11,,0.82,0.82,0.55,0.00,0.82,3.00,0.41,13.00
patiently,3.00,2.33,0.50,2.00,2.00,3.00,9.00,2.30,-0.40,,-0.70,0.70,0.59,0.70,0.00,2.00,0.64,9.00
poisonous,2.00,2.00,0.47,2.00,1.00,3.00,10.00,2.18,-0.53,,0.18,0.18,0.85,0.00,0.18,2.00,0.56,10.00
postmark,2.00,2.10,0.32,2.00,2.00,3.00,10.00,2.02,-0.69,,0.02,0.02,0.98,0.00,0.02,2.00,0.30,10.00
predator,2.00,2.08,0.67,2.00,1.00,3.00,12.00,2.16,-0.55,,0.16,0.16,0.86,0.00,0.16,2.00,0.74,12.00
punker,2.00,2.00,0.39,2.00,1.00,3.00,14.00,1.88,-0.83,,-0.12,0.12,0.89,0.12,0.00,2.00,0.16,14.00
purer,2.00,1.85,0.38,2.00,1.00,2.00,13.00,2.05,-0.66,,0.05,0.05,0.96,0.00,0.05,2.00,0.87,13.00
quackery,2.00,2.46,0.66,3.00,1.00,3.00,13.00,2.40,-0.31,,0.40,0.40,0.72,0.00,0.40,2.00,0.40,13.00
radiation,3.00,2.30,0.67,2.00,2.00,4.00,10.00,2.25,-0.46,,-0.75,0.75,0.57,0.75,0.00,2.00,0.40,10.00
reasonable,2.00,2.08,0.28,2.00,2.00,3.00,13.00,2.13,-0.58,,0.13,0.13,0.89,0.00,0.13,2.00,0.62,13.00
reassure,3.00,2.27,0.47,2.00,2.00,3.00,11.00,2.34,-0.37,,-0.66,0.66,0.60,0.66,0.00,2.00,-0.13,11.00
remodel,2.00,2.42,0.51,2.00,2.00,3.00,12.00,2.33,-0.38,,0.33,0.33,0.75,0.00,0.33,2.00,0.65,12.00
renter,2.00,1.89,0.33,2.00,1.00,2.00,9.00,1.84,-0.86,,-0.16,0.16,0.86,0.16,0.00,2.00,0.74,9.00
richness,2.00,2.00,0.00,2.00,2.00,2.00,8.00,1.85,-0.86,,-0.15,0.15,0.87,0.15,0.00,2.00,,8.00
rustler,2.00,1.91,0.30,2.00,1.00,2.00,11.00,1.98,-0.72,,-0.02,0.02,0.98,0.02,0.00,2.00,-0.03,11.00
silencer,3.00,2.17,0.72,2.00,1.00,3.00,12.00,2.31,-0.40,,-0.69,0.69,0.59,0.69,0.00,2.00,0.85,12.00
skilful,2.00,1.90,0.32,2.00,1.00,2.00,10.00,1.98,-0.72,,-0.02,0.02,0.98,0.02,0.00,2.00,0.37,10.00
smaller,2.00,2.00,0.00,2.00,2.00,2.00,11.00,2.17,-0.53,,0.17,0.17,0.85,0.00,0.17,2.00,,11.00
smugness,2.00,2.00,0.43,2.00,1.00,3.00,12.00,2.07,-0.63,,0.07,0.07,0.93,0.00,0.07,2.00,0.14,12.00
snugness,2.00,1.91,0.30,2.00,1.00,2.00,11.00,1.98,-0.73,,-0.02,0.02,0.98,0.02,0.00,2.00,0.36,11.00
solely,2.00,2.00,0.00,2.00,2.00,2.00,11.00,1.91,-0.80,,-0.09,0.09,0.91,0.09,0.00,2.00,,11.00
solemnly,2.00,2.27,0.47,2.00,2.00,3.00,11.00,2.28,-0.42,,0.28,0.28,0.78,0.00,0.28,2.00,0.18,11.00
starry,2.00,1.92,0.29,2.00,1.00,2.00,12.00,1.90,-0.81,,-0.10,0.10,0.91,0.10,0.00,2.00,0.49,12.00
stately,2.00,1.90,0.32,2.00,1.00,2.00,10.00,2.06,-0.65,,0.06,0.06,0.95,0.00,0.06,2.00,0.81,10.00
steamer,2.00,1.89,0.33,2.00,1.00,2.00,9.00,2.04,-0.67,,0.04,0.04,0.97,0.00,0.04,2.00,0.63,9.00
stimulated,3.00,2.78,0.83,3.00,2.00,4.00,9.00,2.55,-0.15,,-0.45,0.45,0.69,0.45,0.00,3.00,0.84,9.00
sturdily,2.00,2.55,0.52,3.00,2.00,3.00,11.00,2.47,-0.24,,0.47,0.47,0.68,0.00,0.47,2.00,0.51,11.00
suggestion,2.00,2.18,0.60,2.00,1.00,3.00,11.00,2.34,-0.37,,0.34,0.34,0.75,0.00,0.34,2.00,0.70,11.00
sunny,2.00,1.90,0.32,2.00,1.00,2.00,10.00,1.97,-0.74,,-0.03,0.03,0.97,0.03,0.00,2.00,0.42,10.00
supermen,2.00,2.33,0.50,2.00,2.00,3.00,9.00,2.24,-0.47,,0.24,0.24,0.81,0.00,0.24,2.00,0.14,9.00
surveys,3.00,2.40,0.52,2.00,2.00,3.00,10.00,2.34,-0.37,,-0.66,0.66,0.60,0.66,0.00,2.00,0.84,10.00
synthesizing,4.00,3.00,0.82,3.00,2.00,4.00,10.00,2.98,0.28,,-1.02,1.02,0.50,1.02,0.00,3.00,0.36,10.00
terminally,3.00,2.82,0.75,3.00,2.00,4.00,11.00,2.77,0.06,,-0.23,0.23,0.81,0.23,0.00,3.00,0.08,11.00
unionist,3.00,2.09,0.30,2.00,2.00,3.00,11.00,2.15,-0.56,,-0.85,0.85,0.54,0.85,0.00,2.00,0.63,11.00
upland,2.00,2.00,0.00,2.00,2.00,2.00,11.00,2.08,-0.62,,0.08,0.08,0.93,0.00,0.08,2.00,,11.00
upshot,2.00,2.00,0.00,2.00,2.00,2.00,13.00,2.02,-0.69,,0.02,0.02,0.98,0.00,0.02,2.00,,13.00
vaporize,2.00,2.17,0.58,2.00,1.00,3.00,12.00,2.15,-0.56,,0.15,0.15,0.87,0.00,0.15,2.00,0.81,12.00
voiceless,2.00,2.00,0.00,2.00,2.00,2.00,14.00,1.94,-0.76,,-0.06,0.06,0.94,0.06,0.00,2.00,,14.00
waviness,3.00,2.67,0.49,3.00,2.00,3.00,12.00,2.70,0.00,,-0.30,0.30,0.77,0.30,0.00,3.00,0.50,12.00
withstand,2.00,2.27,1.01,2.00,1.00,5.00,11.00,2.24,-0.47,,0.24,0.24,0.81,0.00,0.24,2.00,0.51,11.00
afghanistanis,5.00,3.54,1.05,3.00,2.00,5.00,13.00,3.42,0.71,,-1.58,1.58,0.39,1.58,0.00,3.00,0.88,13.00
alternator,3.00,2.45,0.82,2.00,1.00,4.00,11.00,2.44,-0.26,,-0.56,0.56,0.64,0.56,0.00,2.00,0.89,11.00
annoyance,2.00,2.58,0.51,3.00,2.00,3.00,12.00,2.38,-0.33,,0.38,0.38,0.73,0.00,0.38,2.00,0.60,12.00
antiseptic,2.00,2.67,0.49,3.00,2.00,3.00,12.00,2.66,-0.05,,0.66,0.66,0.60,0.00,0.66,3.00,0.60,12.00
archeological,3.00,3.50,1.08,3.50,2.00,5.00,10.00,3.30,0.60,,0.30,0.30,0.77,0.00,0.30,3.00,0.75,10.00
assimilate,3.00,3.00,0.63,3.00,2.00,4.00,11.00,2.86,0.15,,-0.14,0.14,0.88,0.14,0.00,3.00,0.57,11.00
broadcastable,2.00,3.09,0.30,3.00,3.00,4.00,11.00,3.04,0.33,,1.04,1.04,0.49,0.00,1.04,3.00,-0.32,11.00
callers,3.00,2.45,0.52,2.00,2.00,3.00,11.00,2.52,-0.19,,-0.48,0.48,0.68,0.48,0.00,3.00,0.51,11.00
certificated,4.00,3.44,0.88,3.00,2.00,5.00,9.00,3.29,0.58,,-0.71,0.71,0.58,0.71,0.00,3.00,0.78,9.00
charmers,3.00,2.44,0.73,3.00,1.00,3.00,9.00,2.44,-0.26,,-0.56,0.56,0.64,0.56,0.00,2.00,0.20,9.00
congregation,4.00,2.77,0.73,3.00,2.00,4.00,13.00,2.74,0.03,,-1.26,1.26,0.44,1.26,0.00,3.00,0.81,13.00
converting,3.00,2.50,0.53,2.50,2.00,3.00,10.00,2.55,-0.16,,-0.45,0.45,0.69,0.45,0.00,3.00,0.30,10.00
correlate,2.00,2.50,0.52,2.50,2.00,3.00,12.00,2.41,-0.29,,0.41,0.41,0.71,0.00,0.41,2.00,0.58,12.00
creativity,3.00,2.55,0.52,3.00,2.00,3.00,11.00,2.64,-0.06,,-0.36,0.36,0.74,0.36,0.00,3.00,0.82,11.00
creepiest,3.00,2.45,0.52,2.00,2.00,3.00,11.00,2.45,-0.25,,-0.55,0.55,0.65,0.55,0.00,2.00,0.53,11.00
dampening,3.00,3.00,0.82,3.00,2.00,5.00,10.00,2.96,0.26,,-0.04,0.04,0.96,0.04,0.00,3.00,0.10,10.00
deceptive,3.00,2.91,0.54,3.00,2.00,4.00,11.00,2.72,0.02,,-0.28,0.28,0.78,0.28,0.00,3.00,0.54,11.00
demystify,3.00,2.82,0.60,3.00,2.00,4.00,11.00,2.72,0.02,,-0.28,0.28,0.78,0.28,0.00,3.00,0.51,11.00
depicted,3.00,2.92,0.29,3.00,2.00,3.00,12.00,2.80,0.10,,-0.20,0.20,0.83,0.20,0.00,3.00,0.26,12.00
depreciation,4.00,3.27,0.79,3.00,2.00,5.00,11.00,3.19,0.49,,-0.81,0.81,0.55,0.81,0.00,3.00,0.71,11.00
depression,3.00,2.73,0.47,3.00,2.00,3.00,11.00,2.69,-0.02,,-0.31,0.31,0.76,0.31,0.00,3.00,0.42,11.00
directorship,3.00,3.00,0.74,3.00,2.00,4.00,12.00,2.89,0.19,,-0.11,0.11,0.90,0.11,0.00,3.00,0.77,12.00
disapproved,3.00,3.00,0.45,3.00,2.00,4.00,11.00,3.11,0.40,,0.11,0.11,0.90,0.00,0.11,3.00,0.29,11.00
dislodged,3.00,2.83,0.39,3.00,2.00,3.00,12.00,2.72,0.01,,-0.28,0.28,0.78,0.28,0.00,3.00,-0.09,12.00
dismissing,3.00,3.00,0.00,3.00,3.00,3.00,11.00,2.85,0.15,,-0.15,0.15,0.87,0.15,0.00,3.00,,11.00
dispersal,3.00,2.45,0.69,3.00,1.00,3.00,11.00,2.51,-0.20,,-0.49,0.49,0.67,0.49,0.00,3.00,0.87,11.00
distinctive,2.00,2.50,0.53,2.50,2.00,3.00,10.00,2.59,-0.12,,0.59,0.59,0.63,0.00,0.59,3.00,0.49,10.00
dividers,3.00,2.75,0.87,3.00,1.00,4.00,12.00,2.82,0.12,,-0.18,0.18,0.85,0.18,0.00,3.00,0.70,12.00
embosses,3.00,2.83,0.58,3.00,2.00,4.00,12.00,2.74,0.03,,-0.26,0.26,0.79,0.26,0.00,3.00,0.11,12.00
endearing,3.00,2.83,0.39,3.00,2.00,3.00,12.00,2.91,0.20,,-0.09,0.09,0.91,0.09,0.00,3.00,0.41,12.00
enigmatically,3.00,3.50,1.31,3.00,2.00,6.00,12.00,3.44,0.74,,0.44,0.44,0.69,0.00,0.44,3.00,0.85,12.00
enlisted,3.00,2.91,0.30,3.00,2.00,3.00,11.00,2.75,0.05,,-0.25,0.25,0.80,0.25,0.00,3.00,0.44,11.00
equilibriums,4.00,2.91,1.14,3.00,1.00,4.00,11.00,2.83,0.13,,-1.17,1.17,0.46,1.17,0.00,3.00,-0.34,11.00
exhibitor,3.00,3.00,0.67,3.00,2.00,4.00,10.00,2.90,0.20,,-0.10,0.10,0.91,0.10,0.00,3.00,0.74,10.00
exportable,3.00,3.00,0.60,3.00,2.00,4.00,12.00,2.97,0.26,,-0.03,0.03,0.97,0.03,0.00,3.00,0.63,12.00
factorise,3.00,2.75,0.45,3.00,2.00,3.00,12.00,2.63,-0.07,,-0.37,0.37,0.73,0.37,0.00,3.00,0.47,12.00
faultlessness,3.00,3.11,0.33,3.00,3.00,4.00,9.00,2.99,0.28,,-0.01,0.01,0.99,0.01,0.00,3.00,-0.17,9.00
fearfulness,3.00,3.00,0.00,3.00,3.00,3.00,11.00,3.18,0.48,,0.18,0.18,0.84,0.00,0.18,3.00,,11.00
functionally,4.00,3.00,0.60,3.00,2.00,4.00,12.00,3.03,0.32,,-0.97,0.97,0.51,0.97,0.00,3.00,0.55,12.00
generalization,4.00,3.08,0.64,3.00,2.00,4.00,13.00,3.11,0.41,,-0.89,0.89,0.53,0.89,0.00,3.00,0.46,13.00
genetics,2.00,2.78,0.83,3.00,1.00,4.00,9.00,2.77,0.06,,0.77,0.77,0.57,0.00,0.77,3.00,0.67,9.00
glorifies,3.00,2.50,0.67,3.00,1.00,3.00,12.00,2.55,-0.16,,-0.45,0.45,0.69,0.45,0.00,3.00,0.77,12.00
gunnery,2.00,2.64,0.50,3.00,2.00,3.00,11.00,2.65,-0.05,,0.65,0.65,0.61,0.00,0.65,3.00,0.11,11.00
harmoniousness,4.00,3.40,1.07,3.00,2.00,5.00,10.00,3.36,0.65,,-0.64,0.64,0.61,0.64,0.00,3.00,0.90,10.00
heatedly,3.00,2.92,0.28,3.00,2.00,3.00,13.00,2.96,0.26,,-0.04,0.04,0.96,0.04,0.00,3.00,-0.30,13.00
hecklers,3.00,2.58,0.67,3.00,1.00,3.00,12.00,2.54,-0.16,,-0.46,0.46,0.69,0.46,0.00,3.00,0.42,12.00
heterosexual,3.00,3.27,1.10,3.00,2.00,5.00,11.00,3.15,0.44,,0.15,0.15,0.87,0.00,0.15,3.00,0.95,11.00
hydraulically,2.00,3.25,0.87,3.00,2.00,5.00,12.00,3.27,0.56,,1.27,1.27,0.44,0.00,1.27,3.00,0.78,12.00
illusionary,3.00,2.73,0.79,3.00,1.00,4.00,11.00,2.78,0.08,,-0.22,0.22,0.82,0.22,0.00,3.00,0.86,11.00
indefensible,3.00,3.00,0.43,3.00,2.00,4.00,12.00,3.10,0.39,,0.10,0.10,0.91,0.00,0.10,3.00,0.50,12.00
inducement,3.00,2.54,0.52,3.00,2.00,3.00,13.00,2.53,-0.17,,-0.47,0.47,0.68,0.47,0.00,3.00,0.50,13.00
insider,3.00,2.38,0.65,2.00,1.00,3.00,13.00,2.34,-0.37,,-0.66,0.66,0.60,0.66,0.00,2.00,0.59,13.00
interracial,3.00,3.00,0.60,3.00,2.00,4.00,12.00,2.92,0.22,,-0.08,0.08,0.93,0.08,0.00,3.00,0.45,12.00
interrelated,3.00,3.33,0.50,3.00,3.00,4.00,9.00,3.26,0.56,,0.26,0.26,0.79,0.00,0.26,3.00,0.81,9.00
intuitive,3.00,2.40,0.70,2.50,1.00,3.00,10.00,2.41,-0.30,,-0.59,0.59,0.63,0.59,0.00,2.00,0.81,10.00
invalidity,3.00,2.80,0.42,3.00,2.00,3.00,10.00,2.79,0.09,,-0.21,0.21,0.83,0.21,0.00,3.00,0.33,10.00
involving,3.00,2.73,0.65,3.00,2.00,4.00,11.00,2.84,0.14,,-0.16,0.16,0.87,0.16,0.00,3.00,0.38,11.00
irrelevant,3.00,2.69,0.63,3.00,2.00,4.00,13.00,2.56,-0.15,,-0.44,0.44,0.69,0.44,0.00,3.00,0.87,13.00
irrigated,3.00,2.73,0.47,3.00,2.00,3.00,11.00,2.73,0.02,,-0.27,0.27,0.78,0.27,0.00,3.00,0.81,11.00
judiciously,3.00,2.92,1.04,3.00,2.00,5.00,13.00,2.96,0.25,,-0.04,0.04,0.96,0.04,0.00,3.00,0.87,13.00
kidnapper,2.00,2.64,0.50,3.00,2.00,3.00,11.00,2.76,0.05,,0.76,0.76,0.57,0.00,0.76,3.00,0.69,11.00
levitation,3.00,2.67,0.71,3.00,2.00,4.00,9.00,2.68,-0.02,,-0.32,0.32,0.76,0.32,0.00,3.00,0.80,9.00
livelier,3.00,3.00,0.74,3.00,2.00,5.00,12.00,2.77,0.06,,-0.23,0.23,0.81,0.23,0.00,3.00,0.07,12.00
meaningfully,4.00,3.33,0.49,3.00,3.00,4.00,12.00,3.35,0.64,,-0.65,0.65,0.60,0.65,0.00,3.00,0.77,12.00
mentalities,3.00,3.09,0.54,3.00,2.00,4.00,11.00,3.02,0.32,,0.02,0.02,0.98,0.00,0.02,3.00,0.77,11.00
microprocessing,3.00,3.33,0.71,3.00,3.00,5.00,9.00,3.28,0.58,,0.28,0.28,0.78,0.00,0.28,3.00,0.48,9.00
mightier,3.00,2.45,0.52,2.00,2.00,3.00,11.00,2.43,-0.27,,-0.57,0.57,0.64,0.57,0.00,2.00,0.52,11.00
movers,3.00,2.67,0.49,3.00,2.00,3.00,12.00,2.68,-0.03,,-0.32,0.32,0.76,0.32,0.00,3.00,0.42,12.00
multilingual,3.00,2.92,0.76,3.00,2.00,4.00,13.00,2.85,0.15,,-0.15,0.15,0.87,0.15,0.00,3.00,0.78,13.00
mundanely,2.00,2.62,0.65,3.00,1.00,3.00,13.00,2.63,-0.07,,0.63,0.63,0.61,0.00,0.63,3.00,0.53,13.00
officialdom,3.00,2.30,0.48,2.00,2.00,3.00,10.00,2.35,-0.36,,-0.65,0.65,0.60,0.65,0.00,2.00,0.51,10.00
officiating,3.00,2.45,0.52,2.00,2.00,3.00,11.00,2.60,-0.10,,-0.40,0.40,0.71,0.40,0.00,3.00,0.49,11.00
outposts,3.00,2.64,0.50,3.00,2.00,3.00,11.00,2.57,-0.14,,-0.43,0.43,0.70,0.43,0.00,3.00,0.38,11.00
outsmarts,3.00,3.00,0.00,3.00,3.00,3.00,12.00,2.92,0.22,,-0.08,0.08,0.93,0.08,0.00,3.00,,12.00
overbalanced,3.00,2.90,0.32,3.00,2.00,3.00,10.00,2.90,0.19,,-0.10,0.10,0.91,0.10,0.00,3.00,0.19,10.00
overdependence,3.00,3.15,0.55,3.00,2.00,4.00,13.00,3.19,0.49,,0.19,0.19,0.84,0.00,0.19,3.00,0.65,13.00
overdresses,3.00,2.92,0.29,3.00,2.00,3.00,12.00,2.91,0.20,,-0.09,0.09,0.92,0.09,0.00,3.00,-0.11,12.00
overflowing,3.00,2.75,0.45,3.00,2.00,3.00,12.00,2.85,0.15,,-0.15,0.15,0.87,0.15,0.00,3.00,0.62,12.00
overflows,3.00,2.89,0.33,3.00,2.00,3.00,9.00,2.81,0.10,,-0.19,0.19,0.84,0.19,0.00,3.00,0.62,9.00
payments,3.00,2.38,0.77,3.00,1.00,3.00,13.00,2.45,-0.25,,-0.55,0.55,0.65,0.55,0.00,2.00,0.61,13.00
preadolescents,3.00,3.00,1.00,3.00,1.00,5.00,11.00,3.03,0.32,,0.03,0.03,0.98,0.00,0.03,3.00,0.83,11.00
preoccupation,3.00,3.50,0.85,3.50,2.00,5.00,10.00,3.27,0.56,,0.27,0.27,0.79,0.00,0.27,3.00,0.67,10.00
printers,3.00,2.33,0.49,2.00,2.00,3.00,12.00,2.19,-0.52,,-0.81,0.81,0.55,0.81,0.00,2.00,-0.17,12.00
produces,3.00,2.67,0.65,3.00,2.00,4.00,12.00,2.61,-0.09,,-0.39,0.39,0.72,0.39,0.00,3.00,0.69,12.00
production,3.00,2.64,0.50,3.00,2.00,3.00,11.00,2.65,-0.06,,-0.35,0.35,0.74,0.35,0.00,3.00,0.38,11.00
proficient,2.00,2.44,0.88,2.00,1.00,4.00,9.00,2.42,-0.29,,0.42,0.42,0.70,0.00,0.42,2.00,0.65,9.00
profiteering,3.00,3.33,0.71,3.00,2.00,4.00,9.00,3.20,0.49,,0.20,0.20,0.84,0.00,0.20,3.00,0.84,9.00
prophetess,3.00,2.58,0.67,2.50,2.00,4.00,12.00,2.53,-0.17,,-0.47,0.47,0.68,0.47,0.00,3.00,0.52,12.00
prophetic,3.00,2.42,0.51,2.00,2.00,3.00,12.00,2.43,-0.28,,-0.57,0.57,0.64,0.57,0.00,2.00,0.70,12.00
providential,4.00,3.25,0.87,3.50,2.00,4.00,12.00,3.02,0.31,,-0.98,0.98,0.50,0.98,0.00,3.00,0.81,12.00
publications,3.00,3.42,0.90,3.50,2.00,5.00,12.00,3.27,0.56,,0.27,0.27,0.79,0.00,0.27,3.00,0.69,12.00
puritanism,2.00,2.64,0.67,3.00,2.00,4.00,11.00,2.58,-0.12,,0.58,0.58,0.63,0.00,0.58,3.00,0.30,11.00
rapists,3.00,2.44,0.73,3.00,1.00,3.00,9.00,2.59,-0.11,,-0.41,0.41,0.71,0.41,0.00,3.00,0.56,9.00
rationalists,3.00,3.00,0.94,3.00,2.00,4.00,10.00,3.04,0.34,,0.04,0.04,0.96,0.00,0.04,3.00,0.61,10.00
recapturing,4.00,2.90,0.32,3.00,2.00,3.00,10.00,2.88,0.17,,-1.12,1.12,0.47,1.12,0.00,3.00,0.64,10.00
recharged,3.00,2.83,0.39,3.00,2.00,3.00,12.00,2.75,0.05,,-0.25,0.25,0.80,0.25,0.00,3.00,-0.13,12.00
reclaiming,3.00,2.90,0.32,3.00,2.00,3.00,10.00,2.87,0.17,,-0.13,0.13,0.89,0.13,0.00,3.00,0.29,10.00
recurrent,3.00,2.46,0.52,2.00,2.00,3.00,13.00,2.51,-0.20,,-0.49,0.49,0.67,0.49,0.00,3.00,0.32,13.00
reflexes,3.00,2.83,0.39,3.00,2.00,3.00,12.00,2.85,0.15,,-0.15,0.15,0.87,0.15,0.00,3.00,0.44,12.00
reformatory,3.00,2.92,0.51,3.00,2.00,4.00,12.00,2.97,0.26,,-0.03,0.03,0.97,0.03,0.00,3.00,0.67,12.00
reignited,3.00,3.27,0.47,3.00,3.00,4.00,11.00,3.00,0.30,,0.00,0.00,1.00,0.00,0.00,3.00,0.08,11.00
repainting,3.00,2.91,0.30,3.00,2.00,3.00,11.00,2.81,0.10,,-0.19,0.19,0.84,0.19,0.00,3.00,0.09,11.00
repeater,2.00,2.31,0.63,2.00,1.00,3.00,13.00,2.47,-0.24,,0.47,0.47,0.68,0.00,0.47,2.00,0.42,13.00
repossession,3.00,3.17,0.58,3.00,2.00,4.00,12.00,3.17,0.46,,0.17,0.17,0.85,0.00,0.17,3.00,0.93,12.00
residents,3.00,3.00,0.71,3.00,2.00,4.00,9.00,3.05,0.35,,0.05,0.05,0.95,0.00,0.05,3.00,0.83,9.00
respondent,2.00,2.55,0.52,3.00,2.00,3.00,11.00,2.63,-0.07,,0.63,0.63,0.61,0.00,0.63,3.00,0.53,11.00
retains,3.00,2.64,0.50,3.00,2.00,3.00,11.00,2.61,-0.09,,-0.39,0.39,0.72,0.39,0.00,3.00,0.70,11.00
retentive,3.00,2.50,0.53,2.50,2.00,3.00,8.00,2.52,-0.19,,-0.48,0.48,0.68,0.48,0.00,3.00,0.49,8.00
retooled,3.00,2.82,0.40,3.00,2.00,3.00,11.00,2.88,0.17,,-0.12,0.12,0.89,0.12,0.00,3.00,0.55,11.00
retreads,3.00,2.78,0.67,3.00,2.00,4.00,9.00,2.67,-0.04,,-0.33,0.33,0.75,0.33,0.00,3.00,0.73,9.00
revision,3.00,2.75,0.45,3.00,2.00,3.00,12.00,2.73,0.02,,-0.27,0.27,0.79,0.27,0.00,3.00,0.81,12.00
scrubbers,3.00,2.82,0.40,3.00,2.00,3.00,11.00,2.76,0.05,,-0.24,0.24,0.81,0.24,0.00,3.00,-0.77,11.00
serializations,5.00,3.50,0.53,3.50,3.00,4.00,8.00,3.38,0.67,,-1.62,1.62,0.38,1.62,0.00,3.00,0.74,8.00
sexily,3.00,2.30,0.48,2.00,2.00,3.00,10.00,2.35,-0.35,,-0.65,0.65,0.61,0.65,0.00,2.00,0.58,10.00
sketchiest,3.00,2.83,0.58,3.00,2.00,4.00,12.00,2.85,0.15,,-0.15,0.15,0.87,0.15,0.00,3.00,0.35,12.00
softener,3.00,2.83,0.39,3.00,2.00,3.00,12.00,2.75,0.04,,-0.25,0.25,0.80,0.25,0.00,3.00,0.39,12.00
spaciousness,3.00,2.73,0.90,3.00,1.00,4.00,11.00,2.71,0.00,,-0.29,0.29,0.77,0.29,0.00,3.00,0.84,11.00
spreaders,3.00,2.90,0.32,3.00,2.00,3.00,10.00,2.81,0.10,,-0.19,0.19,0.84,0.19,0.00,3.00,0.41,10.00
sterilizes,3.00,2.91,0.30,3.00,2.00,3.00,11.00,2.89,0.18,,-0.11,0.11,0.90,0.11,0.00,3.00,0.53,11.00
stiffener,3.00,2.73,0.47,3.00,2.00,3.00,11.00,2.62,-0.08,,-0.38,0.38,0.73,0.38,0.00,3.00,0.22,11.00
stormiest,3.00,2.27,0.65,2.00,1.00,3.00,11.00,2.33,-0.38,,-0.67,0.67,0.60,0.67,0.00,2.00,0.68,11.00
sturdiness,2.00,2.60,0.52,3.00,2.00,3.00,10.00,2.50,-0.21,,0.50,0.50,0.67,0.00,0.50,2.00,0.30,10.00
subjective,3.00,2.70,0.48,3.00,2.00,3.00,10.00,2.87,0.17,,-0.13,0.13,0.89,0.13,0.00,3.00,0.45,10.00
surcharging,3.00,2.92,0.29,3.00,2.00,3.00,12.00,2.97,0.26,,-0.03,0.03,0.97,0.03,0.00,3.00,0.66,12.00
taxability,3.00,3.00,0.67,3.00,2.00,4.00,10.00,3.01,0.31,,0.01,0.01,0.99,0.00,0.01,3.00,0.69,10.00
temptations,3.00,3.00,0.50,3.00,2.00,4.00,9.00,3.04,0.34,,0.04,0.04,0.96,0.00,0.04,3.00,0.70,9.00
terrorising,4.00,3.00,0.63,3.00,2.00,4.00,11.00,2.92,0.21,,-1.08,1.08,0.48,1.08,0.00,3.00,0.77,11.00
testifying,3.00,3.33,0.49,3.00,3.00,4.00,12.00,3.20,0.50,,0.20,0.20,0.83,0.00,0.20,3.00,0.60,12.00
transversely,3.00,2.70,0.48,3.00,2.00,3.00,10.00,2.75,0.04,,-0.25,0.25,0.80,0.25,0.00,3.00,0.46,10.00
trident,2.00,1.91,0.54,2.00,1.00,3.00,11.00,1.91,-0.80,,-0.09,0.09,0.91,0.09,0.00,2.00,0.63,11.00
trilateral,2.00,2.62,0.51,3.00,2.00,3.00,13.00,2.69,-0.01,,0.69,0.69,0.59,0.00,0.69,3.00,0.54,13.00
unclasping,3.00,3.00,0.00,3.00,3.00,3.00,12.00,3.00,0.29,,0.00,0.00,1.00,0.00,0.00,3.00,,12.00
uncrossed,3.00,2.92,0.29,3.00,2.00,3.00,12.00,2.88,0.17,,-0.12,0.12,0.89,0.12,0.00,3.00,0.19,12.00
undeveloped,3.00,3.17,0.39,3.00,3.00,4.00,12.00,3.22,0.52,,0.22,0.22,0.82,0.00,0.22,3.00,0.59,12.00
undoes,3.00,2.42,0.51,2.00,2.00,3.00,12.00,2.49,-0.22,,-0.51,0.51,0.66,0.51,0.00,2.00,-0.20,12.00
unflappable,3.00,2.92,0.51,3.00,2.00,4.00,12.00,2.91,0.21,,-0.09,0.09,0.92,0.09,0.00,3.00,0.57,12.00
unfruitful,3.00,2.83,0.39,3.00,2.00,3.00,12.00,2.76,0.06,,-0.24,0.24,0.81,0.24,0.00,3.00,0.65,12.00
ungenerous,2.00,2.62,0.65,3.00,2.00,4.00,13.00,2.77,0.06,,0.77,0.77,0.57,0.00,0.77,3.00,0.57,13.00
unhealthier,4.00,3.30,0.48,3.00,3.00,4.00,10.00,3.22,0.51,,-0.78,0.78,0.56,0.78,0.00,3.00,-0.33,10.00
unlucky,3.00,2.77,0.44,3.00,2.00,3.00,13.00,2.82,0.12,,-0.18,0.18,0.85,0.18,0.00,3.00,0.66,13.00
unprompted,3.00,3.00,0.00,3.00,3.00,3.00,11.00,3.01,0.30,,0.01,0.01,0.99,0.00,0.01,3.00,,11.00
unseating,3.00,2.90,0.32,3.00,2.00,3.00,10.00,2.75,0.05,,-0.25,0.25,0.80,0.25,0.00,3.00,0.32,10.00
unwrinkled,3.00,2.91,0.30,3.00,2.00,3.00,11.00,2.71,0.00,,-0.29,0.29,0.77,0.29,0.00,3.00,0.63,11.00
uprising,3.00,2.90,0.32,3.00,2.00,3.00,10.00,2.77,0.07,,-0.23,0.23,0.81,0.23,0.00,3.00,-0.49,10.00
vaporizes,3.00,3.00,0.63,3.00,2.00,4.00,11.00,2.88,0.18,,-0.12,0.12,0.90,0.12,0.00,3.00,0.45,11.00
vigorously,3.00,2.73,0.47,3.00,2.00,3.00,11.00,2.73,0.03,,-0.27,0.27,0.79,0.27,0.00,3.00,0.60,11.00
weeklies,3.00,2.42,0.51,2.00,2.00,3.00,12.00,2.28,-0.43,,-0.72,0.72,0.58,0.72,0.00,2.00,0.64,12.00
wittingly,3.00,2.55,0.69,3.00,1.00,3.00,11.00,2.63,-0.08,,-0.37,0.37,0.73,0.37,0.00,3.00,0.40,11.00
abductors,4.00,2.80,0.63,3.00,2.00,4.00,10.00,2.92,0.21,,-1.08,1.08,0.48,1.08,0.00,3.00,0.68,10.00
advancements,3.00,3.58,0.67,3.50,3.00,5.00,12.00,3.47,0.76,,0.47,0.47,0.68,0.00,0.47,3.00,0.44,12.00
broadcasters,4.00,3.30,0.82,3.50,2.00,4.00,10.00,3.33,0.62,,-0.67,0.67,0.60,0.67,0.00,3.00,0.69,10.00
calibrations,3.00,3.58,0.90,4.00,2.00,5.00,12.00,3.45,0.74,,0.45,0.45,0.69,0.00,0.45,3.00,0.81,12.00
commercializing,4.00,3.54,1.05,4.00,2.00,6.00,13.00,3.53,0.83,,-0.47,0.47,0.68,0.47,0.00,4.00,0.16,13.00
compulsorily,4.00,3.00,1.12,3.00,2.00,5.00,9.00,2.93,0.23,,-1.07,1.07,0.48,1.07,0.00,3.00,0.90,9.00
debaters,3.00,3.20,0.42,3.00,3.00,4.00,10.00,3.08,0.38,,0.08,0.08,0.92,0.00,0.08,3.00,0.29,10.00
decolonized,4.00,3.42,1.00,4.00,2.00,5.00,12.00,3.29,0.59,,-0.71,0.71,0.59,0.71,0.00,3.00,0.45,12.00
deductibles,4.00,3.82,0.87,4.00,2.00,5.00,11.00,3.63,0.92,,-0.37,0.37,0.73,0.37,0.00,4.00,0.90,11.00
deforestation,3.00,3.20,0.79,3.00,2.00,4.00,10.00,3.29,0.59,,0.29,0.29,0.77,0.00,0.29,3.00,0.84,10.00
deformations,5.00,4.23,0.83,4.00,3.00,5.00,13.00,4.06,1.35,,-0.94,0.94,0.51,0.94,0.00,4.00,0.72,13.00
descendants,4.00,3.58,0.51,4.00,3.00,4.00,12.00,3.47,0.76,,-0.53,0.53,0.65,0.53,0.00,3.00,0.40,12.00
diversities,3.00,3.09,0.70,3.00,2.00,4.00,11.00,3.18,0.48,,0.18,0.18,0.85,0.00,0.18,3.00,0.76,11.00
editorialized,5.00,3.33,1.00,3.00,2.00,5.00,9.00,3.32,0.61,,-1.68,1.68,0.37,1.68,0.00,3.00,0.69,9.00
electrifyingly,5.00,3.64,1.36,4.00,1.00,6.00,11.00,3.55,0.85,,-1.45,1.45,0.41,1.45,0.00,4.00,0.91,11.00
excommunicates,5.00,3.67,0.78,4.00,2.00,5.00,12.00,3.64,0.93,,-1.36,1.36,0.42,1.36,0.00,4.00,0.80,12.00
immortalized,5.00,3.70,0.67,4.00,3.00,5.00,10.00,3.65,0.94,,-1.35,1.35,0.43,1.35,0.00,4.00,0.80,10.00
inconceivably,5.00,3.83,0.94,4.00,2.00,5.00,12.00,3.83,1.12,,-1.17,1.17,0.46,1.17,0.00,4.00,0.80,12.00
inconsistently,5.00,3.91,0.83,4.00,3.00,5.00,11.00,3.72,1.02,,-1.28,1.28,0.44,1.28,0.00,4.00,0.87,11.00
infectiousness,4.00,3.33,0.71,3.00,2.00,4.00,9.00,3.35,0.64,,-0.65,0.65,0.61,0.65,0.00,3.00,0.76,9.00
initializing,4.00,3.00,0.77,3.00,2.00,4.00,11.00,3.05,0.35,,-0.95,0.95,0.51,0.95,0.00,3.00,0.85,11.00
inspectors,4.00,3.58,0.67,3.50,3.00,5.00,12.00,3.40,0.69,,-0.60,0.60,0.62,0.60,0.00,3.00,0.74,12.00
interprofessionally,4.00,4.69,1.32,4.00,3.00,7.00,13.00,4.39,1.68,,0.39,0.39,0.72,0.00,0.39,4.00,0.78,13.00
journalistically,5.00,3.50,1.00,3.50,2.00,5.00,12.00,3.56,0.85,,-1.44,1.44,0.41,1.44,0.00,4.00,0.82,12.00
necessitated,3.00,3.25,0.87,3.00,2.00,5.00,12.00,3.21,0.51,,0.21,0.21,0.82,0.00,0.21,3.00,0.42,12.00
nonsupersymmetric,4.00,4.56,1.01,4.00,3.00,6.00,9.00,4.26,1.55,,0.26,0.26,0.79,0.00,0.26,4.00,0.80,9.00
opportunistic,4.00,2.62,0.65,3.00,2.00,4.00,13.00,2.68,-0.03,,-1.32,1.32,0.43,1.32,0.00,3.00,0.41,13.00
prohibitions,4.00,3.30,1.06,4.00,1.00,4.00,10.00,3.33,0.62,,-0.67,0.67,0.60,0.67,0.00,3.00,0.79,10.00
projections,4.00,3.17,0.83,3.00,2.00,4.00,12.00,3.18,0.47,,-0.82,0.82,0.55,0.82,0.00,3.00,0.73,12.00
propellants,4.00,3.20,0.92,3.00,1.00,4.00,10.00,3.09,0.39,,-0.91,0.91,0.52,0.91,0.00,3.00,0.67,10.00
prospectors,4.00,2.83,0.94,3.00,1.00,4.00,12.00,2.91,0.20,,-1.09,1.09,0.48,1.09,0.00,3.00,0.71,12.00
recoveries,3.00,3.73,0.65,4.00,3.00,5.00,11.00,3.47,0.77,,0.47,0.47,0.68,0.00,0.47,3.00,0.64,11.00
refrigerated,3.00,2.92,0.67,3.00,2.00,4.00,12.00,3.11,0.40,,0.11,0.11,0.90,0.00,0.11,3.00,0.67,12.00
refrigerators,4.00,3.36,1.12,3.00,1.00,5.00,11.00,3.29,0.59,,-0.71,0.71,0.59,0.71,0.00,3.00,0.70,11.00
regularized,4.00,3.27,0.90,3.00,2.00,5.00,11.00,3.16,0.45,,-0.84,0.84,0.54,0.84,0.00,3.00,0.88,11.00
reinforcement,4.00,3.50,0.53,3.50,3.00,4.00,10.00,3.46,0.75,,-0.54,0.54,0.65,0.54,0.00,3.00,0.58,10.00
reinstalling,4.00,3.20,0.63,3.00,2.00,4.00,10.00,3.25,0.54,,-0.75,0.75,0.57,0.75,0.00,3.00,0.85,10.00
reinvests,3.00,3.17,0.72,3.00,2.00,4.00,12.00,3.20,0.50,,0.20,0.20,0.83,0.00,0.20,3.00,0.79,12.00
repopulates,3.00,3.15,0.80,3.00,2.00,4.00,13.00,3.10,0.39,,0.10,0.10,0.91,0.00,0.10,3.00,0.82,13.00
singularities,4.00,3.80,0.79,4.00,3.00,5.00,10.00,3.59,0.89,,-0.41,0.41,0.71,0.41,0.00,4.00,0.58,10.00
stabilizations,4.00,3.55,0.82,4.00,2.00,5.00,11.00,3.52,0.82,,-0.48,0.48,0.68,0.48,0.00,4.00,0.66,11.00
undeniably,4.00,3.36,0.81,3.00,2.00,5.00,11.00,3.30,0.59,,-0.70,0.70,0.59,0.70,0.00,3.00,0.27,11.00
ungraciously,4.00,3.60,0.84,4.00,2.00,5.00,10.00,3.46,0.75,,-0.54,0.54,0.65,0.54,0.00,3.00,0.86,10.00
unreleased,3.00,3.33,0.71,3.00,2.00,4.00,9.00,3.20,0.49,,0.20,0.20,0.84,0.00,0.20,3.00,0.48,9.00
administratively,4.00,4.45,1.21,5.00,3.00,6.00,11.00,4.15,1.45,,0.15,0.15,0.87,0.00,0.15,4.00,0.74,11.00
establishments,3.00,3.56,0.73,3.00,3.00,5.00,9.00,3.49,0.78,,0.49,0.49,0.67,0.00,0.49,3.00,0.76,9.00
identifications,4.00,3.70,1.34,3.50,2.00,6.00,10.00,3.50,0.79,,-0.50,0.50,0.67,0.50,0.00,3.00,0.75,10.00
initializations,5.00,4.33,1.00,4.00,3.00,6.00,9.00,4.17,1.47,,-0.83,0.83,0.55,0.83,0.00,4.00,0.85,9.00
nontransformational,4.00,4.80,0.79,5.00,4.00,6.00,10.00,4.56,1.85,,0.56,0.56,0.64,0.00,0.56,5.00,0.82,10.00
oversimplifications,5.00,4.27,1.62,5.00,2.00,7.00,11.00,4.15,1.45,,-0.85,0.85,0.54,0.85,0.00,4.00,0.77,11.00
reinvigoration,5.00,3.92,0.79,4.00,3.00,5.00,12.00,3.91,1.21,,-1.09,1.09,0.48,1.09,0.00,4.00,0.65,12.00
cyclic,2.00,1.82,0.40,2.00,1.00,2.00,11.00,1.75,-0.96,,-0.25,0.25,0.80,0.25,0.00,2.00,0.25,11.00
violent,2.00,1.75,0.62,2.00,1.00,3.00,12.00,1.79,-0.92,,-0.21,0.21,0.82,0.21,0.00,2.00,-0.24,12.00
assemblage,3.00,2.38,0.65,2.00,2.00,4.00,13.00,2.47,-0.23,,-0.53,0.53,0.65,0.53,0.00,2.00,0.08,13.00
athleticism,3.00,2.58,0.51,3.00,2.00,3.00,12.00,2.60,-0.10,,-0.40,0.40,0.72,0.40,0.00,3.00,0.59,12.00
autumnal,2.00,2.33,0.49,2.00,2.00,3.00,12.00,2.22,-0.49,,0.22,0.22,0.82,0.00,0.22,2.00,0.30,12.00
begone,2.00,1.92,0.29,2.00,1.00,2.00,12.00,1.94,-0.77,,-0.06,0.06,0.94,0.06,0.00,2.00,0.53,12.00
behead,2.00,2.10,0.32,2.00,2.00,3.00,10.00,2.10,-0.60,,0.10,0.10,0.91,0.00,0.10,2.00,0.80,10.00
billionth,2.00,2.22,0.44,2.00,2.00,3.00,9.00,2.20,-0.50,,0.20,0.20,0.83,0.00,0.20,2.00,0.18,9.00
bitterness,2.00,2.25,0.45,2.00,2.00,3.00,12.00,2.36,-0.34,,0.36,0.36,0.73,0.00,0.36,2.00,0.72,12.00
bravery,2.00,2.25,0.62,2.00,1.00,3.00,12.00,2.33,-0.37,,0.33,0.33,0.75,0.00,0.33,2.00,0.48,12.00
bylaw,2.00,2.00,0.00,2.00,2.00,2.00,13.00,1.90,-0.81,,-0.10,0.10,0.91,0.10,0.00,2.00,,13.00
callable,2.00,2.09,0.54,2.00,1.00,3.00,11.00,2.07,-0.64,,0.07,0.07,0.94,0.00,0.07,2.00,0.83,11.00
capitals,3.00,2.33,0.78,2.00,1.00,4.00,12.00,2.42,-0.29,,-0.58,0.58,0.63,0.58,0.00,2.00,0.81,12.00
cheeky,2.00,1.91,0.30,2.00,1.00,2.00,11.00,1.87,-0.84,,-0.13,0.13,0.88,0.13,0.00,2.00,-0.66,11.00
cheery,2.00,2.00,0.60,2.00,1.00,3.00,12.00,1.92,-0.78,,-0.08,0.08,0.93,0.08,0.00,2.00,0.48,12.00
clearly,2.00,2.00,0.00,2.00,2.00,2.00,10.00,2.08,-0.62,,0.08,0.08,0.92,0.00,0.08,2.00,,10.00
cleaver,2.00,1.77,0.60,2.00,1.00,3.00,13.00,1.83,-0.87,,-0.17,0.17,0.86,0.17,0.00,2.00,-0.03,13.00
commonest,2.00,2.08,0.29,2.00,2.00,3.00,12.00,2.25,-0.46,,0.25,0.25,0.80,0.00,0.25,2.00,-0.49,12.00
coppery,2.00,2.64,0.67,3.00,2.00,4.00,11.00,2.56,-0.14,,0.56,0.56,0.64,0.00,0.56,3.00,-0.09,11.00
correctness,2.00,2.42,0.51,2.00,2.00,3.00,12.00,2.39,-0.32,,0.39,0.39,0.72,0.00,0.39,2.00,0.54,12.00
defuse,2.00,2.00,0.00,2.00,2.00,2.00,10.00,1.77,-0.94,,-0.23,0.23,0.81,0.23,0.00,2.00,,10.00
denseness,2.00,2.08,0.28,2.00,2.00,3.00,13.00,2.05,-0.66,,0.05,0.05,0.95,0.00,0.05,2.00,-0.17,13.00
devalue,2.00,2.18,0.40,2.00,2.00,3.00,11.00,2.16,-0.54,,0.16,0.16,0.86,0.00,0.16,2.00,0.60,11.00
dietary,2.00,2.17,0.39,2.00,2.00,3.00,12.00,2.15,-0.55,,0.15,0.15,0.87,0.00,0.15,2.00,0.63,12.00
disband,2.00,2.00,0.00,2.00,2.00,2.00,12.00,2.03,-0.67,,0.03,0.03,0.97,0.00,0.03,2.00,,12.00
dressy,2.00,1.91,0.30,2.00,1.00,2.00,11.00,2.05,-0.65,,0.05,0.05,0.95,0.00,0.05,2.00,0.34,11.00
endless,2.00,2.00,0.00,2.00,2.00,2.00,11.00,2.05,-0.66,,0.05,0.05,0.95,0.00,0.05,2.00,,11.00
enrich,2.00,2.00,0.00,2.00,2.00,2.00,12.00,1.99,-0.71,,-0.01,0.01,0.99,0.01,0.00,2.00,,12.00
evenness,2.00,2.11,0.33,2.00,2.00,3.00,9.00,2.26,-0.44,,0.26,0.26,0.79,0.00,0.26,2.00,0.71,9.00
eviction,2.00,2.36,0.50,2.00,2.00,3.00,11.00,2.36,-0.35,,0.36,0.36,0.74,0.00,0.36,2.00,0.56,11.00
facially,3.00,2.10,0.32,2.00,2.00,3.00,10.00,2.32,-0.39,,-0.68,0.68,0.59,0.68,0.00,2.00,0.35,10.00
faithful,2.00,2.00,0.00,2.00,2.00,2.00,11.00,2.04,-0.67,,0.04,0.04,0.96,0.00,0.04,2.00,,11.00
fatten,2.00,2.00,0.00,2.00,2.00,2.00,10.00,2.08,-0.62,,0.08,0.08,0.93,0.00,0.08,2.00,,10.00
foggy,2.00,2.00,0.00,2.00,2.00,2.00,11.00,1.85,-0.85,,-0.15,0.15,0.87,0.15,0.00,2.00,,11.00
foresaw,2.00,2.09,0.30,2.00,2.00,3.00,11.00,2.13,-0.57,,0.13,0.13,0.88,0.00,0.13,2.00,-0.18,11.00
formulation,3.00,2.80,0.79,3.00,2.00,4.00,10.00,2.60,-0.11,,-0.40,0.40,0.71,0.40,0.00,3.00,0.87,10.00
fortified,3.00,2.50,0.53,2.50,2.00,3.00,10.00,2.55,-0.15,,-0.45,0.45,0.69,0.45,0.00,3.00,0.37,10.00
fortunate,2.00,2.23,0.44,2.00,2.00,3.00,13.00,2.31,-0.40,,0.31,0.31,0.77,0.00,0.31,2.00,0.45,13.00
giantess,2.00,2.00,0.47,2.00,1.00,3.00,10.00,2.13,-0.58,,0.13,0.13,0.89,0.00,0.13,2.00,0.81,10.00
goody,2.00,2.08,0.28,2.00,2.00,3.00,13.00,1.91,-0.79,,-0.09,0.09,0.92,0.09,0.00,2.00,0.19,13.00
grader,2.00,1.91,0.30,2.00,1.00,2.00,11.00,1.99,-0.71,,-0.01,0.01,0.99,0.01,0.00,2.00,0.78,11.00
grayer,2.00,1.91,0.30,2.00,1.00,2.00,11.00,2.04,-0.66,,0.04,0.04,0.96,0.00,0.04,2.00,0.79,11.00
grittiest,3.00,2.27,0.65,2.00,1.00,3.00,11.00,2.43,-0.27,,-0.57,0.57,0.64,0.57,0.00,2.00,0.27,11.00
groupie,2.00,1.92,0.29,2.00,1.00,2.00,12.00,1.90,-0.80,,-0.10,0.10,0.91,0.10,0.00,2.00,0.46,12.00
gutless,2.00,2.00,0.00,2.00,2.00,2.00,13.00,2.17,-0.53,,0.17,0.17,0.85,0.00,0.17,2.00,,13.00
harder,2.00,2.00,0.00,2.00,2.00,2.00,10.00,1.92,-0.79,,-0.08,0.08,0.92,0.08,0.00,2.00,,10.00
illusions,3.00,2.89,0.60,3.00,2.00,4.00,9.00,2.74,0.04,,-0.26,0.26,0.80,0.26,0.00,3.00,0.50,9.00
jointed,3.00,2.17,0.39,2.00,2.00,3.00,12.00,2.17,-0.54,,-0.83,0.83,0.55,0.83,0.00,2.00,0.20,12.00
leeway,2.00,2.00,0.00,2.00,2.00,2.00,11.00,1.91,-0.79,,-0.09,0.09,0.92,0.09,0.00,2.00,,11.00
lumpy,2.00,1.75,0.45,2.00,1.00,2.00,12.00,2.13,-0.58,,0.13,0.13,0.89,0.00,0.13,2.00,0.28,12.00
manufacturer,4.00,3.22,1.09,3.00,2.00,5.00,9.00,3.08,0.37,,-0.92,0.92,0.52,0.92,0.00,3.00,0.58,9.00
mechanism,2.00,2.30,0.67,2.00,2.00,4.00,10.00,2.18,-0.52,,0.18,0.18,0.85,0.00,0.18,2.00,0.67,10.00
mentionable,2.00,2.40,0.70,2.00,2.00,4.00,10.00,2.41,-0.30,,0.41,0.41,0.71,0.00,0.41,2.00,0.60,10.00
mismatch,2.00,2.00,0.00,2.00,2.00,2.00,10.00,2.08,-0.63,,0.08,0.08,0.93,0.00,0.08,2.00,,10.00
monologue,2.00,1.73,0.65,2.00,1.00,3.00,11.00,2.04,-0.67,,0.04,0.04,0.96,0.00,0.04,2.00,0.63,11.00
mostly,2.00,2.00,0.00,2.00,2.00,2.00,10.00,1.86,-0.85,,-0.14,0.14,0.88,0.14,0.00,2.00,,10.00
murderous,2.00,2.33,0.78,2.00,1.00,4.00,12.00,2.41,-0.29,,0.41,0.41,0.71,0.00,0.41,2.00,0.78,12.00
nudism,2.00,1.92,0.29,2.00,1.00,2.00,12.00,1.84,-0.87,,-0.16,0.16,0.86,0.16,0.00,2.00,-0.16,12.00
objecting,3.00,2.55,0.52,3.00,2.00,3.00,11.00,2.51,-0.19,,-0.49,0.49,0.67,0.49,0.00,3.00,0.71,11.00
obscenely,2.00,2.75,0.45,3.00,2.00,3.00,12.00,2.63,-0.08,,0.63,0.63,0.61,0.00,0.63,3.00,0.21,12.00
overage,2.00,2.00,0.00,2.00,2.00,2.00,11.00,1.99,-0.72,,-0.01,0.01,0.99,0.01,0.00,2.00,,11.00
overshadow,2.00,2.18,0.40,2.00,2.00,3.00,11.00,2.37,-0.33,,0.37,0.37,0.73,0.00,0.37,2.00,-0.10,11.00
passionate,3.00,2.09,0.30,2.00,2.00,3.00,11.00,2.23,-0.48,,-0.77,0.77,0.56,0.77,0.00,2.00,0.51,11.00
polarize,3.00,2.18,0.40,2.00,2.00,3.00,11.00,2.25,-0.46,,-0.75,0.75,0.57,0.75,0.00,2.00,0.34,11.00
postbox,2.00,2.09,0.30,2.00,2.00,3.00,11.00,2.08,-0.62,,0.08,0.08,0.92,0.00,0.08,2.00,-0.37,11.00
postmistress,2.00,2.64,0.50,3.00,2.00,3.00,11.00,2.60,-0.10,,0.60,0.60,0.62,0.00,0.60,3.00,0.62,11.00
primal,2.00,1.77,0.44,2.00,1.00,2.00,13.00,1.81,-0.89,,-0.19,0.19,0.84,0.19,0.00,2.00,0.55,13.00
really,2.00,1.82,0.40,2.00,1.00,2.00,11.00,1.85,-0.85,,-0.15,0.15,0.87,0.15,0.00,2.00,0.43,11.00
registrants,3.00,2.82,1.08,3.00,1.00,4.00,11.00,2.82,0.11,,-0.18,0.18,0.85,0.18,0.00,3.00,0.84,11.00
remotely,2.00,2.27,0.47,2.00,2.00,3.00,11.00,2.44,-0.26,,0.44,0.44,0.69,0.00,0.44,2.00,0.61,11.00
ringlet,2.00,2.00,0.00,2.00,2.00,2.00,7.00,2.12,-0.59,,0.12,0.12,0.90,0.00,0.12,2.00,,7.00
rocketry,2.00,2.33,0.49,2.00,2.00,3.00,12.00,2.34,-0.37,,0.34,0.34,0.75,0.00,0.34,2.00,0.50,12.00
romper,2.00,1.92,0.28,2.00,1.00,2.00,13.00,1.89,-0.82,,-0.11,0.11,0.90,0.11,0.00,2.00,0.66,13.00
roughness,2.00,2.00,0.00,2.00,2.00,2.00,12.00,1.83,-0.88,,-0.17,0.17,0.85,0.17,0.00,2.00,,12.00
rudely,2.00,1.88,0.35,2.00,1.00,2.00,8.00,2.00,-0.70,,0.00,0.00,1.00,0.00,0.00,2.00,0.65,8.00
salty,2.00,1.91,0.30,2.00,1.00,2.00,11.00,2.03,-0.68,,0.03,0.03,0.97,0.00,0.03,2.00,0.30,11.00
scanner,2.00,2.27,0.65,2.00,2.00,4.00,11.00,2.20,-0.51,,0.20,0.20,0.84,0.00,0.20,2.00,-0.14,11.00
shallowest,2.00,2.23,0.44,2.00,2.00,3.00,13.00,2.30,-0.40,,0.30,0.30,0.77,0.00,0.30,2.00,0.45,13.00
shapely,2.00,2.00,0.00,2.00,2.00,2.00,10.00,2.03,-0.68,,0.03,0.03,0.97,0.00,0.03,2.00,,10.00
slyness,2.00,2.00,0.00,2.00,2.00,2.00,14.00,2.08,-0.62,,0.08,0.08,0.92,0.00,0.08,2.00,,14.00
snobby,2.00,2.00,0.00,2.00,2.00,2.00,11.00,1.99,-0.72,,-0.01,0.01,0.99,0.01,0.00,2.00,,11.00
socialist,3.00,2.27,0.47,2.00,2.00,3.00,11.00,2.28,-0.43,,-0.72,0.72,0.58,0.72,0.00,2.00,0.73,11.00
soulless,2.00,2.00,0.00,2.00,2.00,2.00,11.00,2.00,-0.71,,0.00,0.00,1.00,0.00,0.00,2.00,,11.00
spectacled,3.00,2.36,0.50,2.00,2.00,3.00,11.00,2.37,-0.33,,-0.63,0.63,0.61,0.63,0.00,2.00,0.69,11.00
sterilize,2.00,1.92,0.51,2.00,1.00,3.00,12.00,2.12,-0.59,,0.12,0.12,0.89,0.00,0.12,2.00,-0.10,12.00
stiffest,2.00,2.00,0.00,2.00,2.00,2.00,12.00,1.84,-0.87,,-0.16,0.16,0.86,0.16,0.00,2.00,,12.00
stony,2.00,2.09,0.30,2.00,2.00,3.00,11.00,2.04,-0.67,,0.04,0.04,0.96,0.00,0.04,2.00,0.17,11.00
straightest,2.00,2.00,0.00,2.00,2.00,2.00,9.00,2.01,-0.70,,0.01,0.01,0.99,0.00,0.01,2.00,,9.00
suburban,3.00,2.18,0.60,2.00,1.00,3.00,11.00,2.37,-0.33,,-0.63,0.63,0.61,0.63,0.00,2.00,0.76,11.00
sweetest,2.00,2.08,0.29,2.00,2.00,3.00,12.00,2.08,-0.63,,0.08,0.08,0.93,0.00,0.08,2.00,0.45,12.00
tenderness,2.00,2.46,0.52,2.00,2.00,3.00,13.00,2.42,-0.28,,0.42,0.42,0.70,0.00,0.42,2.00,0.58,13.00
terminating,3.00,2.50,0.67,2.00,2.00,4.00,12.00,2.72,0.02,,-0.28,0.28,0.78,0.28,0.00,3.00,0.51,12.00
territorial,2.00,2.00,0.63,2.00,1.00,3.00,11.00,2.18,-0.53,,0.18,0.18,0.85,0.00,0.18,2.00,0.69,11.00
testify,2.00,2.20,0.42,2.00,2.00,3.00,10.00,2.30,-0.41,,0.30,0.30,0.77,0.00,0.30,2.00,0.62,10.00
thinnest,2.00,2.20,0.42,2.00,2.00,3.00,10.00,2.24,-0.47,,0.24,0.24,0.81,0.00,0.24,2.00,-0.20,10.00
ticklish,2.00,2.09,0.83,2.00,1.00,4.00,11.00,2.18,-0.52,,0.18,0.18,0.85,0.00,0.18,2.00,0.70,11.00
toddler,2.00,1.67,0.49,2.00,1.00,2.00,12.00,1.75,-0.96,,-0.25,0.25,0.80,0.25,0.00,2.00,0.72,12.00
tolerance,2.00,2.27,0.79,2.00,1.00,3.00,11.00,2.12,-0.58,,0.12,0.12,0.89,0.00,0.12,2.00,0.77,11.00
trainable,2.00,2.50,0.53,2.50,2.00,3.00,10.00,2.46,-0.25,,0.46,0.46,0.69,0.00,0.46,2.00,0.43,10.00
trillionth,2.00,2.60,0.52,3.00,2.00,3.00,10.00,2.52,-0.19,,0.52,0.52,0.66,0.00,0.52,3.00,0.46,10.00
trusty,2.00,2.00,0.00,2.00,2.00,2.00,10.00,2.17,-0.54,,0.17,0.17,0.86,0.00,0.17,2.00,,10.00
wariness,2.00,2.22,0.44,2.00,2.00,3.00,9.00,2.15,-0.55,,0.15,0.15,0.87,0.00,0.15,2.00,0.14,9.00
wickedly,2.00,2.67,0.49,3.00,2.00,3.00,12.00,2.75,0.04,,0.75,0.75,0.57,0.00,0.75,3.00,0.38,12.00
wildness,2.00,2.00,0.00,2.00,2.00,2.00,12.00,2.10,-0.60,,0.10,0.10,0.91,0.00,0.10,2.00,,12.00
absorbency,3.00,3.11,0.60,3.00,2.00,4.00,9.00,3.04,0.33,,0.04,0.04,0.97,0.00,0.04,3.00,-0.10,9.00
appealingly,3.00,3.00,0.47,3.00,2.00,4.00,10.00,2.95,0.24,,-0.05,0.05,0.95,0.05,0.00,3.00,0.74,10.00
applicator,4.00,2.67,0.49,3.00,2.00,3.00,12.00,2.72,0.01,,-1.28,1.28,0.44,1.28,0.00,3.00,0.55,12.00
backpedals,4.00,3.00,0.45,3.00,2.00,4.00,11.00,3.00,0.29,,-1.00,1.00,0.50,1.00,0.00,3.00,0.43,11.00
besides,3.00,2.20,0.63,2.00,1.00,3.00,10.00,2.50,-0.21,,-0.50,0.50,0.67,0.50,0.00,2.00,0.61,10.00
boosters,3.00,2.33,0.78,2.50,1.00,3.00,12.00,2.59,-0.12,,-0.41,0.41,0.71,0.41,0.00,3.00,0.95,12.00
borrowers,3.00,2.60,0.70,3.00,1.00,3.00,10.00,2.64,-0.06,,-0.36,0.36,0.74,0.36,0.00,3.00,0.74,10.00
brewers,3.00,2.50,0.53,2.50,2.00,3.00,10.00,2.54,-0.17,,-0.46,0.46,0.68,0.46,0.00,3.00,0.53,10.00
categorizing,3.00,2.73,0.65,3.00,2.00,4.00,11.00,2.89,0.18,,-0.11,0.11,0.90,0.11,0.00,3.00,0.62,11.00
cheerier,3.00,2.80,0.42,3.00,2.00,3.00,10.00,2.73,0.03,,-0.27,0.27,0.79,0.27,0.00,3.00,0.53,10.00
cheerlessness,3.00,3.00,0.00,3.00,3.00,3.00,12.00,2.99,0.29,,-0.01,0.01,0.99,0.01,0.00,3.00,,12.00
chokers,3.00,2.55,0.69,3.00,1.00,3.00,11.00,2.53,-0.17,,-0.47,0.47,0.68,0.47,0.00,3.00,0.65,11.00
civility,2.00,2.30,0.48,2.00,2.00,3.00,10.00,2.28,-0.43,,0.28,0.28,0.78,0.00,0.28,2.00,0.32,10.00
commissioner,4.00,2.82,0.87,3.00,2.00,4.00,11.00,2.80,0.10,,-1.20,1.20,0.46,1.20,0.00,3.00,0.78,11.00
comradely,2.00,2.00,0.47,2.00,1.00,3.00,10.00,2.47,-0.24,,0.47,0.47,0.68,0.00,0.47,2.00,0.65,10.00
conciseness,2.00,2.67,0.50,3.00,2.00,3.00,9.00,2.70,0.00,,0.70,0.70,0.59,0.00,0.70,3.00,0.34,9.00
congregational,5.00,3.27,1.01,3.00,2.00,5.00,11.00,3.23,0.53,,-1.77,1.77,0.36,1.77,0.00,3.00,0.33,11.00
consultants,3.00,3.00,0.63,3.00,2.00,4.00,11.00,3.00,0.29,,0.00,0.00,1.00,0.00,0.00,3.00,0.44,11.00
copilots,3.00,3.17,0.58,3.00,2.00,4.00,12.00,3.05,0.34,,0.05,0.05,0.95,0.00,0.05,3.00,0.79,12.00
crystallizing,3.00,3.00,0.85,3.00,1.00,4.00,12.00,3.01,0.30,,0.01,0.01,0.99,0.00,0.01,3.00,0.86,12.00
deadening,3.00,2.93,0.27,3.00,2.00,3.00,14.00,3.00,0.30,,0.00,0.00,1.00,0.00,0.00,3.00,0.68,14.00
demolition,2.00,2.67,0.65,3.00,2.00,4.00,12.00,2.74,0.03,,0.74,0.74,0.58,0.00,0.74,3.00,0.59,12.00
denatured,3.00,2.92,0.28,3.00,2.00,3.00,13.00,2.89,0.19,,-0.11,0.11,0.90,0.11,0.00,3.00,0.22,13.00
denials,3.00,2.73,0.65,3.00,1.00,3.00,11.00,2.53,-0.17,,-0.47,0.47,0.68,0.47,0.00,3.00,0.28,11.00
describing,3.00,2.70,0.48,3.00,2.00,3.00,10.00,2.71,0.00,,-0.29,0.29,0.77,0.29,0.00,3.00,0.32,10.00
dilution,2.00,2.17,0.72,2.00,1.00,3.00,12.00,2.41,-0.29,,0.41,0.41,0.71,0.00,0.41,2.00,0.84,12.00
director,2.00,2.17,0.58,2.00,1.00,3.00,12.00,2.16,-0.55,,0.16,0.16,0.86,0.00,0.16,2.00,0.64,12.00
disaffected,4.00,3.00,0.00,3.00,3.00,3.00,8.00,3.06,0.35,,-0.94,0.94,0.52,0.94,0.00,3.00,,8.00
discolored,3.00,2.82,0.40,3.00,2.00,3.00,11.00,2.77,0.07,,-0.23,0.23,0.82,0.23,0.00,3.00,0.66,11.00
dishonest,2.00,2.25,0.45,2.00,2.00,3.00,12.00,2.21,-0.49,,0.21,0.21,0.83,0.00,0.21,2.00,0.63,12.00
disrespect,2.00,2.64,0.50,3.00,2.00,3.00,11.00,2.55,-0.15,,0.55,0.55,0.64,0.00,0.55,3.00,0.77,11.00
dustier,3.00,2.40,0.70,2.50,1.00,3.00,10.00,2.34,-0.37,,-0.66,0.66,0.60,0.66,0.00,2.00,0.78,10.00
electrically,4.00,2.90,0.32,3.00,2.00,3.00,10.00,2.80,0.09,,-1.20,1.20,0.45,1.20,0.00,3.00,0.61,10.00
encompass,2.00,2.50,0.52,2.50,2.00,3.00,12.00,2.50,-0.21,,0.50,0.50,0.67,0.00,0.50,2.00,0.21,12.00
exterminated,4.00,3.45,0.82,3.00,2.00,5.00,11.00,3.40,0.69,,-0.60,0.60,0.62,0.60,0.00,3.00,0.68,11.00
externalizing,5.00,3.30,0.48,3.00,3.00,4.00,10.00,3.27,0.56,,-1.73,1.73,0.37,1.73,0.00,3.00,0.09,10.00
extortion,3.00,2.75,0.45,3.00,2.00,3.00,12.00,2.63,-0.08,,-0.37,0.37,0.73,0.37,0.00,3.00,0.57,12.00
falsifying,3.00,3.00,0.71,3.00,2.00,4.00,9.00,2.75,0.05,,-0.25,0.25,0.80,0.25,0.00,3.00,0.80,9.00
feudalism,3.00,2.60,0.97,3.00,1.00,4.00,10.00,2.66,-0.05,,-0.34,0.34,0.75,0.34,0.00,3.00,0.74,10.00
floppier,3.00,2.46,0.52,2.00,2.00,3.00,13.00,2.33,-0.38,,-0.67,0.67,0.60,0.67,0.00,2.00,-0.08,13.00
fluffiest,3.00,2.67,0.49,3.00,2.00,3.00,12.00,2.77,0.07,,-0.23,0.23,0.81,0.23,0.00,3.00,0.63,12.00
forgetfully,3.00,3.18,0.40,3.00,3.00,4.00,11.00,3.13,0.42,,0.13,0.13,0.89,0.00,0.13,3.00,0.84,11.00
founders,3.00,2.40,0.70,2.50,1.00,3.00,10.00,2.30,-0.41,,-0.70,0.70,0.59,0.70,0.00,2.00,0.55,10.00
fragmentary,2.00,2.73,0.47,3.00,2.00,3.00,11.00,2.72,0.01,,0.72,0.72,0.58,0.00,0.72,3.00,0.48,11.00
funnies,3.00,2.42,0.51,2.00,2.00,3.00,12.00,2.31,-0.39,,-0.69,0.69,0.59,0.69,0.00,2.00,0.30,12.00
generalizing,4.00,3.00,0.94,3.00,2.00,5.00,10.00,3.02,0.32,,-0.98,0.98,0.51,0.98,0.00,3.00,0.82,10.00
gentility,2.00,2.55,0.52,3.00,2.00,3.00,11.00,2.63,-0.07,,0.63,0.63,0.61,0.00,0.63,3.00,0.66,11.00
groupies,3.00,2.50,0.53,2.50,2.00,3.00,10.00,2.47,-0.23,,-0.53,0.53,0.66,0.53,0.00,2.00,0.67,10.00
hardier,3.00,2.42,0.51,2.00,2.00,3.00,12.00,2.44,-0.27,,-0.56,0.56,0.64,0.56,0.00,2.00,0.59,12.00
housefuls,3.00,2.89,0.33,3.00,2.00,3.00,9.00,2.70,-0.01,,-0.30,0.30,0.77,0.30,0.00,3.00,-0.22,9.00
incautiously,4.00,3.30,0.48,3.00,3.00,4.00,10.00,3.22,0.52,,-0.78,0.78,0.56,0.78,0.00,3.00,0.73,10.00
industrializing,4.00,3.46,0.78,3.00,2.00,5.00,13.00,3.40,0.70,,-0.60,0.60,0.63,0.60,0.00,3.00,0.49,13.00
inflection,3.00,2.85,0.38,3.00,2.00,3.00,13.00,2.70,0.00,,-0.30,0.30,0.77,0.30,0.00,3.00,0.40,13.00
initialisms,4.00,3.00,1.10,3.00,1.00,5.00,11.00,3.12,0.42,,-0.88,0.88,0.53,0.88,0.00,3.00,0.87,11.00
internally,4.00,3.10,0.88,3.00,2.00,4.00,10.00,2.94,0.23,,-1.06,1.06,0.48,1.06,0.00,3.00,0.82,10.00
investment,3.00,2.45,0.69,3.00,1.00,3.00,11.00,2.50,-0.20,,-0.50,0.50,0.67,0.50,0.00,3.00,0.51,11.00
jumpiness,3.00,2.55,0.52,3.00,2.00,3.00,11.00,2.46,-0.24,,-0.54,0.54,0.65,0.54,0.00,2.00,0.11,11.00
kindnesses,3.00,2.82,0.40,3.00,2.00,3.00,11.00,2.82,0.11,,-0.18,0.18,0.85,0.18,0.00,3.00,0.63,11.00
knitters,3.00,2.75,0.62,3.00,2.00,4.00,12.00,2.66,-0.05,,-0.34,0.34,0.75,0.34,0.00,3.00,0.65,12.00
legendary,2.00,2.27,0.47,2.00,2.00,3.00,11.00,2.29,-0.41,,0.29,0.29,0.77,0.00,0.29,2.00,0.78,11.00
legionary,2.00,2.36,0.67,2.00,2.00,4.00,11.00,2.46,-0.25,,0.46,0.46,0.69,0.00,0.46,2.00,0.61,11.00
lengthily,3.00,2.30,0.48,2.00,2.00,3.00,10.00,2.35,-0.35,,-0.65,0.65,0.61,0.65,0.00,2.00,0.17,10.00
loftier,3.00,2.64,0.50,3.00,2.00,3.00,11.00,2.68,-0.03,,-0.32,0.32,0.76,0.32,0.00,3.00,0.57,11.00
managements,3.00,3.15,0.55,3.00,2.00,4.00,13.00,2.95,0.24,,-0.05,0.05,0.95,0.05,0.00,3.00,0.63,13.00
mandatory,3.00,2.44,0.53,2.00,2.00,3.00,9.00,2.48,-0.22,,-0.52,0.52,0.66,0.52,0.00,2.00,0.67,9.00
meditations,3.00,3.08,0.79,3.00,2.00,4.00,12.00,2.92,0.22,,-0.08,0.08,0.93,0.08,0.00,3.00,0.87,12.00
misquotes,3.00,2.80,0.42,3.00,2.00,3.00,10.00,2.72,0.02,,-0.28,0.28,0.78,0.28,0.00,3.00,0.50,10.00
mistaken,3.00,2.45,0.52,2.00,2.00,3.00,11.00,2.56,-0.15,,-0.44,0.44,0.69,0.44,0.00,3.00,0.81,11.00
municipality,2.00,2.83,0.58,3.00,2.00,4.00,12.00,2.86,0.16,,0.86,0.86,0.54,0.00,0.86,3.00,0.49,12.00
negation,2.00,2.10,0.57,2.00,1.00,3.00,10.00,2.11,-0.59,,0.11,0.11,0.90,0.00,0.11,2.00,0.61,10.00
nobility,2.00,2.40,0.70,2.50,1.00,3.00,10.00,2.36,-0.35,,0.36,0.36,0.74,0.00,0.36,2.00,0.94,10.00
normalized,4.00,2.78,0.83,3.00,2.00,4.00,9.00,2.90,0.19,,-1.10,1.10,0.48,1.10,0.00,3.00,0.76,9.00
outwits,3.00,2.55,0.52,3.00,2.00,3.00,11.00,2.53,-0.18,,-0.47,0.47,0.68,0.47,0.00,3.00,0.57,11.00
overarches,3.00,3.00,0.53,3.00,2.00,4.00,8.00,2.88,0.17,,-0.12,0.12,0.89,0.12,0.00,3.00,0.84,8.00
overstimulating,3.00,3.42,0.79,3.00,2.00,5.00,12.00,3.38,0.67,,0.38,0.38,0.72,0.00,0.38,3.00,0.52,12.00
patchiness,3.00,2.82,0.40,3.00,2.00,3.00,11.00,2.84,0.13,,-0.16,0.16,0.86,0.16,0.00,3.00,0.10,11.00
plagiarised,3.00,2.73,0.65,3.00,2.00,4.00,11.00,2.73,0.03,,-0.27,0.27,0.79,0.27,0.00,3.00,0.67,11.00
polarized,4.00,2.67,0.65,3.00,2.00,4.00,12.00,2.61,-0.09,,-1.39,1.39,0.42,1.39,0.00,3.00,0.79,12.00
prefigured,3.00,3.00,0.63,3.00,2.00,4.00,11.00,3.09,0.39,,0.09,0.09,0.92,0.00,0.09,3.00,0.90,11.00
procreative,3.00,2.85,0.69,3.00,1.00,4.00,13.00,2.81,0.11,,-0.19,0.19,0.84,0.19,0.00,3.00,0.34,13.00
publication,2.00,2.58,0.90,2.50,1.00,4.00,12.00,2.47,-0.23,,0.47,0.47,0.68,0.00,0.47,2.00,0.81,12.00
rationalism,2.00,2.89,0.78,3.00,2.00,4.00,9.00,2.93,0.23,,0.93,0.93,0.52,0.00,0.93,3.00,0.62,9.00
reactivated,5.00,3.60,0.84,3.00,3.00,5.00,10.00,3.55,0.85,,-1.45,1.45,0.41,1.45,0.00,4.00,0.42,10.00
readers,3.00,2.55,0.52,3.00,2.00,3.00,11.00,2.45,-0.26,,-0.55,0.55,0.65,0.55,0.00,2.00,0.53,11.00
recapping,3.00,2.82,0.40,3.00,2.00,3.00,11.00,2.90,0.19,,-0.10,0.10,0.91,0.10,0.00,3.00,0.51,11.00
recaptures,4.00,3.18,0.87,3.00,1.00,4.00,11.00,3.19,0.49,,-0.81,0.81,0.55,0.81,0.00,3.00,0.62,11.00
redirect,2.00,2.42,0.51,2.00,2.00,3.00,12.00,2.45,-0.25,,0.45,0.45,0.69,0.00,0.45,2.00,0.28,12.00
reemergence,3.00,3.00,0.71,3.00,2.00,4.00,9.00,3.10,0.39,,0.10,0.10,0.91,0.00,0.10,3.00,0.80,9.00
reflected,3.00,2.91,0.30,3.00,2.00,3.00,11.00,2.90,0.20,,-0.10,0.10,0.91,0.10,0.00,3.00,0.10,11.00
regaining,3.00,2.90,0.57,3.00,2.00,4.00,10.00,2.94,0.23,,-0.06,0.06,0.94,0.06,0.00,3.00,0.85,10.00
repayable,3.00,2.92,0.29,3.00,2.00,3.00,12.00,2.80,0.10,,-0.20,0.20,0.84,0.20,0.00,3.00,0.23,12.00
resumes,3.00,2.57,0.65,2.50,2.00,4.00,14.00,2.60,-0.11,,-0.40,0.40,0.71,0.40,0.00,3.00,0.44,14.00
retraction,3.00,2.90,0.32,3.00,2.00,3.00,10.00,2.84,0.14,,-0.16,0.16,0.86,0.16,0.00,3.00,0.25,10.00
retreading,3.00,2.92,0.29,3.00,2.00,3.00,12.00,2.97,0.27,,-0.03,0.03,0.97,0.03,0.00,3.00,0.78,12.00
revisited,3.00,3.00,0.50,3.00,2.00,4.00,9.00,2.99,0.28,,-0.01,0.01,0.99,0.01,0.00,3.00,0.83,9.00
revivalism,4.00,2.91,0.70,3.00,2.00,4.00,11.00,2.88,0.18,,-1.12,1.12,0.47,1.12,0.00,3.00,0.61,11.00
revolving,3.00,2.50,0.71,3.00,1.00,3.00,10.00,2.63,-0.08,,-0.37,0.37,0.73,0.37,0.00,3.00,0.78,10.00
royalists,4.00,2.58,0.51,3.00,2.00,3.00,12.00,2.76,0.05,,-1.24,1.24,0.45,1.24,0.00,3.00,0.72,12.00
seducers,4.00,3.10,0.57,3.00,2.00,4.00,10.00,2.95,0.24,,-1.05,1.05,0.49,1.05,0.00,3.00,0.75,10.00
shapelessness,3.00,3.00,0.45,3.00,2.00,4.00,11.00,2.96,0.26,,-0.04,0.04,0.96,0.04,0.00,3.00,0.85,11.00
skirmisher,2.00,2.90,0.74,3.00,1.00,4.00,10.00,2.77,0.06,,0.77,0.77,0.57,0.00,0.77,3.00,0.73,10.00
slenderer,2.00,2.50,0.52,2.50,2.00,3.00,12.00,2.69,-0.01,,0.69,0.69,0.59,0.00,0.69,3.00,0.64,12.00
soothingly,3.00,3.00,0.00,3.00,3.00,3.00,11.00,3.01,0.30,,0.01,0.01,0.99,0.00,0.01,3.00,,11.00
stealthily,3.00,2.42,0.67,2.50,1.00,3.00,12.00,2.50,-0.21,,-0.50,0.50,0.67,0.50,0.00,2.00,0.79,12.00
stuffiness,3.00,2.73,0.47,3.00,2.00,3.00,11.00,2.76,0.05,,-0.24,0.24,0.81,0.24,0.00,3.00,0.74,11.00
subatomic,3.00,2.64,0.50,3.00,2.00,3.00,11.00,2.67,-0.03,,-0.33,0.33,0.75,0.33,0.00,3.00,0.49,11.00
subsidize,2.00,2.73,0.65,3.00,1.00,3.00,11.00,2.65,-0.06,,0.65,0.65,0.61,0.00,0.65,3.00,-0.23,11.00
subtracts,3.00,2.75,0.45,3.00,2.00,3.00,12.00,2.72,0.02,,-0.28,0.28,0.78,0.28,0.00,3.00,0.41,12.00
sultanates,3.00,3.44,0.53,3.00,3.00,4.00,9.00,3.01,0.30,,0.01,0.01,0.99,0.00,0.01,3.00,0.69,9.00
summery,2.00,2.20,0.63,2.00,1.00,3.00,10.00,2.26,-0.45,,0.26,0.26,0.79,0.00,0.26,2.00,0.61,10.00
superintend,3.00,2.82,0.60,3.00,2.00,4.00,11.00,2.62,-0.08,,-0.38,0.38,0.72,0.38,0.00,3.00,0.88,11.00
superstitiously,3.00,3.45,0.69,3.00,3.00,5.00,11.00,3.37,0.66,,0.37,0.37,0.73,0.00,0.37,3.00,0.88,11.00
sustains,3.00,2.10,0.57,2.00,1.00,3.00,10.00,2.14,-0.56,,-0.86,0.86,0.54,0.86,0.00,2.00,0.02,10.00
teenager,3.00,2.73,0.47,3.00,2.00,3.00,11.00,2.54,-0.16,,-0.46,0.46,0.69,0.46,0.00,3.00,0.30,11.00
terrorizes,4.00,2.64,0.67,3.00,1.00,3.00,11.00,2.64,-0.06,,-1.36,1.36,0.42,1.36,0.00,3.00,0.66,11.00
tickers,3.00,2.70,0.48,3.00,2.00,3.00,10.00,2.58,-0.13,,-0.42,0.42,0.70,0.42,0.00,3.00,-0.11,10.00
trackers,3.00,2.70,0.48,3.00,2.00,3.00,10.00,2.59,-0.12,,-0.41,0.41,0.71,0.41,0.00,3.00,0.38,10.00
transcendent,2.00,3.00,0.47,3.00,2.00,4.00,10.00,2.92,0.22,,0.92,0.92,0.52,0.00,0.92,3.00,0.52,10.00
transfused,3.00,3.00,0.00,3.00,3.00,3.00,9.00,3.02,0.31,,0.02,0.02,0.98,0.00,0.02,3.00,,9.00
trespasser,2.00,2.50,0.71,3.00,1.00,3.00,10.00,2.67,-0.03,,0.67,0.67,0.60,0.00,0.67,3.00,0.86,10.00
triangular,3.00,2.45,0.52,2.00,2.00,3.00,11.00,2.47,-0.24,,-0.53,0.53,0.65,0.53,0.00,2.00,0.77,11.00
typists,3.00,2.54,0.66,3.00,1.00,3.00,13.00,2.65,-0.06,,-0.35,0.35,0.74,0.35,0.00,3.00,0.79,13.00
unamused,3.00,3.25,0.45,3.00,3.00,4.00,12.00,3.20,0.50,,0.20,0.20,0.83,0.00,0.20,3.00,-0.03,12.00
unarmed,3.00,2.90,0.32,3.00,2.00,3.00,10.00,2.60,-0.11,,-0.40,0.40,0.71,0.40,0.00,3.00,-0.36,10.00
unburdens,3.00,3.22,0.44,3.00,3.00,4.00,9.00,3.08,0.37,,0.08,0.08,0.93,0.00,0.08,3.00,0.27,9.00
unchanging,3.00,3.00,0.00,3.00,3.00,3.00,11.00,2.92,0.21,,-0.08,0.08,0.93,0.08,0.00,3.00,,11.00
underarm,2.00,2.15,0.38,2.00,2.00,3.00,13.00,2.28,-0.43,,0.28,0.28,0.78,0.00,0.28,2.00,0.61,13.00
underrate,2.00,2.42,0.67,2.00,2.00,4.00,12.00,2.38,-0.32,,0.38,0.38,0.72,0.00,0.38,2.00,0.41,12.00
understated,3.00,3.17,0.39,3.00,3.00,4.00,12.00,3.06,0.36,,0.06,0.06,0.94,0.00,0.06,3.00,0.44,12.00
unexplored,3.00,2.90,0.32,3.00,2.00,3.00,10.00,3.06,0.35,,0.06,0.06,0.95,0.00,0.06,3.00,0.86,10.00
unmedicated,3.00,3.54,0.52,4.00,3.00,4.00,13.00,3.43,0.73,,0.43,0.43,0.70,0.00,0.43,3.00,0.60,13.00
unprintable,3.00,3.00,0.00,3.00,3.00,3.00,11.00,2.96,0.26,,-0.04,0.04,0.96,0.04,0.00,3.00,,11.00
unrepairable,3.00,3.36,0.81,3.00,3.00,5.00,11.00,3.32,0.61,,0.32,0.32,0.76,0.00,0.32,3.00,0.74,11.00
unspeakable,3.00,3.08,0.49,3.00,2.00,4.00,13.00,2.98,0.28,,-0.02,0.02,0.98,0.02,0.00,3.00,0.65,13.00
unsupportable,3.00,3.17,0.72,3.00,2.00,5.00,12.00,3.11,0.40,,0.11,0.11,0.90,0.00,0.11,3.00,0.70,12.00
upholder,3.00,3.00,0.00,3.00,3.00,3.00,10.00,2.92,0.21,,-0.08,0.08,0.92,0.08,0.00,3.00,,10.00
valuables,3.00,2.73,0.90,3.00,1.00,4.00,11.00,2.64,-0.06,,-0.36,0.36,0.74,0.36,0.00,3.00,0.91,11.00
vandalizing,3.00,2.67,0.65,3.00,2.00,4.00,12.00,2.60,-0.10,,-0.40,0.40,0.71,0.40,0.00,3.00,0.63,12.00
viscosity,3.00,2.82,0.87,3.00,1.00,4.00,11.00,2.76,0.06,,-0.24,0.24,0.81,0.24,0.00,3.00,0.75,11.00
warmers,3.00,2.45,0.69,3.00,1.00,3.00,11.00,2.41,-0.30,,-0.59,0.59,0.63,0.59,0.00,2.00,0.26,11.00
wealthier,3.00,2.36,0.50,2.00,2.00,3.00,11.00,2.33,-0.38,,-0.67,0.67,0.60,0.67,0.00,2.00,0.58,11.00
wordiness,3.00,2.67,0.49,3.00,2.00,3.00,12.00,2.68,-0.02,,-0.32,0.32,0.76,0.32,0.00,3.00,0.53,12.00
worsens,3.00,2.30,0.67,2.00,1.00,3.00,10.00,2.29,-0.41,,-0.71,0.71,0.59,0.71,0.00,2.00,0.58,10.00
acoustics,2.00,2.45,0.69,2.00,2.00,4.00,11.00,2.55,-0.16,,0.55,0.55,0.65,0.00,0.55,3.00,0.50,11.00
changeability,3.00,3.27,0.79,3.00,2.00,5.00,11.00,3.10,0.40,,0.10,0.10,0.91,0.00,0.10,3.00,0.65,11.00
cooperatives,5.00,3.40,0.52,3.00,3.00,4.00,10.00,3.40,0.69,,-1.60,1.60,0.38,1.60,0.00,3.00,0.52,10.00
defendants,3.00,2.70,0.95,3.00,1.00,4.00,10.00,2.92,0.22,,-0.08,0.08,0.93,0.08,0.00,3.00,0.93,10.00
dehumanizes,4.00,3.78,0.44,4.00,3.00,4.00,9.00,3.63,0.93,,-0.37,0.37,0.73,0.37,0.00,4.00,0.33,9.00
denominations,5.00,4.00,0.94,4.00,3.00,6.00,10.00,3.80,1.10,,-1.20,1.20,0.46,1.20,0.00,4.00,0.93,10.00
determinants,3.00,3.45,0.82,3.00,2.00,5.00,11.00,3.36,0.65,,0.36,0.36,0.74,0.00,0.36,3.00,0.89,11.00
differentiable,3.00,2.82,0.98,3.00,2.00,5.00,11.00,3.06,0.35,,0.06,0.06,0.94,0.00,0.06,3.00,0.39,11.00
disconcerts,3.00,3.00,0.63,3.00,2.00,4.00,11.00,3.02,0.32,,0.02,0.02,0.98,0.00,0.02,3.00,0.88,11.00
disconnections,4.00,4.00,0.60,4.00,3.00,5.00,12.00,3.88,1.17,,-0.12,0.12,0.89,0.12,0.00,4.00,0.60,12.00
disqualification,3.00,3.90,0.88,4.00,3.00,5.00,10.00,3.72,1.02,,0.72,0.72,0.58,0.00,0.72,4.00,0.88,10.00
encompasses,3.00,3.10,0.57,3.00,2.00,4.00,10.00,3.12,0.42,,0.12,0.12,0.89,0.00,0.12,3.00,0.30,10.00
establishment,2.00,3.30,1.06,3.50,2.00,5.00,10.00,3.10,0.40,,1.10,1.10,0.48,0.00,1.10,3.00,0.76,10.00
extraordinarily,4.00,3.73,0.90,4.00,2.00,5.00,11.00,3.64,0.93,,-0.36,0.36,0.74,0.36,0.00,4.00,0.46,11.00
financiers,3.00,3.10,0.32,3.00,3.00,4.00,10.00,2.97,0.26,,-0.03,0.03,0.97,0.03,0.00,3.00,0.11,10.00
fisheries,3.00,3.22,0.67,3.00,2.00,4.00,9.00,2.99,0.29,,-0.01,0.01,0.99,0.01,0.00,3.00,0.58,9.00
hostilities,3.00,3.40,0.70,3.50,2.00,4.00,10.00,3.30,0.59,,0.30,0.30,0.77,0.00,0.30,3.00,0.86,10.00
intermingling,3.00,2.91,0.83,3.00,2.00,4.00,11.00,3.09,0.38,,0.09,0.09,0.92,0.00,0.09,3.00,0.68,11.00
microaggressions,4.00,4.00,1.49,4.00,1.00,6.00,10.00,3.87,1.16,,-0.13,0.13,0.88,0.13,0.00,4.00,0.87,10.00
misgivings,4.00,2.83,0.72,3.00,2.00,4.00,12.00,2.96,0.25,,-1.04,1.04,0.49,1.04,0.00,3.00,0.76,12.00
misreports,4.00,3.00,0.82,3.00,2.00,4.00,10.00,2.97,0.27,,-1.03,1.03,0.49,1.03,0.00,3.00,0.60,10.00
moralities,3.00,3.45,0.82,3.00,2.00,5.00,11.00,3.29,0.59,,0.29,0.29,0.77,0.00,0.29,3.00,0.81,11.00
permissible,3.00,2.55,0.93,2.00,1.00,4.00,11.00,2.83,0.12,,-0.17,0.17,0.85,0.17,0.00,3.00,0.71,11.00
presentation,3.00,3.18,0.75,3.00,2.00,4.00,11.00,3.12,0.41,,0.12,0.12,0.90,0.00,0.12,3.00,0.76,11.00
provincialism,3.00,3.27,0.79,3.00,2.00,5.00,11.00,3.21,0.50,,0.21,0.21,0.83,0.00,0.21,3.00,0.81,11.00
referential,4.00,3.40,0.84,3.00,2.00,5.00,10.00,3.23,0.52,,-0.77,0.77,0.56,0.77,0.00,3.00,0.86,10.00
reflectors,4.00,3.20,0.63,3.00,2.00,4.00,10.00,3.12,0.41,,-0.88,0.88,0.53,0.88,0.00,3.00,0.19,10.00
relativity,3.00,3.00,1.10,3.00,1.00,5.00,11.00,2.85,0.15,,-0.15,0.15,0.87,0.15,0.00,3.00,0.59,11.00
resettles,3.00,3.18,0.40,3.00,3.00,4.00,11.00,3.19,0.49,,0.19,0.19,0.84,0.00,0.19,3.00,0.58,11.00
restrictions,4.00,3.45,0.69,4.00,2.00,4.00,11.00,3.41,0.71,,-0.59,0.59,0.63,0.59,0.00,3.00,0.19,11.00
retrorockets,2.00,3.18,0.60,3.00,2.00,4.00,11.00,3.06,0.36,,1.06,1.06,0.48,0.00,1.06,3.00,0.72,11.00
subversively,4.00,3.27,0.65,3.00,2.00,4.00,11.00,3.27,0.56,,-0.73,0.73,0.58,0.73,0.00,3.00,0.52,11.00
systematizes,3.00,3.17,0.72,3.00,2.00,4.00,12.00,3.19,0.48,,0.19,0.19,0.84,0.00,0.19,3.00,0.74,12.00
transideological,4.00,3.56,1.01,4.00,2.00,5.00,9.00,3.58,0.87,,-0.42,0.42,0.70,0.42,0.00,4.00,0.79,9.00
transplantation,3.00,3.50,0.67,3.00,3.00,5.00,12.00,3.48,0.77,,0.48,0.48,0.68,0.00,0.48,3.00,0.67,12.00
trespassers,3.00,3.25,0.97,3.50,1.00,4.00,12.00,3.39,0.69,,0.39,0.39,0.72,0.00,0.39,3.00,0.86,12.00
unartistic,3.00,3.25,0.62,3.00,2.00,4.00,12.00,3.09,0.39,,0.09,0.09,0.92,0.00,0.09,3.00,0.76,12.00
unstrategically,4.00,4.50,0.85,4.50,3.00,6.00,10.00,4.22,1.52,,0.22,0.22,0.82,0.00,0.22,4.00,0.80,10.00
antireductionism,4.00,4.36,1.50,4.50,2.00,7.00,14.00,4.31,1.60,,0.31,0.31,0.76,0.00,0.31,4.00,0.80,14.00
apprehensions,4.00,3.31,0.75,3.00,2.00,5.00,13.00,3.37,0.67,,-0.63,0.63,0.62,0.63,0.00,3.00,0.49,13.00
decommissioned,3.00,3.82,0.75,4.00,3.00,5.00,11.00,3.66,0.96,,0.66,0.66,0.60,0.00,0.66,4.00,0.71,11.00
denomination,4.00,3.75,0.87,3.50,3.00,5.00,12.00,3.64,0.94,,-0.36,0.36,0.74,0.36,0.00,4.00,0.56,12.00
diversification,3.00,3.83,1.19,4.00,2.00,5.00,12.00,3.75,1.04,,0.75,0.75,0.57,0.00,0.75,4.00,0.84,12.00
heterosexuality,4.00,3.92,0.67,4.00,3.00,5.00,12.00,3.85,1.15,,-0.15,0.15,0.87,0.15,0.00,4.00,0.45,12.00
indiscriminately,4.00,4.70,1.16,4.50,3.00,7.00,10.00,4.29,1.59,,0.29,0.29,0.77,0.00,0.29,4.00,0.93,10.00
isolationists,4.00,3.25,1.22,3.00,1.00,5.00,12.00,3.30,0.60,,-0.70,0.70,0.59,0.70,0.00,3.00,0.88,12.00
juxtapositions,4.00,3.55,1.04,3.00,2.00,5.00,11.00,3.44,0.73,,-0.56,0.56,0.64,0.56,0.00,3.00,0.90,11.00
mispronunciations,5.00,4.36,0.92,4.00,3.00,6.00,11.00,4.17,1.46,,-0.83,0.83,0.55,0.83,0.00,4.00,0.56,11.00
subcontractors,4.00,4.00,0.94,4.00,2.00,5.00,10.00,4.04,1.33,,0.04,0.04,0.96,0.00,0.04,4.00,0.84,10.00
reactionaries,5.00,4.09,0.94,4.00,3.00,6.00,11.00,4.01,1.30,,-0.99,0.99,0.50,0.99,0.00,4.00,0.76,11.00
underestimates,4.00,3.64,0.92,3.00,3.00,6.00,11.00,3.53,0.82,,-0.47,0.47,0.68,0.47,0.00,4.00,0.46,11.00
reprofessionalizing,6.00,5.33,1.50,6.00,3.00,7.00,12.00,5.12,2.42,,-0.88,0.88,0.53,0.88,0.00,5.00,0.65,12.00
crusty,2.00,1.70,0.48,2.00,1.00,2.00,10.00,1.73,-0.98,,-0.27,0.27,0.79,0.27,0.00,2.00,0.60,10.00
furry,2.00,1.73,0.65,2.00,1.00,3.00,11.00,1.95,-0.76,,-0.05,0.05,0.95,0.05,0.00,2.00,0.33,11.00
mixer,2.00,1.92,0.29,2.00,1.00,2.00,12.00,1.86,-0.85,,-0.14,0.14,0.87,0.14,0.00,2.00,0.11,12.00
amazingly,3.00,2.58,0.51,3.00,2.00,3.00,12.00,2.57,-0.13,,-0.43,0.43,0.70,0.43,0.00,3.00,0.74,12.00
aquatic,2.00,2.08,0.51,2.00,1.00,3.00,12.00,2.09,-0.62,,0.09,0.09,0.92,0.00,0.09,2.00,0.74,12.00
arguably,3.00,2.90,0.74,3.00,2.00,4.00,10.00,2.80,0.09,,-0.20,0.20,0.83,0.20,0.00,3.00,0.84,10.00
assessor,2.00,2.17,0.58,2.00,1.00,3.00,12.00,2.21,-0.50,,0.21,0.21,0.83,0.00,0.21,2.00,0.67,12.00
baker,2.00,1.92,0.29,2.00,1.00,2.00,12.00,2.11,-0.60,,0.11,0.11,0.90,0.00,0.11,2.00,0.64,12.00
befriend,2.00,2.00,0.45,2.00,1.00,3.00,11.00,2.11,-0.60,,0.11,0.11,0.90,0.00,0.11,2.00,0.46,11.00
blessedly,3.00,2.58,0.51,3.00,2.00,3.00,12.00,2.66,-0.04,,-0.34,0.34,0.75,0.34,0.00,3.00,0.52,12.00
brokers,3.00,2.38,0.51,2.00,2.00,3.00,13.00,2.46,-0.24,,-0.54,0.54,0.65,0.54,0.00,2.00,0.66,13.00
celebrates,3.00,2.33,0.49,2.00,2.00,3.00,12.00,2.37,-0.34,,-0.63,0.63,0.61,0.63,0.00,2.00,0.71,12.00
chatty,2.00,1.91,0.30,2.00,1.00,2.00,11.00,2.02,-0.69,,0.02,0.02,0.98,0.00,0.02,2.00,0.78,11.00
chirpier,3.00,2.50,0.53,2.50,2.00,3.00,10.00,2.52,-0.18,,-0.48,0.48,0.68,0.48,0.00,3.00,0.47,10.00
circulating,3.00,2.75,0.75,3.00,2.00,4.00,12.00,2.78,0.07,,-0.22,0.22,0.82,0.22,0.00,3.00,0.66,12.00
conform,2.00,1.78,0.44,2.00,1.00,2.00,9.00,2.03,-0.67,,0.03,0.03,0.97,0.00,0.03,2.00,0.59,9.00
constrict,2.00,2.00,0.00,2.00,2.00,2.00,12.00,2.15,-0.56,,0.15,0.15,0.87,0.00,0.15,2.00,,12.00
coolest,2.00,2.00,0.00,2.00,2.00,2.00,10.00,1.99,-0.72,,-0.01,0.01,0.99,0.01,0.00,2.00,,10.00
copilot,2.00,2.18,0.40,2.00,2.00,3.00,11.00,2.19,-0.51,,0.19,0.19,0.84,0.00,0.19,2.00,0.90,11.00
cubist,2.00,2.08,0.29,2.00,2.00,3.00,12.00,2.14,-0.56,,0.14,0.14,0.87,0.00,0.14,2.00,0.28,12.00
curiosity,2.00,2.36,0.81,2.00,1.00,4.00,11.00,2.30,-0.40,,0.30,0.30,0.77,0.00,0.30,2.00,0.82,11.00
debunk,2.00,2.00,0.00,2.00,2.00,2.00,10.00,2.05,-0.66,,0.05,0.05,0.96,0.00,0.05,2.00,,10.00
dependant,3.00,2.55,0.52,3.00,2.00,3.00,11.00,2.56,-0.15,,-0.44,0.44,0.69,0.44,0.00,3.00,0.64,11.00
disrepair,3.00,2.45,0.52,2.00,2.00,3.00,11.00,2.53,-0.17,,-0.47,0.47,0.68,0.47,0.00,3.00,0.15,11.00
dizziest,2.00,2.08,0.49,2.00,1.00,3.00,13.00,2.11,-0.60,,0.11,0.11,0.90,0.00,0.11,2.00,0.74,13.00
downpours,3.00,2.30,0.67,2.00,1.00,3.00,10.00,2.14,-0.56,,-0.86,0.86,0.54,0.86,0.00,2.00,0.63,10.00
effecting,3.00,1.90,0.32,2.00,1.00,2.00,10.00,2.06,-0.65,,-0.94,0.94,0.51,0.94,0.00,2.00,0.10,10.00
eighth,2.00,1.27,0.47,1.00,1.00,2.00,11.00,1.54,-1.17,,-0.46,0.46,0.68,0.46,0.00,2.00,0.06,11.00
ejected,3.00,2.50,0.53,2.50,2.00,3.00,10.00,2.46,-0.24,,-0.54,0.54,0.65,0.54,0.00,2.00,0.70,10.00
elevator,2.00,2.17,0.83,2.00,1.00,4.00,12.00,2.21,-0.50,,0.21,0.21,0.83,0.00,0.21,2.00,0.46,12.00
enabled,3.00,2.55,0.52,3.00,2.00,3.00,11.00,2.65,-0.06,,-0.35,0.35,0.74,0.35,0.00,3.00,-0.48,11.00
encrust,2.00,1.92,0.29,2.00,1.00,2.00,12.00,1.92,-0.78,,-0.08,0.08,0.93,0.08,0.00,2.00,0.26,12.00
enraging,3.00,2.91,0.30,3.00,2.00,3.00,11.00,2.91,0.21,,-0.09,0.09,0.92,0.09,0.00,3.00,-0.04,11.00
entrusts,3.00,2.64,0.50,3.00,2.00,3.00,11.00,2.69,-0.02,,-0.31,0.31,0.76,0.31,0.00,3.00,0.43,11.00
equal,2.00,1.56,0.53,2.00,1.00,2.00,9.00,1.58,-1.13,,-0.42,0.42,0.70,0.42,0.00,2.00,0.40,9.00
equality,3.00,2.30,0.48,2.00,2.00,3.00,10.00,2.34,-0.36,,-0.66,0.66,0.60,0.66,0.00,2.00,0.38,10.00
eruption,3.00,2.36,0.50,2.00,2.00,3.00,11.00,2.38,-0.32,,-0.62,0.62,0.62,0.62,0.00,2.00,0.43,11.00
evaporates,4.00,3.00,1.34,3.00,1.00,5.00,11.00,2.93,0.22,,-1.07,1.07,0.48,1.07,0.00,3.00,0.78,11.00
exorcist,2.00,2.33,0.49,2.00,2.00,3.00,15.00,2.34,-0.36,,0.34,0.34,0.75,0.00,0.34,2.00,0.69,15.00
extends,3.00,2.27,0.65,2.00,1.00,3.00,11.00,2.40,-0.31,,-0.60,0.60,0.62,0.60,0.00,2.00,0.70,11.00
freakier,3.00,2.27,0.47,2.00,2.00,3.00,11.00,2.28,-0.43,,-0.72,0.72,0.58,0.72,0.00,2.00,0.38,11.00
frenziedly,3.00,2.75,0.87,3.00,1.00,4.00,12.00,2.86,0.15,,-0.14,0.14,0.87,0.14,0.00,3.00,0.74,12.00
frequently,3.00,2.67,0.49,3.00,2.00,3.00,12.00,2.62,-0.09,,-0.38,0.38,0.72,0.38,0.00,3.00,0.51,12.00
friendships,3.00,2.64,0.50,3.00,2.00,3.00,11.00,2.60,-0.10,,-0.40,0.40,0.72,0.40,0.00,3.00,0.23,11.00
greyness,2.00,2.00,0.00,2.00,2.00,2.00,8.00,2.34,-0.36,,0.34,0.34,0.75,0.00,0.34,2.00,,8.00
holiest,2.00,2.33,0.49,2.00,2.00,3.00,12.00,2.35,-0.36,,0.35,0.35,0.74,0.00,0.35,2.00,0.36,12.00
induction,3.00,2.42,0.67,2.50,1.00,3.00,12.00,2.41,-0.29,,-0.59,0.59,0.63,0.59,0.00,2.00,0.80,12.00
inequity,3.00,2.60,0.52,3.00,2.00,3.00,10.00,2.71,0.00,,-0.29,0.29,0.77,0.29,0.00,3.00,0.49,10.00
integrators,4.00,3.09,0.83,3.00,2.00,4.00,11.00,3.03,0.33,,-0.97,0.97,0.51,0.97,0.00,3.00,0.52,11.00
itemized,3.00,2.64,0.50,3.00,2.00,3.00,11.00,2.77,0.06,,-0.23,0.23,0.81,0.23,0.00,3.00,0.63,11.00
jolliness,3.00,2.27,0.47,2.00,2.00,3.00,11.00,2.38,-0.33,,-0.62,0.62,0.62,0.62,0.00,2.00,0.58,11.00
leadership,3.00,2.75,0.45,3.00,2.00,3.00,12.00,2.60,-0.11,,-0.40,0.40,0.71,0.40,0.00,3.00,0.50,12.00
lenders,3.00,2.36,0.81,3.00,1.00,3.00,11.00,2.45,-0.25,,-0.55,0.55,0.65,0.55,0.00,2.00,0.77,11.00
likely,2.00,1.92,0.51,2.00,1.00,3.00,12.00,2.02,-0.69,,0.02,0.02,0.98,0.00,0.02,2.00,0.73,12.00
likened,3.00,2.30,0.67,2.00,1.00,3.00,10.00,2.34,-0.36,,-0.66,0.66,0.60,0.66,0.00,2.00,0.57,10.00
limpness,2.00,2.00,0.00,2.00,2.00,2.00,10.00,1.83,-0.88,,-0.17,0.17,0.85,0.17,0.00,2.00,,10.00
logicians,3.00,2.55,0.69,3.00,1.00,3.00,11.00,2.70,0.00,,-0.30,0.30,0.77,0.30,0.00,3.00,0.68,11.00
loyalist,2.00,2.40,0.52,2.00,2.00,3.00,10.00,2.44,-0.26,,0.44,0.44,0.69,0.00,0.44,2.00,0.76,10.00
massive,2.00,1.73,0.65,2.00,1.00,3.00,11.00,1.84,-0.87,,-0.16,0.16,0.86,0.16,0.00,2.00,0.47,11.00
masterly,2.00,2.31,0.48,2.00,2.00,3.00,13.00,2.22,-0.49,,0.22,0.22,0.82,0.00,0.22,2.00,0.74,13.00
mellowly,2.00,2.17,0.58,2.00,1.00,3.00,12.00,2.16,-0.54,,0.16,0.16,0.86,0.00,0.16,2.00,0.69,12.00
miserly,2.00,2.07,0.62,2.00,1.00,3.00,14.00,2.23,-0.47,,0.23,0.23,0.81,0.00,0.23,2.00,0.82,14.00
mismanaged,3.00,3.00,0.60,3.00,2.00,4.00,12.00,2.84,0.14,,-0.16,0.16,0.87,0.16,0.00,3.00,0.66,12.00
monogram,2.00,2.00,0.00,2.00,2.00,2.00,10.00,2.05,-0.66,,0.05,0.05,0.96,0.00,0.05,2.00,,10.00
movingly,3.00,2.73,0.47,3.00,2.00,3.00,11.00,2.54,-0.16,,-0.46,0.46,0.69,0.46,0.00,3.00,0.44,11.00
musicals,3.00,2.18,0.75,2.00,1.00,3.00,11.00,2.38,-0.33,,-0.62,0.62,0.62,0.62,0.00,2.00,0.73,11.00
optimal,2.00,2.08,0.29,2.00,2.00,3.00,12.00,2.08,-0.63,,0.08,0.08,0.93,0.00,0.08,2.00,0.31,12.00
outflanks,3.00,2.55,0.52,3.00,2.00,3.00,11.00,2.71,0.00,,-0.29,0.29,0.77,0.29,0.00,3.00,0.13,11.00
overacts,3.00,2.90,0.57,3.00,2.00,4.00,10.00,2.97,0.26,,-0.03,0.03,0.97,0.03,0.00,3.00,0.59,10.00
oversize,2.00,2.00,0.00,2.00,2.00,2.00,11.00,1.96,-0.75,,-0.04,0.04,0.96,0.04,0.00,2.00,,11.00
overwork,2.00,2.00,0.00,2.00,2.00,2.00,11.00,2.12,-0.59,,0.12,0.12,0.90,0.00,0.12,2.00,,11.00
painters,3.00,2.38,0.92,3.00,1.00,3.00,8.00,2.53,-0.18,,-0.47,0.47,0.68,0.47,0.00,3.00,0.85,8.00
perky,2.00,1.77,0.44,2.00,1.00,2.00,13.00,1.88,-0.82,,-0.12,0.12,0.89,0.12,0.00,2.00,0.10,13.00
plantations,3.00,3.08,0.90,3.00,1.00,4.00,12.00,3.11,0.41,,0.11,0.11,0.90,0.00,0.11,3.00,0.46,12.00
pointless,2.00,2.00,0.00,2.00,2.00,2.00,10.00,2.13,-0.57,,0.13,0.13,0.88,0.00,0.13,2.00,,10.00
pollsters,3.00,2.62,0.77,3.00,1.00,4.00,13.00,2.62,-0.09,,-0.38,0.38,0.72,0.38,0.00,3.00,0.52,13.00
positioned,3.00,3.00,0.85,3.00,2.00,4.00,12.00,2.91,0.21,,-0.09,0.09,0.92,0.09,0.00,3.00,0.68,12.00
prearrange,2.00,2.45,0.69,2.00,2.00,4.00,11.00,2.31,-0.40,,0.31,0.31,0.76,0.00,0.31,2.00,0.64,11.00
queenly,2.00,2.09,0.30,2.00,2.00,3.00,11.00,1.90,-0.81,,-0.10,0.10,0.91,0.10,0.00,2.00,0.42,11.00
reaction,3.00,2.46,0.66,3.00,1.00,3.00,13.00,2.50,-0.21,,-0.50,0.50,0.67,0.50,0.00,2.00,0.66,13.00
readjusting,3.00,3.00,0.74,3.00,2.00,4.00,12.00,3.04,0.34,,0.04,0.04,0.96,0.00,0.04,3.00,0.63,12.00
reforesting,3.00,3.00,0.60,3.00,2.00,4.00,12.00,2.98,0.28,,-0.02,0.02,0.98,0.02,0.00,3.00,0.15,12.00
reinvents,4.00,2.77,0.73,3.00,2.00,4.00,13.00,2.78,0.07,,-1.22,1.22,0.45,1.22,0.00,3.00,0.33,13.00
reload,2.00,2.10,0.32,2.00,2.00,3.00,10.00,2.12,-0.58,,0.12,0.12,0.89,0.00,0.12,2.00,0.46,10.00
reminding,3.00,2.83,0.58,3.00,2.00,4.00,12.00,2.82,0.11,,-0.18,0.18,0.85,0.18,0.00,3.00,0.15,12.00
reprints,3.00,2.50,0.67,3.00,1.00,3.00,12.00,2.51,-0.20,,-0.49,0.49,0.67,0.49,0.00,3.00,0.69,12.00
restorer,2.00,2.50,0.67,3.00,1.00,3.00,12.00,2.61,-0.09,,0.61,0.61,0.62,0.00,0.61,3.00,0.75,12.00
righteous,2.00,1.92,0.51,2.00,1.00,3.00,12.00,1.85,-0.86,,-0.15,0.15,0.87,0.15,0.00,2.00,0.74,12.00
roomful,2.00,2.00,0.00,2.00,2.00,2.00,12.00,1.97,-0.73,,-0.03,0.03,0.97,0.03,0.00,2.00,,12.00
shapeliness,3.00,2.82,0.40,3.00,2.00,3.00,11.00,2.88,0.17,,-0.12,0.12,0.89,0.12,0.00,3.00,0.58,11.00
sharpened,3.00,2.70,0.67,3.00,2.00,4.00,10.00,2.72,0.02,,-0.28,0.28,0.78,0.28,0.00,3.00,0.49,10.00
showery,2.00,2.45,0.52,2.00,2.00,3.00,11.00,2.36,-0.34,,0.36,0.36,0.73,0.00,0.36,2.00,0.71,11.00
showiest,3.00,2.42,0.67,2.50,1.00,3.00,12.00,2.45,-0.26,,-0.55,0.55,0.64,0.55,0.00,2.00,0.75,12.00
shyly,2.00,1.83,0.39,2.00,1.00,2.00,12.00,1.99,-0.71,,-0.01,0.01,0.99,0.01,0.00,2.00,0.65,12.00
sleepers,3.00,2.55,0.52,3.00,2.00,3.00,11.00,2.63,-0.08,,-0.37,0.37,0.73,0.37,0.00,3.00,0.07,11.00
sniffers,3.00,2.09,0.83,2.00,1.00,3.00,11.00,2.24,-0.47,,-0.76,0.76,0.57,0.76,0.00,2.00,0.89,11.00
sourly,2.00,1.83,0.39,2.00,1.00,2.00,12.00,2.02,-0.69,,0.02,0.02,0.98,0.00,0.02,2.00,0.67,12.00
spirituals,3.00,2.40,0.70,2.50,1.00,3.00,10.00,2.52,-0.18,,-0.48,0.48,0.68,0.48,0.00,3.00,0.75,10.00
stocky,2.00,1.92,0.29,2.00,1.00,2.00,12.00,1.81,-0.89,,-0.19,0.19,0.84,0.19,0.00,2.00,0.49,12.00
subjection,3.00,2.80,0.42,3.00,2.00,3.00,10.00,2.72,0.02,,-0.28,0.28,0.78,0.28,0.00,3.00,0.12,10.00
superstars,3.00,2.55,0.69,3.00,1.00,3.00,11.00,2.65,-0.05,,-0.35,0.35,0.74,0.35,0.00,3.00,0.76,11.00
synchronize,3.00,2.40,0.97,2.50,1.00,4.00,10.00,2.49,-0.22,,-0.51,0.51,0.66,0.51,0.00,2.00,0.47,10.00
tighten,2.00,2.00,0.00,2.00,2.00,2.00,11.00,1.94,-0.76,,-0.06,0.06,0.94,0.06,0.00,2.00,,11.00
tonal,2.00,1.62,0.51,2.00,1.00,2.00,13.00,1.80,-0.91,,-0.20,0.20,0.83,0.20,0.00,2.00,-0.22,13.00
trotters,3.00,2.50,0.53,2.50,2.00,3.00,8.00,2.44,-0.27,,-0.56,0.56,0.64,0.56,0.00,2.00,0.43,8.00
underlay,2.00,2.18,0.40,2.00,2.00,3.00,11.00,2.25,-0.45,,0.25,0.25,0.80,0.00,0.25,2.00,0.20,11.00
unheard,2.00,2.10,0.32,2.00,2.00,3.00,10.00,2.20,-0.50,,0.20,0.20,0.83,0.00,0.20,2.00,0.52,10.00
unlinked,3.00,2.64,0.50,3.00,2.00,3.00,11.00,2.87,0.16,,-0.13,0.13,0.88,0.13,0.00,3.00,-0.17,11.00
unpack,2.00,2.00,0.00,2.00,2.00,2.00,12.00,2.01,-0.69,,0.01,0.01,0.99,0.00,0.01,2.00,,12.00
unspoken,3.00,2.91,0.30,3.00,2.00,3.00,11.00,2.68,-0.03,,-0.32,0.32,0.76,0.32,0.00,3.00,0.22,11.00
upholds,3.00,2.42,0.51,2.00,2.00,3.00,12.00,2.52,-0.19,,-0.48,0.48,0.67,0.48,0.00,3.00,0.57,12.00
urbanizing,4.00,2.78,0.67,3.00,2.00,4.00,9.00,2.82,0.12,,-1.18,1.18,0.46,1.18,0.00,3.00,0.67,9.00
viewers,3.00,2.42,0.51,2.00,2.00,3.00,12.00,2.35,-0.36,,-0.65,0.65,0.61,0.65,0.00,2.00,0.48,12.00
visible,2.00,2.09,0.83,2.00,1.00,3.00,11.00,1.98,-0.73,,-0.02,0.02,0.98,0.02,0.00,2.00,0.85,11.00
weirdness,2.00,2.09,0.30,2.00,2.00,3.00,11.00,2.09,-0.61,,0.09,0.09,0.91,0.00,0.09,2.00,0.35,11.00
woollens,3.00,2.70,0.48,3.00,2.00,3.00,10.00,2.57,-0.14,,-0.43,0.43,0.70,0.43,0.00,3.00,0.56,10.00
adulterous,2.00,2.91,0.30,3.00,2.00,3.00,11.00,2.88,0.18,,0.88,0.88,0.53,0.00,0.88,3.00,0.40,11.00
allocations,4.00,3.27,0.65,3.00,2.00,4.00,11.00,3.30,0.59,,-0.70,0.70,0.59,0.70,0.00,3.00,0.73,11.00
anxiously,3.00,2.50,0.67,2.00,2.00,4.00,12.00,2.49,-0.21,,-0.51,0.51,0.66,0.51,0.00,2.00,0.28,12.00
archbishops,3.00,2.83,0.39,3.00,2.00,3.00,12.00,2.86,0.15,,-0.14,0.14,0.88,0.14,0.00,3.00,0.48,12.00
beggars,3.00,2.42,0.51,2.00,2.00,3.00,12.00,2.39,-0.31,,-0.61,0.61,0.62,0.61,0.00,2.00,-0.04,12.00
bicyclist,3.00,2.83,0.58,3.00,2.00,4.00,12.00,2.83,0.13,,-0.17,0.17,0.86,0.17,0.00,3.00,0.92,12.00
boasters,3.00,2.80,0.42,3.00,2.00,3.00,10.00,2.67,-0.03,,-0.33,0.33,0.75,0.33,0.00,3.00,0.27,10.00
breathlessly,3.00,2.82,0.40,3.00,2.00,3.00,11.00,2.97,0.27,,-0.03,0.03,0.97,0.03,0.00,3.00,0.58,11.00
cannibalized,3.00,3.33,0.65,3.00,3.00,5.00,12.00,3.19,0.48,,0.19,0.19,0.84,0.00,0.19,3.00,0.34,12.00
casualness,2.00,2.50,0.67,2.00,2.00,4.00,12.00,2.43,-0.28,,0.43,0.43,0.70,0.00,0.43,2.00,0.48,12.00
changeable,2.00,2.33,0.49,2.00,2.00,3.00,12.00,2.29,-0.42,,0.29,0.29,0.78,0.00,0.29,2.00,0.26,12.00
classifying,3.00,3.00,0.60,3.00,2.00,4.00,12.00,3.09,0.38,,0.09,0.09,0.92,0.00,0.09,3.00,0.67,12.00
coherent,3.00,2.25,0.62,2.00,1.00,3.00,12.00,2.26,-0.45,,-0.74,0.74,0.57,0.74,0.00,2.00,0.71,12.00
complainer,2.00,2.55,0.69,2.00,2.00,4.00,11.00,2.57,-0.13,,0.57,0.57,0.64,0.00,0.57,3.00,0.82,11.00
computerized,5.00,3.09,0.70,3.00,2.00,4.00,11.00,3.03,0.33,,-1.97,1.97,0.34,1.97,0.00,3.00,0.76,11.00
confident,2.00,2.42,0.67,2.50,1.00,3.00,12.00,2.25,-0.45,,0.25,0.25,0.80,0.00,0.25,2.00,0.76,12.00
consummation,4.00,3.20,0.79,3.00,2.00,4.00,10.00,3.08,0.37,,-0.92,0.92,0.52,0.92,0.00,3.00,0.67,10.00
consumption,3.00,2.58,0.79,3.00,1.00,4.00,12.00,2.65,-0.06,,-0.35,0.35,0.74,0.35,0.00,3.00,0.44,12.00
containments,3.00,3.09,0.54,3.00,2.00,4.00,11.00,3.03,0.32,,0.03,0.03,0.97,0.00,0.03,3.00,0.49,11.00
conveyance,3.00,2.40,0.52,2.00,2.00,3.00,10.00,2.65,-0.05,,-0.35,0.35,0.74,0.35,0.00,3.00,0.32,10.00
cooperated,4.00,3.30,0.67,3.00,3.00,5.00,10.00,3.24,0.53,,-0.76,0.76,0.57,0.76,0.00,3.00,0.66,10.00
correspondent,3.00,2.82,0.87,3.00,2.00,4.00,11.00,2.81,0.10,,-0.19,0.19,0.84,0.19,0.00,3.00,0.85,11.00
counterproposal,4.00,4.00,1.15,4.50,2.00,5.00,10.00,3.72,1.02,,-0.28,0.28,0.78,0.28,0.00,4.00,0.57,10.00
defaming,3.00,2.90,0.32,3.00,2.00,3.00,10.00,2.71,0.00,,-0.29,0.29,0.78,0.29,0.00,3.00,0.51,10.00
defaulters,3.00,2.91,0.54,3.00,2.00,4.00,11.00,2.96,0.25,,-0.04,0.04,0.96,0.04,0.00,3.00,0.40,11.00
deforested,3.00,3.11,0.33,3.00,3.00,4.00,9.00,3.04,0.34,,0.04,0.04,0.96,0.00,0.04,3.00,0.61,9.00
defrauding,3.00,2.85,0.38,3.00,2.00,3.00,13.00,2.86,0.16,,-0.14,0.14,0.88,0.14,0.00,3.00,0.62,13.00
disability,3.00,3.09,0.83,3.00,2.00,5.00,11.00,3.03,0.33,,0.03,0.03,0.97,0.00,0.03,3.00,0.82,11.00
disassociating,5.00,4.09,1.30,4.00,2.00,6.00,11.00,3.84,1.14,,-1.16,1.16,0.46,1.16,0.00,4.00,0.83,11.00
discussions,3.00,3.00,0.45,3.00,2.00,4.00,11.00,2.93,0.23,,-0.07,0.07,0.94,0.07,0.00,3.00,0.51,11.00
dismembers,3.00,3.00,0.00,3.00,3.00,3.00,12.00,3.09,0.38,,0.09,0.09,0.92,0.00,0.09,3.00,,12.00
disorderliness,4.00,3.80,0.92,3.50,3.00,5.00,10.00,3.71,1.01,,-0.29,0.29,0.78,0.29,0.00,4.00,0.81,10.00
disruption,3.00,2.82,0.40,3.00,2.00,3.00,11.00,2.81,0.11,,-0.19,0.19,0.84,0.19,0.00,3.00,0.60,11.00
distributive,3.00,2.58,0.67,2.50,2.00,4.00,12.00,2.66,-0.04,,-0.34,0.34,0.75,0.34,0.00,3.00,0.89,12.00
dynamical,3.00,2.20,0.79,2.00,1.00,4.00,10.00,2.47,-0.24,,-0.53,0.53,0.65,0.53,0.00,2.00,0.58,10.00
educator,3.00,2.50,0.90,2.00,1.00,4.00,12.00,2.53,-0.17,,-0.47,0.47,0.68,0.47,0.00,3.00,0.81,12.00
empowering,3.00,3.10,0.32,3.00,3.00,4.00,10.00,2.99,0.28,,-0.01,0.01,0.99,0.01,0.00,3.00,-0.06,10.00
enrollment,3.00,2.70,0.48,3.00,2.00,3.00,10.00,2.57,-0.13,,-0.43,0.43,0.70,0.43,0.00,3.00,0.79,10.00
ethnical,3.00,2.25,0.75,2.00,1.00,3.00,12.00,2.27,-0.44,,-0.73,0.73,0.58,0.73,0.00,2.00,0.81,12.00
external,3.00,2.36,0.92,3.00,1.00,3.00,11.00,2.41,-0.29,,-0.59,0.59,0.63,0.59,0.00,2.00,0.52,11.00
externalised,5.00,3.60,0.97,3.50,2.00,5.00,10.00,3.35,0.65,,-1.65,1.65,0.38,1.65,0.00,3.00,0.87,10.00
extraction,3.00,2.73,0.65,3.00,2.00,4.00,11.00,2.82,0.12,,-0.18,0.18,0.85,0.18,0.00,3.00,0.71,11.00
faithfulness,3.00,2.91,0.54,3.00,2.00,4.00,11.00,2.80,0.09,,-0.20,0.20,0.83,0.20,0.00,3.00,0.79,11.00
forcefully,3.00,2.82,0.40,3.00,2.00,3.00,11.00,2.75,0.05,,-0.25,0.25,0.80,0.25,0.00,3.00,0.40,11.00
formulated,3.00,2.91,0.54,3.00,2.00,4.00,11.00,2.89,0.19,,-0.11,0.11,0.90,0.11,0.00,3.00,0.68,11.00
foundation,2.00,2.27,0.65,2.00,1.00,3.00,11.00,2.29,-0.41,,0.29,0.29,0.77,0.00,0.29,2.00,0.65,11.00
frostiness,3.00,2.73,0.47,3.00,2.00,3.00,11.00,2.77,0.07,,-0.23,0.23,0.81,0.23,0.00,3.00,0.83,11.00
frustrations,3.00,3.08,0.79,3.00,1.00,4.00,12.00,3.05,0.35,,0.05,0.05,0.95,0.00,0.05,3.00,0.94,12.00
fussiest,3.00,2.45,0.52,2.00,2.00,3.00,11.00,2.57,-0.13,,-0.43,0.43,0.70,0.43,0.00,3.00,0.18,11.00
gaseous,2.00,2.40,0.70,2.50,1.00,3.00,10.00,2.42,-0.28,,0.42,0.42,0.70,0.00,0.42,2.00,0.60,10.00
greedily,3.00,2.27,0.47,2.00,2.00,3.00,11.00,2.34,-0.36,,-0.66,0.66,0.60,0.66,0.00,2.00,0.19,11.00
harvesters,3.00,2.64,1.03,3.00,1.00,4.00,11.00,2.70,-0.01,,-0.30,0.30,0.77,0.30,0.00,3.00,0.86,11.00
hurtfulness,3.00,2.89,0.33,3.00,2.00,3.00,9.00,2.92,0.21,,-0.08,0.08,0.92,0.08,0.00,3.00,0.45,9.00
immovably,4.00,3.00,0.60,3.00,2.00,4.00,12.00,2.81,0.11,,-1.19,1.19,0.46,1.19,0.00,3.00,0.69,12.00
incompetences,3.00,3.33,0.78,3.00,2.00,5.00,12.00,3.34,0.64,,0.34,0.34,0.75,0.00,0.34,3.00,0.32,12.00
inconspicuously,3.00,3.67,0.98,3.00,3.00,6.00,12.00,3.67,0.97,,0.67,0.67,0.60,0.00,0.67,4.00,0.70,12.00
inconstant,3.00,2.50,0.52,2.50,2.00,3.00,12.00,2.60,-0.11,,-0.40,0.40,0.71,0.40,0.00,3.00,0.37,12.00
inelastic,2.00,2.67,0.87,3.00,1.00,4.00,9.00,2.65,-0.06,,0.65,0.65,0.61,0.00,0.65,3.00,0.78,9.00
infinity,3.00,2.27,0.79,2.00,1.00,3.00,11.00,2.37,-0.34,,-0.63,0.63,0.61,0.63,0.00,2.00,0.31,11.00
inglorious,3.00,2.75,0.45,3.00,2.00,3.00,12.00,2.86,0.15,,-0.14,0.14,0.88,0.14,0.00,3.00,0.47,12.00
inquisition,3.00,3.00,0.94,3.00,2.00,4.00,10.00,2.90,0.19,,-0.10,0.10,0.91,0.10,0.00,3.00,0.83,10.00
instigator,2.00,2.75,0.87,3.00,1.00,4.00,12.00,2.80,0.10,,0.80,0.80,0.55,0.00,0.80,3.00,0.71,12.00
interrupter,3.00,2.92,0.76,3.00,2.00,4.00,13.00,2.88,0.18,,-0.12,0.12,0.90,0.12,0.00,3.00,0.67,13.00
irrevocably,5.00,3.30,0.82,3.00,2.00,5.00,10.00,3.20,0.50,,-1.80,1.80,0.36,1.80,0.00,3.00,0.50,10.00
laborious,2.00,2.56,0.53,3.00,2.00,3.00,9.00,2.50,-0.21,,0.50,0.50,0.67,0.00,0.50,2.00,0.62,9.00
lionesses,3.00,2.67,0.65,3.00,1.00,3.00,12.00,2.65,-0.06,,-0.35,0.35,0.74,0.35,0.00,3.00,0.74,12.00
looters,3.00,2.89,0.33,3.00,2.00,3.00,9.00,2.68,-0.02,,-0.32,0.32,0.76,0.32,0.00,3.00,-0.40,9.00
luckier,3.00,2.33,0.49,2.00,2.00,3.00,12.00,2.30,-0.41,,-0.70,0.70,0.59,0.70,0.00,2.00,-0.03,12.00
maltreated,3.00,2.91,0.30,3.00,2.00,3.00,11.00,2.98,0.27,,-0.02,0.02,0.98,0.02,0.00,3.00,0.08,11.00
mediation,3.00,2.50,0.80,2.50,1.00,4.00,12.00,2.50,-0.20,,-0.50,0.50,0.67,0.50,0.00,3.00,0.71,12.00
misunderstood,2.00,3.00,0.00,3.00,3.00,3.00,10.00,3.03,0.33,,1.03,1.03,0.49,0.00,1.03,3.00,,10.00
monumental,2.00,2.80,0.63,3.00,2.00,4.00,10.00,2.67,-0.04,,0.67,0.67,0.60,0.00,0.67,3.00,0.46,10.00
neglectfulness,3.00,3.10,0.32,3.00,3.00,4.00,10.00,3.17,0.46,,0.17,0.17,0.86,0.00,0.17,3.00,-0.06,10.00
noninitial,4.00,2.83,0.94,3.00,2.00,5.00,12.00,2.87,0.17,,-1.13,1.13,0.47,1.13,0.00,3.00,0.72,12.00
notoriously,3.00,2.90,1.29,3.00,1.00,5.00,10.00,2.90,0.19,,-0.10,0.10,0.91,0.10,0.00,3.00,0.93,10.00
oncoming,3.00,2.56,0.53,3.00,2.00,3.00,9.00,2.69,-0.01,,-0.31,0.31,0.77,0.31,0.00,3.00,0.09,9.00
optical,2.00,2.00,0.53,2.00,1.00,3.00,8.00,2.09,-0.61,,0.09,0.09,0.91,0.00,0.09,2.00,0.50,8.00
optimisms,3.00,3.09,0.94,3.00,2.00,5.00,11.00,3.06,0.35,,0.06,0.06,0.95,0.00,0.06,3.00,0.62,11.00
orderliness,3.00,2.75,0.75,3.00,1.00,4.00,12.00,2.88,0.18,,-0.12,0.12,0.89,0.12,0.00,3.00,0.50,12.00
originate,2.00,2.55,0.82,3.00,1.00,4.00,11.00,2.46,-0.25,,0.46,0.46,0.68,0.00,0.46,2.00,0.73,11.00
outbuildings,4.00,3.38,0.65,3.00,2.00,4.00,13.00,3.49,0.79,,-0.51,0.51,0.66,0.51,0.00,3.00,0.72,13.00
outdated,3.00,2.73,0.47,3.00,2.00,3.00,11.00,2.63,-0.08,,-0.37,0.37,0.73,0.37,0.00,3.00,0.06,11.00
outwitting,3.00,2.83,0.39,3.00,2.00,3.00,12.00,2.80,0.10,,-0.20,0.20,0.83,0.20,0.00,3.00,-0.21,12.00
overrules,3.00,2.73,0.65,3.00,2.00,4.00,11.00,2.84,0.13,,-0.16,0.16,0.86,0.16,0.00,3.00,0.82,11.00
oversleeps,3.00,2.92,0.28,3.00,2.00,3.00,13.00,2.75,0.05,,-0.25,0.25,0.80,0.25,0.00,3.00,0.39,13.00
overstate,2.00,2.15,0.38,2.00,2.00,3.00,13.00,2.21,-0.50,,0.21,0.21,0.83,0.00,0.21,2.00,0.33,13.00
pacifies,3.00,2.58,0.67,3.00,1.00,3.00,12.00,2.54,-0.16,,-0.46,0.46,0.69,0.46,0.00,3.00,0.77,12.00
perfumery,2.00,2.60,0.70,2.50,2.00,4.00,10.00,2.66,-0.05,,0.66,0.66,0.60,0.00,0.66,3.00,0.87,10.00
persecuted,3.00,2.40,0.52,2.00,2.00,3.00,10.00,2.53,-0.17,,-0.47,0.47,0.68,0.47,0.00,3.00,0.69,10.00
persecutions,4.00,3.67,0.78,3.50,3.00,5.00,12.00,3.57,0.87,,-0.43,0.43,0.70,0.43,0.00,4.00,0.71,12.00
planetariums,3.00,3.10,0.88,3.00,2.00,5.00,10.00,3.10,0.39,,0.10,0.10,0.91,0.00,0.10,3.00,0.80,10.00
planetoids,3.00,2.92,0.49,3.00,2.00,4.00,13.00,2.97,0.26,,-0.03,0.03,0.97,0.03,0.00,3.00,0.87,13.00
pointedly,3.00,2.82,0.60,3.00,1.00,3.00,11.00,2.72,0.01,,-0.28,0.28,0.78,0.28,0.00,3.00,0.87,11.00
pollinators,4.00,3.27,1.01,3.00,2.00,5.00,11.00,3.20,0.49,,-0.80,0.80,0.55,0.80,0.00,3.00,0.63,11.00
predictable,2.00,2.83,0.58,3.00,2.00,4.00,12.00,2.94,0.23,,0.94,0.94,0.52,0.00,0.94,3.00,0.61,12.00
preflight,2.00,2.20,0.42,2.00,2.00,3.00,10.00,2.26,-0.45,,0.26,0.26,0.80,0.00,0.26,2.00,-0.27,10.00
prestigious,2.00,3.00,0.74,3.00,2.00,4.00,12.00,2.80,0.10,,0.80,0.80,0.55,0.00,0.80,3.00,0.43,12.00
primitively,3.00,3.00,0.87,3.00,2.00,4.00,9.00,2.84,0.13,,-0.16,0.16,0.86,0.16,0.00,3.00,0.68,9.00
procreated,3.00,3.08,0.29,3.00,3.00,4.00,12.00,3.06,0.35,,0.06,0.06,0.95,0.00,0.06,3.00,0.62,12.00
proposers,4.00,3.27,0.65,3.00,2.00,4.00,11.00,3.24,0.54,,-0.76,0.76,0.57,0.76,0.00,3.00,0.41,11.00
qualitatively,3.00,3.45,0.93,3.00,2.00,5.00,11.00,3.42,0.72,,0.42,0.42,0.70,0.00,0.42,3.00,0.81,11.00
quantifies,3.00,2.80,0.63,3.00,2.00,4.00,10.00,2.76,0.05,,-0.24,0.24,0.80,0.24,0.00,3.00,0.62,10.00
rearranges,3.00,3.15,0.55,3.00,2.00,4.00,13.00,3.09,0.39,,0.09,0.09,0.91,0.00,0.09,3.00,0.51,13.00
recalculates,4.00,3.46,0.78,3.00,2.00,5.00,13.00,3.47,0.77,,-0.53,0.53,0.65,0.53,0.00,3.00,0.88,13.00
receiving,3.00,2.55,0.52,3.00,2.00,3.00,11.00,2.60,-0.11,,-0.40,0.40,0.71,0.40,0.00,3.00,0.57,11.00
reevaluation,5.00,3.40,0.52,3.00,3.00,4.00,10.00,3.40,0.70,,-1.60,1.60,0.39,1.60,0.00,3.00,0.32,10.00
registrations,3.00,3.10,0.88,3.00,1.00,4.00,10.00,3.14,0.44,,0.14,0.14,0.88,0.00,0.14,3.00,0.82,10.00
remembrance,2.00,2.75,0.97,3.00,1.00,4.00,12.00,2.80,0.10,,0.80,0.80,0.55,0.00,0.80,3.00,0.91,12.00
renegotiating,3.00,3.27,0.65,3.00,2.00,4.00,11.00,3.30,0.60,,0.30,0.30,0.77,0.00,0.30,3.00,0.52,11.00
rephrased,3.00,2.69,0.48,3.00,2.00,3.00,13.00,2.67,-0.03,,-0.33,0.33,0.75,0.33,0.00,3.00,0.25,13.00
retarded,3.00,2.80,0.42,3.00,2.00,3.00,10.00,2.76,0.06,,-0.24,0.24,0.81,0.24,0.00,3.00,0.79,10.00
retention,3.00,2.70,0.48,3.00,2.00,3.00,10.00,2.65,-0.05,,-0.35,0.35,0.74,0.35,0.00,3.00,0.42,10.00
rigidities,3.00,2.77,0.83,3.00,1.00,4.00,13.00,2.92,0.22,,-0.08,0.08,0.93,0.08,0.00,3.00,0.88,13.00
sainthood,2.00,2.11,0.33,2.00,2.00,3.00,9.00,2.18,-0.52,,0.18,0.18,0.84,0.00,0.18,2.00,0.04,9.00
semisynthetic,4.00,2.80,0.63,3.00,2.00,4.00,10.00,2.94,0.23,,-1.06,1.06,0.49,1.06,0.00,3.00,0.28,10.00
shabbiness,2.00,2.64,0.67,3.00,2.00,4.00,11.00,2.65,-0.06,,0.65,0.65,0.61,0.00,0.65,3.00,0.50,11.00
shifters,3.00,2.70,0.48,3.00,2.00,3.00,10.00,2.62,-0.08,,-0.38,0.38,0.73,0.38,0.00,3.00,0.32,10.00
simplifying,3.00,2.75,0.45,3.00,2.00,3.00,12.00,2.76,0.05,,-0.24,0.24,0.81,0.24,0.00,3.00,0.28,12.00
simultaneous,2.00,2.10,0.88,2.00,1.00,3.00,10.00,2.19,-0.51,,0.19,0.19,0.84,0.00,0.19,2.00,0.36,10.00
slothful,2.00,2.09,0.30,2.00,2.00,3.00,11.00,2.15,-0.56,,0.15,0.15,0.87,0.00,0.15,2.00,0.04,11.00
speechlessness,3.00,3.08,0.29,3.00,3.00,4.00,12.00,3.09,0.39,,0.09,0.09,0.91,0.00,0.09,3.00,0.59,12.00
sportier,3.00,2.33,0.50,2.00,2.00,3.00,9.00,2.34,-0.36,,-0.66,0.66,0.60,0.66,0.00,2.00,0.52,9.00
sportswoman,3.00,2.27,0.79,2.00,1.00,3.00,11.00,2.46,-0.24,,-0.54,0.54,0.65,0.54,0.00,2.00,0.57,11.00
stabilizing,3.00,2.67,0.50,3.00,2.00,3.00,9.00,2.62,-0.08,,-0.38,0.38,0.73,0.38,0.00,3.00,0.72,9.00
sternness,2.00,2.27,0.47,2.00,2.00,3.00,11.00,2.24,-0.46,,0.24,0.24,0.80,0.00,0.24,2.00,0.12,11.00
strengthened,3.00,3.00,0.47,3.00,2.00,4.00,10.00,2.82,0.12,,-0.18,0.18,0.85,0.18,0.00,3.00,0.19,10.00
subsidizes,3.00,3.22,0.67,3.00,2.00,4.00,9.00,3.21,0.50,,0.21,0.21,0.83,0.00,0.21,3.00,0.49,9.00
suicidally,4.00,2.73,0.65,3.00,2.00,4.00,11.00,2.84,0.14,,-1.16,1.16,0.46,1.16,0.00,3.00,0.30,11.00
sustaining,3.00,2.31,0.63,2.00,1.00,3.00,13.00,2.44,-0.27,,-0.56,0.56,0.64,0.56,0.00,2.00,0.55,13.00
sweepers,3.00,2.83,0.39,3.00,2.00,3.00,12.00,2.80,0.10,,-0.20,0.20,0.83,0.20,0.00,3.00,-0.47,12.00
symphonies,4.00,2.80,0.79,3.00,2.00,4.00,10.00,2.83,0.12,,-1.17,1.17,0.46,1.17,0.00,3.00,0.69,10.00
terrorise,3.00,2.27,0.65,2.00,1.00,3.00,11.00,2.25,-0.45,,-0.75,0.75,0.57,0.75,0.00,2.00,0.72,11.00
trickiest,3.00,2.62,0.65,3.00,1.00,3.00,13.00,2.69,-0.02,,-0.31,0.31,0.76,0.31,0.00,3.00,0.56,13.00
trustfulness,3.00,3.07,0.27,3.00,3.00,4.00,14.00,3.01,0.30,,0.01,0.01,0.99,0.00,0.01,3.00,-0.13,14.00
unclouded,3.00,2.90,0.32,3.00,2.00,3.00,10.00,2.88,0.18,,-0.12,0.12,0.89,0.12,0.00,3.00,0.23,10.00
uncovering,3.00,3.00,0.00,3.00,3.00,3.00,11.00,2.86,0.15,,-0.14,0.14,0.87,0.14,0.00,3.00,,11.00
undergraduates,4.00,3.64,0.67,4.00,3.00,5.00,11.00,3.56,0.85,,-0.44,0.44,0.69,0.44,0.00,4.00,0.07,11.00
underhandedly,4.00,3.82,0.75,4.00,2.00,5.00,11.00,3.76,1.05,,-0.24,0.24,0.80,0.24,0.00,4.00,0.85,11.00
understandably,3.00,3.83,0.58,4.00,3.00,5.00,12.00,3.64,0.94,,0.64,0.64,0.61,0.00,0.64,4.00,0.73,12.00
unevenness,3.00,3.08,0.29,3.00,3.00,4.00,12.00,3.10,0.39,,0.10,0.10,0.91,0.00,0.10,3.00,0.34,12.00
unfamiliar,2.00,3.08,0.95,3.00,2.00,5.00,13.00,2.97,0.27,,0.97,0.97,0.51,0.00,0.97,3.00,0.79,13.00
unimpressive,4.00,3.27,0.47,3.00,3.00,4.00,11.00,3.23,0.52,,-0.77,0.77,0.56,0.77,0.00,3.00,0.83,11.00
unloads,3.00,3.00,0.00,3.00,3.00,3.00,10.00,2.99,0.29,,-0.01,0.01,0.99,0.01,0.00,3.00,,10.00
upgrade,2.00,2.10,0.32,2.00,2.00,3.00,10.00,2.31,-0.39,,0.31,0.31,0.76,0.00,0.31,2.00,0.40,10.00
villagers,3.00,2.73,0.65,3.00,2.00,4.00,11.00,2.77,0.07,,-0.23,0.23,0.81,0.23,0.00,3.00,0.60,11.00
worriedly,3.00,2.90,0.88,3.00,2.00,5.00,10.00,2.86,0.15,,-0.14,0.14,0.87,0.14,0.00,3.00,0.41,10.00
wrongfully,3.00,2.70,0.48,3.00,2.00,3.00,10.00,2.66,-0.04,,-0.34,0.34,0.75,0.34,0.00,3.00,0.56,10.00
arithmeticians,3.00,3.38,0.92,3.00,2.00,5.00,8.00,3.43,0.72,,0.43,0.43,0.70,0.00,0.43,3.00,0.63,8.00
baptismal,3.00,2.42,0.67,2.00,2.00,4.00,12.00,2.52,-0.18,,-0.48,0.48,0.68,0.48,0.00,3.00,0.62,12.00
commencements,3.00,3.25,0.62,3.00,2.00,4.00,12.00,3.33,0.63,,0.33,0.33,0.75,0.00,0.33,3.00,0.85,12.00
concession,3.00,2.63,1.06,3.00,1.00,4.00,8.00,2.60,-0.11,,-0.40,0.40,0.71,0.40,0.00,3.00,0.59,8.00
debasement,3.00,3.00,0.71,3.00,1.00,4.00,13.00,3.03,0.33,,0.03,0.03,0.97,0.00,0.03,3.00,0.40,13.00
deconstitutionalize,4.00,4.33,1.23,4.00,2.00,7.00,12.00,4.24,1.53,,0.24,0.24,0.81,0.00,0.24,4.00,0.58,12.00
decontaminate,3.00,3.45,0.69,4.00,2.00,4.00,11.00,3.25,0.54,,0.25,0.25,0.80,0.00,0.25,3.00,0.32,11.00
desensitizing,4.00,3.75,0.71,4.00,3.00,5.00,8.00,3.66,0.96,,-0.34,0.34,0.75,0.34,0.00,4.00,0.84,8.00
deterioration,2.00,3.56,1.13,4.00,2.00,5.00,9.00,3.46,0.75,,1.46,1.46,0.41,0.00,1.46,3.00,0.80,9.00
determinations,3.00,3.17,0.83,3.00,1.00,4.00,12.00,3.24,0.53,,0.24,0.24,0.81,0.00,0.24,3.00,0.66,12.00
disinclination,4.00,3.75,1.14,3.50,2.00,6.00,12.00,3.71,1.01,,-0.29,0.29,0.78,0.29,0.00,4.00,0.68,12.00
dispensable,3.00,2.50,0.67,2.00,2.00,4.00,12.00,2.53,-0.18,,-0.47,0.47,0.68,0.47,0.00,3.00,-0.06,12.00
environmentalism,4.00,3.77,1.09,3.00,3.00,6.00,13.00,3.79,1.09,,-0.21,0.21,0.83,0.21,0.00,4.00,0.52,13.00
fragmentation,2.00,2.92,1.00,3.00,1.00,4.00,12.00,3.00,0.29,,1.00,1.00,0.50,0.00,1.00,3.00,0.88,12.00
hundredths,3.00,2.91,0.54,3.00,2.00,4.00,11.00,2.96,0.25,,-0.04,0.04,0.96,0.04,0.00,3.00,0.05,11.00
imbalances,3.00,3.20,0.63,3.00,2.00,4.00,10.00,3.26,0.56,,0.26,0.26,0.79,0.00,0.26,3.00,0.41,10.00
incomparable,3.00,2.91,0.70,3.00,2.00,4.00,11.00,3.04,0.34,,0.04,0.04,0.96,0.00,0.04,3.00,0.64,11.00
incriminates,4.00,3.73,0.79,4.00,2.00,5.00,11.00,3.77,1.07,,-0.23,0.23,0.82,0.23,0.00,4.00,0.51,11.00
marketeer,2.00,2.67,0.71,3.00,2.00,4.00,9.00,2.59,-0.12,,0.59,0.59,0.63,0.00,0.59,3.00,0.39,9.00
merriest,2.00,2.36,0.67,2.00,2.00,4.00,11.00,2.50,-0.21,,0.50,0.50,0.67,0.00,0.50,2.00,0.41,11.00
obnoxiousness,3.00,3.36,0.67,3.00,2.00,4.00,11.00,3.40,0.69,,0.40,0.40,0.72,0.00,0.40,3.00,0.32,11.00
oscillation,3.00,2.73,0.79,3.00,2.00,4.00,11.00,2.72,0.02,,-0.28,0.28,0.78,0.28,0.00,3.00,0.60,11.00
overgeneralization,4.00,4.18,1.94,4.00,1.00,8.00,11.00,4.12,1.42,,0.12,0.12,0.89,0.00,0.12,4.00,0.92,11.00
oversensationalized,5.00,4.36,1.50,4.00,1.00,7.00,11.00,4.22,1.51,,-0.78,0.78,0.56,0.78,0.00,4.00,0.65,11.00
pageantry,2.00,2.60,0.97,2.50,1.00,4.00,10.00,2.57,-0.14,,0.57,0.57,0.64,0.00,0.57,3.00,0.75,10.00
prospectuses,4.00,3.33,0.87,4.00,2.00,4.00,9.00,3.34,0.64,,-0.66,0.66,0.60,0.66,0.00,3.00,0.58,9.00
protection,2.00,2.60,0.70,2.50,2.00,4.00,10.00,2.59,-0.12,,0.59,0.59,0.63,0.00,0.59,3.00,0.59,10.00
sentimentality,4.00,3.45,0.82,3.00,2.00,5.00,11.00,3.41,0.70,,-0.59,0.59,0.63,0.59,0.00,3.00,0.59,11.00
superintendent,4.00,3.09,0.70,3.00,2.00,4.00,11.00,3.12,0.42,,-0.88,0.88,0.53,0.88,0.00,3.00,0.31,11.00
underprivileged,3.00,3.42,0.51,3.00,3.00,4.00,12.00,3.40,0.70,,0.40,0.40,0.71,0.00,0.40,3.00,0.29,12.00
passably,3.00,2.64,0.92,2.00,2.00,5.00,11.00,2.58,-0.12,,-0.42,0.42,0.71,0.42,0.00,3.00,0.35,11.00
repulsively,4.00,3.64,0.81,4.00,2.00,5.00,11.00,3.35,0.65,,-0.65,0.65,0.61,0.65,0.00,3.00,0.17,11.00
liberalizing,4.00,3.09,0.54,3.00,2.00,4.00,11.00,3.13,0.42,,-0.87,0.87,0.53,0.87,0.00,3.00,0.80,11.00
mortified,3.00,2.73,0.65,3.00,2.00,4.00,11.00,2.59,-0.11,,-0.41,0.41,0.71,0.41,0.00,3.00,0.83,11.00
retinal,2.00,2.33,0.87,3.00,1.00,3.00,9.00,2.13,-0.58,,0.13,0.13,0.89,0.00,0.13,2.00,0.93,9.00
sprinter,2.00,2.00,0.50,2.00,1.00,3.00,9.00,2.02,-0.69,,0.02,0.02,0.98,0.00,0.02,2.00,0.04,9.00
unenforceably,4.00,4.40,0.97,4.50,3.00,6.00,10.00,4.21,1.50,,0.21,0.21,0.83,0.00,0.21,4.00,0.82,10.00
abundant,2.00,1.91,0.54,2.00,1.00,3.00,11.00,1.96,-0.75,,-0.04,0.04,0.96,0.04,0.00,2.00,0.92,11.00
adornment,2.00,2.18,0.40,2.00,2.00,3.00,11.00,2.29,-0.41,,0.29,0.29,0.77,0.00,0.29,2.00,0.60,11.00
anklet,2.00,2.00,0.00,2.00,2.00,2.00,12.00,2.03,-0.68,,0.03,0.03,0.97,0.00,0.03,2.00,,12.00
articulatory,3.00,3.00,1.00,3.00,2.00,5.00,11.00,2.87,0.17,,-0.13,0.13,0.89,0.13,0.00,3.00,0.39,11.00
astonishment,2.00,2.33,0.49,2.00,2.00,3.00,12.00,2.42,-0.28,,0.42,0.42,0.70,0.00,0.42,2.00,0.23,12.00
aviation,3.00,2.11,0.33,2.00,2.00,3.00,9.00,2.25,-0.45,,-0.75,0.75,0.57,0.75,0.00,2.00,-0.58,9.00
basic,2.00,1.36,0.50,1.00,1.00,2.00,11.00,1.51,-1.19,,-0.49,0.49,0.67,0.49,0.00,2.00,0.66,11.00
blondest,2.00,2.11,0.33,2.00,2.00,3.00,9.00,2.15,-0.56,,0.15,0.15,0.87,0.00,0.15,2.00,0.13,9.00
booker,2.00,2.00,0.00,2.00,2.00,2.00,9.00,2.02,-0.68,,0.02,0.02,0.98,0.00,0.02,2.00,,9.00
briefly,2.00,2.00,0.00,2.00,2.00,2.00,10.00,2.02,-0.68,,0.02,0.02,0.98,0.00,0.02,2.00,,10.00
bumpy,2.00,2.00,0.00,2.00,2.00,2.00,12.00,1.99,-0.71,,-0.01,0.01,0.99,0.01,0.00,2.00,,12.00
candidly,2.00,2.20,0.42,2.00,2.00,3.00,10.00,2.36,-0.34,,0.36,0.36,0.73,0.00,0.36,2.00,0.37,10.00
cashable,2.00,2.17,0.39,2.00,2.00,3.00,12.00,2.10,-0.60,,0.10,0.10,0.91,0.00,0.10,2.00,0.29,12.00
circular,2.00,2.27,0.65,2.00,1.00,3.00,11.00,2.26,-0.44,,0.26,0.26,0.79,0.00,0.26,2.00,0.74,11.00
civilly,2.00,2.09,0.30,2.00,2.00,3.00,11.00,2.20,-0.51,,0.20,0.20,0.83,0.00,0.20,2.00,0.77,11.00
clinically,3.00,2.64,0.50,3.00,2.00,3.00,11.00,2.75,0.04,,-0.25,0.25,0.80,0.25,0.00,3.00,0.52,11.00
coastal,2.00,1.92,0.29,2.00,1.00,2.00,12.00,2.03,-0.68,,0.03,0.03,0.97,0.00,0.03,2.00,0.20,12.00
context,2.00,1.90,0.32,2.00,1.00,2.00,10.00,2.06,-0.65,,0.06,0.06,0.95,0.00,0.06,2.00,-0.08,10.00
cowardly,2.00,2.10,0.32,2.00,2.00,3.00,10.00,2.27,-0.44,,0.27,0.27,0.79,0.00,0.27,2.00,0.65,10.00
crackers,3.00,2.50,0.52,2.50,2.00,3.00,12.00,2.44,-0.26,,-0.56,0.56,0.64,0.56,0.00,2.00,-0.11,12.00
craziest,3.00,2.27,0.47,2.00,2.00,3.00,11.00,2.24,-0.47,,-0.76,0.76,0.57,0.76,0.00,2.00,0.72,11.00
cyclical,3.00,2.23,0.73,2.00,1.00,3.00,13.00,2.27,-0.43,,-0.73,0.73,0.58,0.73,0.00,2.00,0.88,13.00
deliberately,3.00,3.27,1.10,3.00,2.00,5.00,11.00,3.22,0.51,,0.22,0.22,0.82,0.00,0.22,3.00,0.54,11.00
dismisses,3.00,2.75,0.45,3.00,2.00,3.00,12.00,2.83,0.13,,-0.17,0.17,0.86,0.17,0.00,3.00,0.55,12.00
dismount,2.00,2.07,0.26,2.00,2.00,3.00,15.00,2.17,-0.53,,0.17,0.17,0.85,0.00,0.17,2.00,-0.09,15.00
drier,2.00,1.82,0.40,2.00,1.00,2.00,11.00,1.95,-0.75,,-0.05,0.05,0.95,0.05,0.00,2.00,0.08,11.00
eagerness,2.00,2.50,0.52,2.50,2.00,3.00,12.00,2.48,-0.23,,0.48,0.48,0.68,0.00,0.48,2.00,0.37,12.00
eeriness,2.00,2.50,0.53,2.50,2.00,3.00,10.00,2.48,-0.23,,0.48,0.48,0.68,0.00,0.48,2.00,0.60,10.00
elitist,2.00,2.08,0.29,2.00,2.00,3.00,12.00,2.02,-0.69,,0.02,0.02,0.98,0.00,0.02,2.00,-0.43,12.00
emptiest,2.00,2.27,0.47,2.00,2.00,3.00,11.00,2.27,-0.44,,0.27,0.27,0.79,0.00,0.27,2.00,0.73,11.00
energize,2.00,2.00,0.43,2.00,1.00,3.00,12.00,2.30,-0.41,,0.30,0.30,0.77,0.00,0.30,2.00,0.30,12.00
equilibria,3.00,2.43,0.53,2.00,2.00,3.00,7.00,2.37,-0.33,,-0.63,0.63,0.61,0.63,0.00,2.00,0.47,7.00
fabulously,3.00,2.36,0.50,2.00,2.00,3.00,11.00,2.43,-0.27,,-0.57,0.57,0.64,0.57,0.00,2.00,0.68,11.00
farmer,2.00,1.89,0.33,2.00,1.00,2.00,9.00,2.06,-0.65,,0.06,0.06,0.95,0.00,0.06,2.00,-0.06,9.00
femoral,2.00,2.18,0.60,2.00,1.00,3.00,11.00,2.21,-0.50,,0.21,0.21,0.83,0.00,0.21,2.00,0.72,11.00
fisher,2.00,2.00,0.00,2.00,2.00,2.00,7.00,2.10,-0.60,,0.10,0.10,0.91,0.00,0.10,2.00,,7.00
flattery,2.00,2.45,0.52,2.00,2.00,3.00,11.00,2.53,-0.17,,0.53,0.53,0.65,0.00,0.53,3.00,0.23,11.00
floral,3.00,2.00,0.43,2.00,1.00,3.00,12.00,1.93,-0.78,,-1.07,1.07,0.48,1.07,0.00,2.00,0.38,12.00
florists,3.00,2.36,0.67,2.00,1.00,3.00,11.00,2.35,-0.36,,-0.65,0.65,0.61,0.65,0.00,2.00,0.74,11.00
foreknowledge,3.00,2.92,0.49,3.00,2.00,4.00,13.00,2.89,0.19,,-0.11,0.11,0.90,0.11,0.00,3.00,0.42,13.00
freedom,2.00,1.67,0.49,2.00,1.00,2.00,12.00,1.78,-0.92,,-0.22,0.22,0.82,0.22,0.00,2.00,0.36,12.00
gayest,2.00,2.00,0.00,2.00,2.00,2.00,8.00,2.11,-0.59,,0.11,0.11,0.90,0.00,0.11,2.00,,8.00
glossary,2.00,2.17,0.83,2.00,1.00,3.00,12.00,2.10,-0.61,,0.10,0.10,0.91,0.00,0.10,2.00,0.75,12.00
goddess,2.00,1.83,0.39,2.00,1.00,2.00,12.00,1.77,-0.93,,-0.23,0.23,0.81,0.23,0.00,2.00,0.60,12.00
grocery,2.00,1.73,0.90,1.00,1.00,3.00,11.00,1.92,-0.79,,-0.08,0.08,0.93,0.08,0.00,2.00,0.70,11.00
hollowness,2.00,2.20,0.42,2.00,2.00,3.00,10.00,2.28,-0.43,,0.28,0.28,0.78,0.00,0.28,2.00,0.19,10.00
hurdlers,3.00,2.33,0.65,2.00,1.00,3.00,12.00,2.49,-0.22,,-0.51,0.51,0.66,0.51,0.00,2.00,0.67,12.00
icier,3.00,2.55,0.52,3.00,2.00,3.00,11.00,2.37,-0.33,,-0.63,0.63,0.61,0.63,0.00,2.00,-0.33,11.00
imaginable,3.00,2.27,0.47,2.00,2.00,3.00,11.00,2.31,-0.39,,-0.69,0.69,0.59,0.69,0.00,2.00,0.68,11.00
indefinite,4.00,2.58,0.67,2.50,2.00,4.00,12.00,2.76,0.06,,-1.24,1.24,0.45,1.24,0.00,3.00,0.70,12.00
infamous,3.00,2.30,0.48,2.00,2.00,3.00,10.00,2.46,-0.24,,-0.54,0.54,0.65,0.54,0.00,2.00,0.61,10.00
insecure,2.00,2.27,0.47,2.00,2.00,3.00,11.00,2.27,-0.43,,0.27,0.27,0.78,0.00,0.27,2.00,0.70,11.00
kinsman,3.00,2.42,0.51,2.00,2.00,3.00,12.00,2.42,-0.28,,-0.58,0.58,0.63,0.58,0.00,2.00,-0.16,12.00
latest,2.00,2.00,0.00,2.00,2.00,2.00,11.00,2.17,-0.53,,0.17,0.17,0.85,0.00,0.17,2.00,,11.00
leftist,2.00,2.00,0.00,2.00,2.00,2.00,12.00,2.04,-0.66,,0.04,0.04,0.96,0.00,0.04,2.00,,12.00
liner,2.00,1.83,0.39,2.00,1.00,2.00,12.00,1.95,-0.76,,-0.05,0.05,0.95,0.05,0.00,2.00,0.53,12.00
loafers,3.00,2.42,0.67,2.50,1.00,3.00,12.00,2.54,-0.17,,-0.46,0.46,0.68,0.46,0.00,3.00,0.33,12.00
locker,2.00,1.73,0.47,2.00,1.00,2.00,11.00,1.78,-0.92,,-0.22,0.22,0.82,0.22,0.00,2.00,0.48,11.00
loosen,2.00,2.00,0.47,2.00,1.00,3.00,10.00,2.07,-0.63,,0.07,0.07,0.93,0.00,0.07,2.00,0.10,10.00
lower,2.00,1.83,0.39,2.00,1.00,2.00,12.00,1.87,-0.83,,-0.13,0.13,0.89,0.13,0.00,2.00,0.00,12.00
marriageable,3.00,2.36,0.67,2.00,2.00,4.00,11.00,2.46,-0.24,,-0.54,0.54,0.65,0.54,0.00,2.00,0.68,11.00
mechanize,2.00,2.25,0.45,2.00,2.00,3.00,12.00,2.31,-0.40,,0.31,0.31,0.77,0.00,0.31,2.00,0.29,12.00
merger,2.00,1.92,0.29,2.00,1.00,2.00,12.00,1.88,-0.83,,-0.12,0.12,0.89,0.12,0.00,2.00,0.30,12.00
microscope,2.00,2.73,0.65,3.00,2.00,4.00,11.00,2.75,0.04,,0.75,0.75,0.57,0.00,0.75,3.00,0.29,11.00
migration,3.00,2.00,0.60,2.00,1.00,3.00,12.00,2.01,-0.69,,-0.99,0.99,0.50,0.99,0.00,2.00,0.69,12.00
miler,2.00,1.71,0.49,2.00,1.00,2.00,7.00,2.03,-0.67,,0.03,0.03,0.97,0.00,0.03,2.00,0.87,7.00
minder,2.00,1.91,0.30,2.00,1.00,2.00,11.00,2.05,-0.66,,0.05,0.05,0.96,0.00,0.05,2.00,0.59,11.00
miscount,2.00,2.00,0.00,2.00,2.00,2.00,11.00,1.99,-0.71,,-0.01,0.01,0.99,0.01,0.00,2.00,,11.00
mysterious,3.00,2.55,0.69,2.00,2.00,4.00,11.00,2.51,-0.19,,-0.49,0.49,0.67,0.49,0.00,3.00,0.79,11.00
necessary,2.00,1.90,0.74,2.00,1.00,3.00,10.00,1.99,-0.72,,-0.01,0.01,0.99,0.01,0.00,2.00,0.80,10.00
nominated,3.00,2.69,0.85,2.00,2.00,4.00,13.00,2.60,-0.10,,-0.40,0.40,0.72,0.40,0.00,3.00,0.51,13.00
numbly,2.00,2.00,0.00,2.00,2.00,2.00,13.00,2.03,-0.67,,0.03,0.03,0.97,0.00,0.03,2.00,,13.00
occupier,2.00,2.50,0.67,2.00,2.00,4.00,12.00,2.48,-0.23,,0.48,0.48,0.68,0.00,0.48,2.00,0.38,12.00
onset,2.00,1.90,0.32,2.00,1.00,2.00,10.00,2.01,-0.70,,0.01,0.01,0.99,0.00,0.01,2.00,0.16,10.00
overdoing,3.00,2.60,0.52,3.00,2.00,3.00,10.00,2.65,-0.06,,-0.35,0.35,0.74,0.35,0.00,3.00,0.45,10.00
overestimate,3.00,2.82,0.98,3.00,2.00,5.00,11.00,2.80,0.10,,-0.20,0.20,0.84,0.20,0.00,3.00,0.66,11.00
overhaul,2.00,2.10,0.32,2.00,2.00,3.00,10.00,2.10,-0.60,,0.10,0.10,0.91,0.00,0.10,2.00,0.69,10.00
partly,2.00,2.00,0.00,2.00,2.00,2.00,11.00,1.93,-0.78,,-0.07,0.07,0.93,0.07,0.00,2.00,,11.00
pollinated,3.00,2.92,0.79,3.00,2.00,4.00,12.00,2.82,0.11,,-0.18,0.18,0.85,0.18,0.00,3.00,0.72,12.00
properly,2.00,2.11,0.33,2.00,2.00,3.00,9.00,2.30,-0.41,,0.30,0.30,0.77,0.00,0.30,2.00,0.37,9.00
radicalize,3.00,2.25,0.71,2.00,2.00,4.00,8.00,2.33,-0.37,,-0.67,0.67,0.60,0.67,0.00,2.00,0.78,8.00
rarity,2.00,2.00,0.43,2.00,1.00,3.00,12.00,2.07,-0.64,,0.07,0.07,0.94,0.00,0.07,2.00,0.26,12.00
readjust,2.00,2.18,0.40,2.00,2.00,3.00,11.00,2.36,-0.34,,0.36,0.36,0.73,0.00,0.36,2.00,0.37,11.00
redrawn,2.00,2.25,0.45,2.00,2.00,3.00,12.00,2.42,-0.28,,0.42,0.42,0.70,0.00,0.42,2.00,0.41,12.00
rounder,2.00,2.09,0.30,2.00,2.00,3.00,11.00,2.08,-0.63,,0.08,0.08,0.93,0.00,0.08,2.00,-0.24,11.00
savagely,2.00,2.18,0.40,2.00,2.00,3.00,11.00,2.20,-0.50,,0.20,0.20,0.83,0.00,0.20,2.00,0.76,11.00
scarcely,2.00,2.08,0.49,2.00,1.00,3.00,13.00,2.23,-0.48,,0.23,0.23,0.81,0.00,0.23,2.00,0.56,13.00
searcher,2.00,2.15,0.38,2.00,2.00,3.00,13.00,2.12,-0.58,,0.12,0.12,0.89,0.00,0.12,2.00,0.10,13.00
shortened,3.00,2.55,0.52,3.00,2.00,3.00,11.00,2.45,-0.25,,-0.55,0.55,0.65,0.55,0.00,2.00,0.15,11.00
shrewdest,2.00,2.09,0.30,2.00,2.00,3.00,11.00,2.13,-0.57,,0.13,0.13,0.88,0.00,0.13,2.00,0.42,11.00
sinful,2.00,2.00,0.00,2.00,2.00,2.00,10.00,2.20,-0.50,,0.20,0.20,0.83,0.00,0.20,2.00,,10.00
skater,2.00,1.91,0.30,2.00,1.00,2.00,11.00,1.98,-0.73,,-0.02,0.02,0.98,0.02,0.00,2.00,0.64,11.00
sneaky,2.00,1.88,0.35,2.00,1.00,2.00,8.00,1.94,-0.77,,-0.06,0.06,0.94,0.06,0.00,2.00,0.64,8.00
spacer,2.00,2.00,0.00,2.00,2.00,2.00,11.00,1.96,-0.75,,-0.04,0.04,0.96,0.04,0.00,2.00,,11.00
speciality,2.00,2.45,0.82,2.00,1.00,4.00,11.00,2.56,-0.15,,0.56,0.56,0.64,0.00,0.56,3.00,0.62,11.00
surer,2.00,2.08,0.29,2.00,2.00,3.00,12.00,2.04,-0.66,,0.04,0.04,0.96,0.00,0.04,2.00,0.48,12.00
topless,2.00,2.00,0.00,2.00,2.00,2.00,12.00,2.04,-0.67,,0.04,0.04,0.96,0.00,0.04,2.00,,12.00
tourists,3.00,2.44,0.73,3.00,1.00,3.00,9.00,2.42,-0.28,,-0.58,0.58,0.63,0.58,0.00,2.00,0.82,9.00
underexpose,3.00,2.33,0.71,2.00,2.00,4.00,9.00,2.47,-0.24,,-0.53,0.53,0.65,0.53,0.00,2.00,0.58,9.00
unquiet,2.00,2.08,0.29,2.00,2.00,3.00,12.00,2.12,-0.59,,0.12,0.12,0.89,0.00,0.12,2.00,0.75,12.00
unusual,2.00,2.45,0.69,2.00,2.00,4.00,11.00,2.43,-0.28,,0.43,0.43,0.70,0.00,0.43,2.00,0.68,11.00
unzip,2.00,2.00,0.00,2.00,2.00,2.00,11.00,2.03,-0.68,,0.03,0.03,0.97,0.00,0.03,2.00,,11.00
updated,3.00,2.77,0.44,3.00,2.00,3.00,13.00,2.74,0.03,,-0.26,0.26,0.79,0.26,0.00,3.00,0.51,13.00
vaulter,2.00,2.00,0.00,2.00,2.00,2.00,10.00,1.98,-0.73,,-0.02,0.02,0.98,0.02,0.00,2.00,,10.00
warrantee,2.00,2.40,0.52,2.00,2.00,3.00,10.00,2.35,-0.36,,0.35,0.35,0.74,0.00,0.35,2.00,0.59,10.00
wrongful,2.00,2.00,0.00,2.00,2.00,2.00,11.00,2.14,-0.57,,0.14,0.14,0.88,0.00,0.14,2.00,,11.00
yardage,2.00,2.00,0.00,2.00,2.00,2.00,13.00,2.05,-0.65,,0.05,0.05,0.95,0.00,0.05,2.00,,13.00
aggregation,3.00,2.67,0.89,3.00,1.00,4.00,12.00,2.63,-0.08,,-0.37,0.37,0.73,0.37,0.00,3.00,0.74,12.00
agreements,3.00,2.89,0.78,3.00,2.00,4.00,9.00,2.84,0.13,,-0.16,0.16,0.86,0.16,0.00,3.00,0.85,9.00
alcoholic,2.00,2.40,0.52,2.00,2.00,3.00,10.00,2.48,-0.23,,0.48,0.48,0.68,0.00,0.48,2.00,0.68,10.00
analyzable,3.00,2.30,0.48,2.00,2.00,3.00,10.00,2.38,-0.33,,-0.62,0.62,0.62,0.62,0.00,2.00,0.69,10.00
apologising,3.00,3.09,0.83,3.00,2.00,4.00,11.00,2.92,0.22,,-0.08,0.08,0.93,0.08,0.00,3.00,0.72,11.00
attackers,3.00,2.40,0.52,2.00,2.00,3.00,10.00,2.56,-0.15,,-0.44,0.44,0.69,0.44,0.00,3.00,0.25,10.00
attribute,2.00,1.83,0.83,2.00,1.00,3.00,12.00,2.00,-0.70,,0.00,0.00,1.00,0.00,0.00,2.00,0.39,12.00
bastardized,3.00,2.92,0.79,3.00,1.00,4.00,12.00,3.09,0.39,,0.09,0.09,0.92,0.00,0.09,3.00,0.91,12.00
beautiful,2.00,2.08,0.79,2.00,1.00,3.00,12.00,2.30,-0.41,,0.30,0.30,0.77,0.00,0.30,2.00,0.69,12.00
bisexuals,4.00,3.50,0.90,3.00,2.00,5.00,12.00,3.34,0.63,,-0.66,0.66,0.60,0.66,0.00,3.00,0.76,12.00
blamelessly,3.00,2.91,0.30,3.00,2.00,3.00,11.00,2.76,0.06,,-0.24,0.24,0.81,0.24,0.00,3.00,0.55,11.00
bleachers,3.00,2.82,0.40,3.00,2.00,3.00,11.00,2.67,-0.04,,-0.33,0.33,0.75,0.33,0.00,3.00,0.63,11.00
castration,2.00,2.23,0.60,2.00,1.00,3.00,13.00,2.30,-0.41,,0.30,0.30,0.77,0.00,0.30,2.00,0.74,13.00
companionable,3.00,3.00,1.15,3.00,1.00,5.00,10.00,2.96,0.25,,-0.04,0.04,0.96,0.04,0.00,3.00,0.88,10.00
conducive,3.00,2.46,0.52,2.00,2.00,3.00,13.00,2.59,-0.12,,-0.41,0.41,0.71,0.41,0.00,3.00,0.66,13.00
confining,3.00,2.70,0.48,3.00,2.00,3.00,10.00,2.58,-0.13,,-0.42,0.42,0.70,0.42,0.00,3.00,0.52,10.00
consultancy,2.00,2.45,0.82,2.00,1.00,4.00,11.00,2.66,-0.05,,0.66,0.66,0.60,0.00,0.66,3.00,0.88,11.00
consumers,4.00,3.27,0.65,3.00,2.00,4.00,11.00,3.06,0.36,,-0.94,0.94,0.52,0.94,0.00,3.00,0.74,11.00
convulsively,3.00,3.25,0.62,3.00,2.00,4.00,12.00,3.16,0.45,,0.16,0.16,0.86,0.00,0.16,3.00,0.12,12.00
copulation,2.00,2.58,0.79,3.00,1.00,4.00,12.00,2.54,-0.17,,0.54,0.54,0.65,0.00,0.54,3.00,0.75,12.00
countersigns,3.00,3.33,0.49,3.00,3.00,4.00,12.00,3.20,0.49,,0.20,0.20,0.83,0.00,0.20,3.00,0.54,12.00
creaminess,3.00,2.50,0.67,3.00,1.00,3.00,12.00,2.69,-0.01,,-0.31,0.31,0.77,0.31,0.00,3.00,0.79,12.00
cricketer,2.00,2.46,0.78,2.00,1.00,4.00,13.00,2.47,-0.24,,0.47,0.47,0.68,0.00,0.47,2.00,0.68,13.00
decapitation,4.00,3.23,0.83,3.00,2.00,5.00,13.00,3.30,0.59,,-0.70,0.70,0.59,0.70,0.00,3.00,0.78,13.00
diagnosed,3.00,2.46,0.66,3.00,1.00,3.00,13.00,2.40,-0.31,,-0.60,0.60,0.62,0.60,0.00,2.00,0.73,13.00
dimmest,2.00,2.17,0.39,2.00,2.00,3.00,12.00,2.20,-0.51,,0.20,0.20,0.83,0.00,0.20,2.00,0.31,12.00
disappoints,3.00,3.09,0.54,3.00,2.00,4.00,11.00,3.08,0.37,,0.08,0.08,0.93,0.00,0.08,3.00,0.85,11.00
disassociated,5.00,3.27,0.47,3.00,3.00,4.00,11.00,3.24,0.53,,-1.76,1.76,0.36,1.76,0.00,3.00,-0.15,11.00
disbandment,3.00,3.00,0.43,3.00,2.00,4.00,12.00,2.90,0.20,,-0.10,0.10,0.91,0.10,0.00,3.00,0.75,12.00
discernment,3.00,2.82,0.60,3.00,2.00,4.00,11.00,2.78,0.08,,-0.22,0.22,0.82,0.22,0.00,3.00,0.29,11.00
discordant,3.00,2.90,0.32,3.00,2.00,3.00,10.00,2.88,0.17,,-0.12,0.12,0.89,0.12,0.00,3.00,0.77,10.00
discredited,3.00,3.08,0.29,3.00,3.00,4.00,12.00,3.03,0.32,,0.03,0.03,0.98,0.00,0.03,3.00,0.30,12.00
disjointed,4.00,3.00,0.00,3.00,3.00,3.00,11.00,2.98,0.28,,-1.02,1.02,0.50,1.02,0.00,3.00,,11.00
dismissed,3.00,2.70,0.48,3.00,2.00,3.00,10.00,2.82,0.11,,-0.18,0.18,0.85,0.18,0.00,3.00,0.67,10.00
disorganized,4.00,3.17,0.39,3.00,3.00,4.00,12.00,3.18,0.48,,-0.82,0.82,0.55,0.82,0.00,3.00,0.16,12.00
dramatized,3.00,2.91,0.70,3.00,2.00,4.00,11.00,2.89,0.19,,-0.11,0.11,0.90,0.11,0.00,3.00,0.85,11.00
earthling,2.00,2.17,0.39,2.00,2.00,3.00,12.00,1.94,-0.76,,-0.06,0.06,0.94,0.06,0.00,2.00,-0.22,12.00
embarking,3.00,2.75,0.45,3.00,2.00,3.00,12.00,2.90,0.19,,-0.10,0.10,0.91,0.10,0.00,3.00,0.19,12.00
embezzlement,2.00,2.91,0.94,3.00,1.00,4.00,11.00,2.88,0.17,,0.88,0.88,0.53,0.00,0.88,3.00,0.01,11.00
enclosing,3.00,2.80,0.42,3.00,2.00,3.00,10.00,2.89,0.18,,-0.11,0.11,0.90,0.11,0.00,3.00,0.15,10.00
endangered,3.00,2.83,0.58,3.00,1.00,3.00,12.00,2.92,0.21,,-0.08,0.08,0.92,0.08,0.00,3.00,0.88,12.00
engraves,3.00,2.64,0.50,3.00,2.00,3.00,11.00,2.48,-0.22,,-0.52,0.52,0.66,0.52,0.00,2.00,0.12,11.00
entertainer,3.00,3.09,0.54,3.00,2.00,4.00,11.00,2.89,0.19,,-0.11,0.11,0.90,0.11,0.00,3.00,0.81,11.00
executives,4.00,3.27,1.10,3.00,1.00,5.00,11.00,3.07,0.36,,-0.93,0.93,0.52,0.93,0.00,3.00,0.91,11.00
extinguisher,2.00,2.69,0.75,3.00,2.00,4.00,13.00,2.72,0.02,,0.72,0.72,0.58,0.00,0.72,3.00,0.60,13.00
faithlessness,3.00,3.09,0.30,3.00,3.00,4.00,11.00,3.00,0.29,,0.00,0.00,1.00,0.00,0.00,3.00,0.61,11.00
fitfully,3.00,3.00,0.00,3.00,3.00,3.00,9.00,2.93,0.23,,-0.07,0.07,0.94,0.07,0.00,3.00,,9.00
fixative,3.00,2.90,0.32,3.00,2.00,3.00,10.00,2.86,0.16,,-0.14,0.14,0.88,0.14,0.00,3.00,0.47,10.00
follicular,2.00,2.64,0.81,2.00,2.00,4.00,11.00,2.58,-0.12,,0.58,0.58,0.63,0.00,0.58,3.00,0.63,11.00
genitally,3.00,2.40,0.52,2.00,2.00,3.00,10.00,2.50,-0.20,,-0.50,0.50,0.67,0.50,0.00,3.00,0.47,10.00
glancingly,3.00,2.91,0.30,3.00,2.00,3.00,11.00,2.78,0.08,,-0.22,0.22,0.82,0.22,0.00,3.00,0.25,11.00
heroically,3.00,2.83,0.72,3.00,2.00,4.00,12.00,2.86,0.16,,-0.14,0.14,0.88,0.14,0.00,3.00,0.84,12.00
immensity,2.00,2.50,0.53,2.50,2.00,3.00,10.00,2.55,-0.15,,0.55,0.55,0.64,0.00,0.55,3.00,0.71,10.00
inadequately,4.00,3.25,0.45,3.00,3.00,4.00,12.00,3.31,0.61,,-0.69,0.69,0.59,0.69,0.00,3.00,0.45,12.00
inadmissibly,5.00,3.75,0.75,4.00,3.00,5.00,12.00,3.66,0.95,,-1.34,1.34,0.43,1.34,0.00,4.00,0.50,12.00
inapplicable,4.00,3.55,0.93,3.00,2.00,5.00,11.00,3.41,0.71,,-0.59,0.59,0.63,0.59,0.00,3.00,0.70,11.00
ingestion,3.00,2.36,0.67,2.00,1.00,3.00,11.00,2.49,-0.21,,-0.51,0.51,0.66,0.51,0.00,2.00,0.83,11.00
inherits,3.00,2.75,0.45,3.00,2.00,3.00,12.00,2.60,-0.10,,-0.40,0.40,0.72,0.40,0.00,3.00,0.45,12.00
interbreed,2.00,2.45,0.82,2.00,1.00,4.00,11.00,2.57,-0.13,,0.57,0.57,0.64,0.00,0.57,3.00,0.85,11.00
inwards,2.00,2.58,0.51,3.00,2.00,3.00,12.00,2.70,0.00,,0.70,0.70,0.59,0.00,0.70,3.00,0.41,12.00
jarringly,3.00,2.75,0.62,3.00,2.00,4.00,12.00,2.73,0.03,,-0.27,0.27,0.79,0.27,0.00,3.00,0.75,12.00
launderettes,3.00,3.50,0.76,3.00,3.00,5.00,8.00,3.31,0.60,,0.31,0.31,0.77,0.00,0.31,3.00,0.61,8.00
lifelessly,3.00,2.92,0.29,3.00,2.00,3.00,12.00,2.87,0.16,,-0.13,0.13,0.88,0.13,0.00,3.00,0.38,12.00
lifers,3.00,2.00,0.74,2.00,1.00,3.00,12.00,2.18,-0.53,,-0.82,0.82,0.55,0.82,0.00,2.00,0.48,12.00
loftiness,3.00,2.64,0.67,3.00,1.00,3.00,11.00,2.63,-0.08,,-0.37,0.37,0.73,0.37,0.00,3.00,0.81,11.00
lonelier,3.00,2.55,0.52,3.00,2.00,3.00,11.00,2.60,-0.10,,-0.40,0.40,0.72,0.40,0.00,3.00,0.34,11.00
majestically,3.00,2.91,0.70,3.00,2.00,4.00,11.00,3.07,0.36,,0.07,0.07,0.94,0.00,0.07,3.00,0.43,11.00
marketers,3.00,3.09,0.54,3.00,2.00,4.00,11.00,2.94,0.24,,-0.06,0.06,0.95,0.06,0.00,3.00,0.56,11.00
meditative,2.00,2.36,0.50,2.00,2.00,3.00,11.00,2.51,-0.19,,0.51,0.51,0.66,0.00,0.51,3.00,0.73,11.00
meritorious,2.00,3.27,0.79,3.00,2.00,5.00,11.00,3.08,0.38,,1.08,1.08,0.48,0.00,1.08,3.00,0.78,11.00
midpoints,3.00,2.92,0.29,3.00,2.00,3.00,12.00,2.97,0.26,,-0.03,0.03,0.97,0.03,0.00,3.00,0.34,12.00
misdoings,4.00,3.17,0.83,3.00,2.00,5.00,12.00,3.26,0.55,,-0.74,0.74,0.57,0.74,0.00,3.00,0.18,12.00
monographs,3.00,2.79,0.43,3.00,2.00,3.00,14.00,2.67,-0.04,,-0.33,0.33,0.75,0.33,0.00,3.00,0.45,14.00
monstrously,3.00,2.60,0.70,2.50,2.00,4.00,10.00,2.74,0.04,,-0.26,0.26,0.80,0.26,0.00,3.00,0.65,10.00
musculature,2.00,2.50,0.52,2.50,2.00,3.00,12.00,2.58,-0.13,,0.58,0.58,0.63,0.00,0.58,3.00,0.39,12.00
mysteriousness,4.00,3.00,0.95,3.00,2.00,5.00,12.00,3.06,0.35,,-0.94,0.94,0.51,0.94,0.00,3.00,0.78,12.00
neediness,3.00,3.00,0.00,3.00,3.00,3.00,12.00,2.93,0.22,,-0.07,0.07,0.93,0.07,0.00,3.00,,12.00
nightmarish,3.00,2.55,0.52,3.00,2.00,3.00,11.00,2.69,-0.02,,-0.31,0.31,0.76,0.31,0.00,3.00,0.67,11.00
nonagricultural,4.00,3.50,0.85,3.50,2.00,5.00,10.00,3.50,0.79,,-0.50,0.50,0.66,0.50,0.00,3.00,0.79,10.00
noncommissioned,5.00,3.69,0.75,4.00,3.00,5.00,13.00,3.53,0.82,,-1.47,1.47,0.40,1.47,0.00,4.00,0.82,13.00
outlandish,3.00,2.92,0.51,3.00,2.00,4.00,12.00,2.96,0.26,,-0.04,0.04,0.96,0.04,0.00,3.00,0.66,12.00
outranking,3.00,3.00,0.45,3.00,2.00,4.00,11.00,3.01,0.31,,0.01,0.01,0.99,0.00,0.01,3.00,0.41,11.00
overacted,3.00,2.85,0.55,3.00,2.00,4.00,13.00,2.87,0.16,,-0.13,0.13,0.88,0.13,0.00,3.00,0.57,13.00
overawed,3.00,2.80,0.42,3.00,2.00,3.00,10.00,2.93,0.22,,-0.07,0.07,0.93,0.07,0.00,3.00,0.21,10.00
overburdens,3.00,2.83,0.83,3.00,1.00,4.00,12.00,2.75,0.04,,-0.25,0.25,0.80,0.25,0.00,3.00,0.85,12.00
overgeneralize,3.00,2.91,0.54,3.00,2.00,4.00,11.00,2.94,0.24,,-0.06,0.06,0.95,0.06,0.00,3.00,0.65,11.00
overgenerous,2.00,2.82,0.40,3.00,2.00,3.00,11.00,2.81,0.10,,0.81,0.81,0.55,0.00,0.81,3.00,0.67,11.00
overlooks,3.00,3.00,0.43,3.00,2.00,4.00,12.00,2.94,0.24,,-0.06,0.06,0.94,0.06,0.00,3.00,0.59,12.00
overstocking,3.00,2.85,0.69,3.00,1.00,4.00,13.00,2.91,0.21,,-0.09,0.09,0.92,0.09,0.00,3.00,0.89,13.00
peddlers,3.00,2.75,0.45,3.00,2.00,3.00,12.00,2.72,0.02,,-0.28,0.28,0.78,0.28,0.00,3.00,0.71,12.00
penetrative,3.00,2.69,1.03,3.00,1.00,5.00,13.00,2.72,0.01,,-0.28,0.28,0.78,0.28,0.00,3.00,0.90,13.00
perennially,4.00,2.91,0.54,3.00,2.00,4.00,11.00,2.88,0.18,,-1.12,1.12,0.47,1.12,0.00,3.00,-0.12,11.00
periscope,2.00,1.80,0.63,2.00,1.00,3.00,10.00,2.08,-0.62,,0.08,0.08,0.92,0.00,0.08,2.00,0.40,10.00
pharmaceutical,3.00,3.17,0.94,3.00,2.00,5.00,12.00,3.02,0.31,,0.02,0.02,0.98,0.00,0.02,3.00,0.74,12.00
pointlessly,3.00,3.00,0.00,3.00,3.00,3.00,10.00,2.91,0.20,,-0.09,0.09,0.92,0.09,0.00,3.00,,10.00
popularised,4.00,3.00,0.43,3.00,2.00,4.00,12.00,3.08,0.38,,-0.92,0.92,0.52,0.92,0.00,3.00,0.71,12.00
portrayal,2.00,2.33,0.78,2.00,1.00,4.00,12.00,2.47,-0.24,,0.47,0.47,0.68,0.00,0.47,2.00,0.49,12.00
possibility,2.00,2.90,1.20,2.50,2.00,5.00,10.00,2.90,0.19,,0.90,0.90,0.53,0.00,0.90,3.00,0.43,10.00
powerlessly,3.00,3.18,0.40,3.00,3.00,4.00,11.00,3.15,0.45,,0.15,0.15,0.87,0.00,0.15,3.00,0.77,11.00
prearranging,3.00,3.30,0.48,3.00,3.00,4.00,10.00,3.25,0.55,,0.25,0.25,0.80,0.00,0.25,3.00,0.79,10.00
preconditioned,3.00,3.27,0.65,3.00,3.00,5.00,11.00,3.28,0.58,,0.28,0.28,0.78,0.00,0.28,3.00,0.79,11.00
predictably,3.00,3.30,0.67,3.00,2.00,4.00,10.00,3.40,0.70,,0.40,0.40,0.71,0.00,0.40,3.00,0.56,10.00
preventive,2.00,2.62,0.51,3.00,2.00,3.00,13.00,2.56,-0.14,,0.56,0.56,0.64,0.00,0.56,3.00,0.44,13.00
produced,3.00,2.55,0.52,3.00,2.00,3.00,11.00,2.44,-0.27,,-0.56,0.56,0.64,0.56,0.00,2.00,0.58,11.00
productionize,4.00,3.45,0.82,3.00,2.00,5.00,11.00,3.26,0.55,,-0.74,0.74,0.57,0.74,0.00,3.00,0.84,11.00
projectors,4.00,3.20,0.63,3.00,2.00,4.00,10.00,3.11,0.40,,-0.89,0.89,0.53,0.89,0.00,3.00,0.13,10.00
reauthorized,4.00,3.23,0.83,3.00,2.00,5.00,13.00,3.25,0.55,,-0.75,0.75,0.57,0.75,0.00,3.00,0.90,13.00
recalculation,4.00,3.80,0.92,3.50,3.00,5.00,10.00,3.61,0.91,,-0.39,0.39,0.72,0.39,0.00,4.00,0.71,10.00
recapitalised,4.00,3.58,0.79,4.00,2.00,5.00,12.00,3.47,0.77,,-0.53,0.53,0.65,0.53,0.00,3.00,0.50,12.00
recitations,4.00,3.46,0.66,3.00,3.00,5.00,13.00,3.44,0.73,,-0.56,0.56,0.64,0.56,0.00,3.00,0.76,13.00
recommendation,2.00,3.64,1.03,4.00,2.00,5.00,11.00,3.50,0.79,,1.50,1.50,0.40,0.00,1.50,3.00,0.61,11.00
reconciling,3.00,3.25,0.62,3.00,2.00,4.00,12.00,3.28,0.58,,0.28,0.28,0.78,0.00,0.28,3.00,0.35,12.00
reconsidering,3.00,3.58,0.79,3.00,3.00,5.00,12.00,3.53,0.82,,0.53,0.53,0.65,0.00,0.53,4.00,0.83,12.00
reengineer,2.00,2.58,0.51,3.00,2.00,3.00,12.00,2.69,-0.02,,0.69,0.69,0.59,0.00,0.69,3.00,0.50,12.00
regroups,3.00,2.82,0.40,3.00,2.00,3.00,11.00,2.85,0.14,,-0.15,0.15,0.87,0.15,0.00,3.00,0.63,11.00
rekindles,3.00,3.00,0.45,3.00,2.00,4.00,11.00,3.03,0.33,,0.03,0.03,0.97,0.00,0.03,3.00,-0.05,11.00
remarrying,3.00,3.00,0.00,3.00,3.00,3.00,10.00,2.96,0.26,,-0.04,0.04,0.96,0.04,0.00,3.00,,10.00
repossessed,3.00,3.18,0.40,3.00,3.00,4.00,11.00,3.21,0.50,,0.21,0.21,0.83,0.00,0.21,3.00,0.47,11.00
reproducible,4.00,3.30,0.48,3.00,3.00,4.00,10.00,3.28,0.58,,-0.72,0.72,0.58,0.72,0.00,3.00,0.49,10.00
responsibly,2.00,3.08,0.79,3.00,2.00,4.00,12.00,2.98,0.27,,0.98,0.98,0.51,0.00,0.98,3.00,0.87,12.00
safeties,3.00,2.09,0.70,2.00,1.00,3.00,11.00,2.34,-0.37,,-0.66,0.66,0.60,0.66,0.00,2.00,0.73,11.00
scandalized,3.00,3.17,0.39,3.00,3.00,4.00,12.00,3.08,0.38,,0.08,0.08,0.92,0.00,0.08,3.00,0.46,12.00
scrappiness,3.00,2.73,0.47,3.00,2.00,3.00,11.00,2.69,-0.02,,-0.31,0.31,0.76,0.31,0.00,3.00,0.81,11.00
sensible,2.00,2.25,0.45,2.00,2.00,3.00,12.00,2.33,-0.38,,0.33,0.33,0.75,0.00,0.33,2.00,0.54,12.00
shipments,3.00,2.36,0.92,3.00,1.00,3.00,11.00,2.57,-0.14,,-0.43,0.43,0.70,0.43,0.00,3.00,0.82,11.00
socialisation,4.00,3.17,0.58,3.00,2.00,4.00,12.00,3.19,0.48,,-0.81,0.81,0.55,0.81,0.00,3.00,0.70,12.00
steepened,3.00,2.75,0.45,3.00,2.00,3.00,12.00,2.75,0.04,,-0.25,0.25,0.80,0.25,0.00,3.00,0.38,12.00
subeditor,3.00,3.00,0.45,3.00,2.00,4.00,11.00,3.02,0.31,,0.02,0.02,0.98,0.00,0.02,3.00,0.79,11.00
subsidies,3.00,2.55,0.69,2.00,2.00,4.00,11.00,2.64,-0.06,,-0.36,0.36,0.74,0.36,0.00,3.00,0.65,11.00
subsidized,3.00,3.09,0.54,3.00,2.00,4.00,11.00,3.07,0.37,,0.07,0.07,0.93,0.00,0.07,3.00,0.69,11.00
suburbanised,4.00,3.58,0.79,4.00,2.00,5.00,12.00,3.66,0.96,,-0.34,0.34,0.75,0.34,0.00,4.00,0.80,12.00
superiority,2.00,2.75,0.62,3.00,2.00,4.00,12.00,2.76,0.06,,0.76,0.76,0.57,0.00,0.76,3.00,0.84,12.00
supervisors,4.00,2.83,0.83,3.00,1.00,4.00,12.00,2.94,0.23,,-1.06,1.06,0.48,1.06,0.00,3.00,0.93,12.00
teasingly,3.00,2.85,0.55,3.00,2.00,4.00,13.00,2.92,0.22,,-0.08,0.08,0.93,0.08,0.00,3.00,0.47,13.00
temperatures,4.00,3.36,1.12,3.00,1.00,5.00,11.00,3.36,0.65,,-0.64,0.64,0.61,0.64,0.00,3.00,0.77,11.00
theatrical,3.00,3.00,0.50,3.00,2.00,4.00,9.00,2.74,0.04,,-0.26,0.26,0.80,0.26,0.00,3.00,0.56,9.00
transformable,3.00,3.00,0.43,3.00,2.00,4.00,12.00,2.92,0.22,,-0.08,0.08,0.93,0.08,0.00,3.00,0.64,12.00
transmuted,3.00,3.00,0.53,3.00,2.00,4.00,8.00,3.01,0.30,,0.01,0.01,0.99,0.00,0.01,3.00,0.85,8.00
transports,3.00,2.83,0.58,3.00,2.00,4.00,12.00,2.78,0.07,,-0.22,0.22,0.82,0.22,0.00,3.00,0.21,12.00
unaided,3.00,2.75,0.62,3.00,1.00,3.00,12.00,2.78,0.07,,-0.22,0.22,0.82,0.22,0.00,3.00,0.74,12.00
unbecoming,3.00,2.92,0.51,3.00,2.00,4.00,12.00,3.00,0.30,,0.00,0.00,1.00,0.00,0.00,3.00,0.09,12.00
unbinding,3.00,3.09,0.54,3.00,2.00,4.00,11.00,3.15,0.44,,0.15,0.15,0.87,0.00,0.15,3.00,0.30,11.00
uncolored,3.00,3.00,0.00,3.00,3.00,3.00,9.00,2.96,0.25,,-0.04,0.04,0.96,0.04,0.00,3.00,,9.00
uncommonly,3.00,3.09,0.30,3.00,3.00,4.00,11.00,2.98,0.27,,-0.02,0.02,0.98,0.02,0.00,3.00,0.66,11.00
uncooperative,5.00,3.27,0.79,3.00,2.00,5.00,11.00,3.23,0.52,,-1.77,1.77,0.36,1.77,0.00,3.00,0.64,11.00
undereducated,4.00,3.54,0.88,3.00,3.00,6.00,13.00,3.42,0.71,,-0.58,0.58,0.63,0.58,0.00,3.00,0.76,13.00
underscores,3.00,3.00,0.67,3.00,2.00,4.00,10.00,3.09,0.39,,0.09,0.09,0.92,0.00,0.09,3.00,0.83,10.00
underwrite,2.00,2.50,0.76,2.00,2.00,4.00,8.00,2.63,-0.08,,0.63,0.63,0.61,0.00,0.63,3.00,0.29,8.00
unearthed,3.00,3.00,0.00,3.00,3.00,3.00,10.00,2.87,0.16,,-0.13,0.13,0.88,0.13,0.00,3.00,,10.00
uninspired,4.00,3.17,0.72,3.00,2.00,4.00,12.00,3.07,0.36,,-0.93,0.93,0.52,0.93,0.00,3.00,0.81,12.00
uniter,3.00,2.22,0.67,2.00,1.00,3.00,9.00,2.28,-0.42,,-0.72,0.72,0.58,0.72,0.00,2.00,0.60,9.00
unmistakable,4.00,3.18,0.75,3.00,2.00,5.00,11.00,3.09,0.38,,-0.91,0.91,0.52,0.91,0.00,3.00,0.77,11.00
unpleasantness,4.00,3.42,0.51,3.00,3.00,4.00,12.00,3.37,0.66,,-0.63,0.63,0.61,0.63,0.00,3.00,0.42,12.00
uselessly,3.00,2.80,0.42,3.00,2.00,3.00,10.00,2.81,0.10,,-0.19,0.19,0.84,0.19,0.00,3.00,0.62,10.00
vocalized,4.00,2.77,0.44,3.00,2.00,3.00,13.00,2.76,0.06,,-1.24,1.24,0.45,1.24,0.00,3.00,0.53,13.00
antagonistically,4.00,3.82,0.75,4.00,3.00,5.00,11.00,3.85,1.15,,-0.15,0.15,0.87,0.15,0.00,4.00,0.35,11.00
antagonized,3.00,3.60,0.84,4.00,2.00,5.00,10.00,3.46,0.76,,0.46,0.46,0.68,0.00,0.46,3.00,0.85,10.00
authorization,3.00,2.90,0.74,3.00,2.00,4.00,10.00,2.91,0.20,,-0.09,0.09,0.92,0.09,0.00,3.00,0.35,10.00
catastrophizing,3.00,3.82,0.87,4.00,3.00,5.00,11.00,3.65,0.94,,0.65,0.65,0.61,0.00,0.65,4.00,0.70,11.00
communicates,4.00,3.18,0.75,3.00,2.00,4.00,11.00,3.06,0.36,,-0.94,0.94,0.52,0.94,0.00,3.00,0.58,11.00
conductors,4.00,3.17,0.72,3.00,2.00,4.00,12.00,3.14,0.43,,-0.86,0.86,0.54,0.86,0.00,3.00,0.57,12.00
conveyances,4.00,3.00,0.67,3.00,2.00,4.00,10.00,3.09,0.38,,-0.91,0.91,0.52,0.91,0.00,3.00,0.67,10.00
deodorizers,5.00,3.70,0.82,4.00,2.00,5.00,10.00,3.73,1.03,,-1.27,1.27,0.44,1.27,0.00,4.00,0.87,10.00
depressurized,4.00,3.70,0.48,4.00,3.00,4.00,10.00,3.63,0.92,,-0.37,0.37,0.73,0.37,0.00,4.00,0.74,10.00
dictators,4.00,2.50,0.90,2.00,1.00,4.00,12.00,2.67,-0.03,,-1.33,1.33,0.43,1.33,0.00,3.00,0.65,12.00
dramatizations,4.00,4.00,0.85,4.00,3.00,6.00,12.00,3.87,1.16,,-0.13,0.13,0.88,0.13,0.00,4.00,0.81,12.00
egotistically,4.00,3.80,0.92,4.00,3.00,6.00,10.00,3.71,1.00,,-0.29,0.29,0.77,0.29,0.00,4.00,0.74,10.00
entitlements,4.00,3.36,0.50,3.00,3.00,4.00,11.00,3.46,0.76,,-0.54,0.54,0.65,0.54,0.00,3.00,0.53,11.00
forbiddingly,3.00,3.83,0.39,4.00,3.00,4.00,12.00,3.69,0.99,,0.69,0.69,0.59,0.00,0.69,4.00,0.18,12.00
inclusionary,4.00,3.50,1.00,3.50,2.00,5.00,12.00,3.51,0.81,,-0.49,0.49,0.67,0.49,0.00,4.00,0.69,12.00
instantaneously,4.00,3.55,0.93,3.00,3.00,6.00,11.00,3.48,0.78,,-0.52,0.52,0.66,0.52,0.00,3.00,0.70,11.00
intercollegiate,3.00,3.85,0.55,4.00,3.00,5.00,13.00,3.65,0.95,,0.65,0.65,0.61,0.00,0.65,4.00,0.56,13.00
interjection,3.00,3.10,0.99,3.00,2.00,5.00,10.00,3.03,0.32,,0.03,0.03,0.97,0.00,0.03,3.00,0.66,10.00
interleaving,3.00,3.36,0.81,3.00,2.00,5.00,11.00,3.21,0.50,,0.21,0.21,0.83,0.00,0.21,3.00,0.24,11.00
microinvertebrate,4.00,3.75,0.87,4.00,3.00,6.00,12.00,3.65,0.94,,-0.35,0.35,0.74,0.35,0.00,4.00,0.74,12.00
organizing,3.00,2.92,0.67,3.00,2.00,4.00,12.00,2.78,0.08,,-0.22,0.22,0.82,0.22,0.00,3.00,0.56,12.00
originates,3.00,2.64,1.21,3.00,1.00,4.00,11.00,2.82,0.12,,-0.18,0.18,0.85,0.18,0.00,3.00,0.90,11.00
overgeneralizing,4.00,4.40,1.26,4.00,3.00,7.00,10.00,4.20,1.50,,0.20,0.20,0.83,0.00,0.20,4.00,0.79,10.00
perimeters,3.00,2.91,0.70,3.00,2.00,4.00,11.00,2.94,0.23,,-0.06,0.06,0.94,0.06,0.00,3.00,0.69,11.00
plausibility,2.00,2.90,0.99,3.00,2.00,5.00,10.00,2.96,0.26,,0.96,0.96,0.51,0.00,0.96,3.00,0.66,10.00
protectiveness,3.00,3.60,0.70,4.00,2.00,4.00,10.00,3.36,0.66,,0.36,0.36,0.73,0.00,0.36,3.00,0.73,10.00
rearrangements,4.00,3.64,0.50,4.00,3.00,4.00,11.00,3.68,0.97,,-0.32,0.32,0.76,0.32,0.00,4.00,0.58,11.00
reclassification,4.00,4.17,0.72,4.00,3.00,6.00,12.00,3.87,1.17,,-0.13,0.13,0.89,0.13,0.00,4.00,0.34,12.00
reflections,4.00,3.38,0.77,4.00,2.00,4.00,13.00,3.29,0.58,,-0.71,0.71,0.58,0.71,0.00,3.00,0.76,13.00
regularities,4.00,3.58,0.79,4.00,2.00,5.00,12.00,3.43,0.73,,-0.57,0.57,0.64,0.57,0.00,3.00,0.74,12.00
rehabilitates,3.00,3.64,0.67,4.00,3.00,5.00,11.00,3.55,0.85,,0.55,0.55,0.64,0.00,0.55,4.00,0.89,11.00
rekindling,3.00,3.17,0.58,3.00,2.00,4.00,12.00,3.01,0.30,,0.01,0.01,0.99,0.00,0.01,3.00,0.56,12.00
relegitimization,4.00,4.30,0.67,4.00,3.00,5.00,10.00,4.13,1.43,,0.13,0.13,0.88,0.00,0.13,4.00,0.61,10.00
restructurings,4.00,3.92,0.67,4.00,3.00,5.00,12.00,3.81,1.11,,-0.19,0.19,0.84,0.19,0.00,4.00,0.54,12.00
salutations,3.00,3.36,0.50,3.00,3.00,4.00,11.00,3.19,0.49,,0.19,0.19,0.84,0.00,0.19,3.00,0.54,11.00
underinvested,4.00,3.55,0.52,4.00,3.00,4.00,11.00,3.60,0.89,,-0.40,0.40,0.71,0.40,0.00,4.00,0.63,11.00
undernourished,3.00,3.64,0.81,4.00,2.00,5.00,11.00,3.48,0.77,,0.48,0.48,0.68,0.00,0.48,3.00,0.82,11.00
philanthropists,4.00,3.58,1.00,3.00,2.00,5.00,12.00,3.68,0.98,,-0.32,0.32,0.76,0.32,0.00,4.00,0.72,12.00
campers,3.00,2.50,0.71,3.00,1.00,3.00,10.00,2.50,-0.21,,-0.50,0.50,0.66,0.50,0.00,2.00,0.39,10.00
cubists,3.00,2.46,0.66,3.00,1.00,3.00,13.00,2.42,-0.29,,-0.58,0.58,0.63,0.58,0.00,2.00,0.35,13.00
debugging,3.00,2.80,0.63,3.00,1.00,3.00,10.00,2.86,0.16,,-0.14,0.14,0.88,0.14,0.00,3.00,0.08,10.00
finest,2.00,1.90,0.32,2.00,1.00,2.00,10.00,1.96,-0.75,,-0.04,0.04,0.96,0.04,0.00,2.00,0.17,10.00
fiver,2.00,1.83,0.39,2.00,1.00,2.00,12.00,1.92,-0.78,,-0.08,0.08,0.93,0.08,0.00,2.00,0.64,12.00
grievously,3.00,2.64,0.67,3.00,1.00,3.00,11.00,2.65,-0.05,,-0.35,0.35,0.74,0.35,0.00,3.00,0.56,11.00
implication,4.00,2.92,0.90,3.00,1.00,4.00,12.00,2.90,0.20,,-1.10,1.10,0.48,1.10,0.00,3.00,0.44,12.00
inexplicable,4.00,3.25,0.87,3.00,1.00,4.00,12.00,3.17,0.47,,-0.83,0.83,0.55,0.83,0.00,3.00,0.57,12.00
interestedly,3.00,2.45,0.82,2.00,1.00,4.00,11.00,2.67,-0.03,,-0.33,0.33,0.75,0.33,0.00,3.00,0.56,11.00
slipperiness,4.00,2.70,0.95,3.00,1.00,4.00,10.00,2.76,0.05,,-1.24,1.24,0.45,1.24,0.00,3.00,0.75,10.00
toxins,3.00,2.09,0.54,2.00,1.00,3.00,11.00,2.13,-0.58,,-0.87,0.87,0.53,0.87,0.00,2.00,0.64,11.00
triumphal,2.00,2.33,0.78,2.50,1.00,3.00,12.00,2.29,-0.41,,0.29,0.29,0.77,0.00,0.29,2.00,0.32,12.00
ably,2.00,1.82,0.40,2.00,1.00,2.00,11.00,1.88,-0.82,,-0.12,0.12,0.89,0.12,0.00,2.00,0.27,11.00
absurdly,2.00,2.36,0.50,2.00,2.00,3.00,11.00,2.52,-0.19,,0.52,0.52,0.66,0.00,0.52,3.00,0.20,11.00
adoption,2.00,2.38,0.52,2.00,2.00,3.00,8.00,2.35,-0.35,,0.35,0.35,0.74,0.00,0.35,2.00,0.85,8.00
animations,3.00,3.00,1.00,3.00,2.00,5.00,9.00,2.98,0.27,,-0.02,0.02,0.98,0.02,0.00,3.00,0.82,9.00
annexation,2.00,2.50,0.71,2.00,2.00,4.00,10.00,2.59,-0.11,,0.59,0.59,0.63,0.00,0.59,3.00,0.62,10.00
awakes,3.00,2.30,0.67,2.00,1.00,3.00,10.00,2.44,-0.27,,-0.56,0.56,0.64,0.56,0.00,2.00,0.73,10.00
bacterial,3.00,2.18,0.40,2.00,2.00,3.00,11.00,2.21,-0.49,,-0.79,0.79,0.56,0.79,0.00,2.00,0.50,11.00
banger,2.00,2.00,0.00,2.00,2.00,2.00,10.00,2.14,-0.57,,0.14,0.14,0.88,0.00,0.14,2.00,,10.00
befit,2.00,1.91,0.30,2.00,1.00,2.00,11.00,2.13,-0.58,,0.13,0.13,0.89,0.00,0.13,2.00,-0.32,11.00
bemusing,3.00,2.50,0.71,3.00,1.00,3.00,10.00,2.59,-0.11,,-0.41,0.41,0.71,0.41,0.00,3.00,0.49,10.00
blockaded,3.00,2.55,0.52,3.00,2.00,3.00,11.00,2.65,-0.05,,-0.35,0.35,0.74,0.35,0.00,3.00,0.56,11.00
blockades,3.00,2.40,0.52,2.00,2.00,3.00,10.00,2.45,-0.26,,-0.55,0.55,0.65,0.55,0.00,2.00,-0.05,10.00
blockage,2.00,2.00,0.00,2.00,2.00,2.00,13.00,2.02,-0.69,,0.02,0.02,0.98,0.00,0.02,2.00,,13.00
boozy,2.00,1.91,0.30,2.00,1.00,2.00,11.00,2.12,-0.58,,0.12,0.12,0.89,0.00,0.12,2.00,0.69,11.00
brawler,2.00,1.91,0.30,2.00,1.00,2.00,11.00,2.04,-0.66,,0.04,0.04,0.96,0.00,0.04,2.00,0.81,11.00
cancerous,2.00,2.42,0.51,2.00,2.00,3.00,12.00,2.35,-0.35,,0.35,0.35,0.74,0.00,0.35,2.00,0.30,12.00
choppers,3.00,2.64,0.67,3.00,2.00,4.00,11.00,2.71,0.01,,-0.29,0.29,0.78,0.29,0.00,3.00,0.00,11.00
clinical,2.00,2.30,0.67,2.00,1.00,3.00,10.00,2.18,-0.52,,0.18,0.18,0.85,0.00,0.18,2.00,0.78,10.00
cohabits,3.00,2.60,0.52,3.00,2.00,3.00,10.00,2.72,0.02,,-0.28,0.28,0.78,0.28,0.00,3.00,0.63,10.00
comfortless,2.00,2.36,0.50,2.00,2.00,3.00,11.00,2.43,-0.28,,0.43,0.43,0.70,0.00,0.43,2.00,0.34,11.00
conqueror,2.00,2.38,0.52,2.00,2.00,3.00,8.00,2.56,-0.15,,0.56,0.56,0.64,0.00,0.56,3.00,0.73,8.00
corny,2.00,1.91,0.30,2.00,1.00,2.00,11.00,2.07,-0.63,,0.07,0.07,0.93,0.00,0.07,2.00,0.04,11.00
counterclaims,3.00,3.00,0.67,3.00,2.00,4.00,10.00,3.02,0.31,,0.02,0.02,0.98,0.00,0.02,3.00,0.56,10.00
cruellest,2.00,2.09,0.30,2.00,2.00,3.00,11.00,2.27,-0.44,,0.27,0.27,0.79,0.00,0.27,2.00,0.58,11.00
custodianship,3.00,2.58,0.67,2.50,2.00,4.00,12.00,2.57,-0.13,,-0.43,0.43,0.70,0.43,0.00,3.00,0.59,12.00
dampens,3.00,2.45,0.69,3.00,1.00,3.00,11.00,2.59,-0.11,,-0.41,0.41,0.71,0.41,0.00,3.00,0.80,11.00
detestable,2.00,2.83,0.39,3.00,2.00,3.00,12.00,2.91,0.21,,0.91,0.91,0.52,0.00,0.91,3.00,0.58,12.00
disclaimer,3.00,2.80,0.42,3.00,2.00,3.00,10.00,2.86,0.15,,-0.14,0.14,0.87,0.14,0.00,3.00,0.50,10.00
disconcert,2.00,2.45,0.52,2.00,2.00,3.00,11.00,2.42,-0.29,,0.42,0.42,0.71,0.00,0.42,2.00,0.66,11.00
discord,2.00,1.90,0.32,2.00,1.00,2.00,10.00,2.11,-0.60,,0.11,0.11,0.90,0.00,0.11,2.00,0.30,10.00
dispossession,3.00,3.00,0.82,3.00,2.00,4.00,10.00,3.01,0.30,,0.01,0.01,0.99,0.00,0.01,3.00,0.77,10.00
dominantly,3.00,2.83,0.72,3.00,2.00,4.00,12.00,2.79,0.08,,-0.21,0.21,0.82,0.21,0.00,3.00,0.62,12.00
dominated,3.00,2.29,0.61,2.00,2.00,4.00,14.00,2.41,-0.30,,-0.59,0.59,0.63,0.59,0.00,2.00,0.44,14.00
downtrend,2.00,2.00,0.00,2.00,2.00,2.00,10.00,2.13,-0.57,,0.13,0.13,0.88,0.00,0.13,2.00,,10.00
druggist,2.00,2.00,0.00,2.00,2.00,2.00,11.00,1.96,-0.74,,-0.04,0.04,0.96,0.04,0.00,2.00,,11.00
duller,2.00,1.92,0.29,2.00,1.00,2.00,12.00,2.00,-0.70,,0.00,0.00,1.00,0.00,0.00,2.00,0.03,12.00
enclosure,3.00,2.33,0.50,2.00,2.00,3.00,9.00,2.51,-0.19,,-0.49,0.49,0.67,0.49,0.00,3.00,0.53,9.00
ennoble,2.00,2.27,0.47,2.00,2.00,3.00,11.00,2.24,-0.46,,0.24,0.24,0.81,0.00,0.24,2.00,0.79,11.00
escapable,2.00,2.27,0.47,2.00,2.00,3.00,11.00,2.33,-0.38,,0.33,0.33,0.75,0.00,0.33,2.00,0.64,11.00
eulogistically,5.00,3.90,1.45,4.00,2.00,6.00,10.00,3.75,1.05,,-1.25,1.25,0.44,1.25,0.00,4.00,0.85,10.00
evasion,3.00,1.55,0.52,2.00,1.00,2.00,11.00,1.67,-1.03,,-1.33,1.33,0.43,1.33,0.00,2.00,0.25,11.00
exactness,2.00,2.18,0.40,2.00,2.00,3.00,11.00,2.26,-0.44,,0.26,0.26,0.79,0.00,0.26,2.00,0.29,11.00
favorite,2.00,1.82,0.60,2.00,1.00,3.00,11.00,1.93,-0.77,,-0.07,0.07,0.94,0.07,0.00,2.00,0.75,11.00
feudal,2.00,2.09,0.30,2.00,2.00,3.00,11.00,2.10,-0.60,,0.10,0.10,0.91,0.00,0.10,2.00,-0.01,11.00
fitter,2.00,2.00,0.45,2.00,1.00,3.00,11.00,2.06,-0.64,,0.06,0.06,0.94,0.00,0.06,2.00,0.02,11.00
fondly,2.00,2.00,0.00,2.00,2.00,2.00,12.00,2.04,-0.67,,0.04,0.04,0.97,0.00,0.04,2.00,,12.00
forceful,2.00,2.00,0.00,2.00,2.00,2.00,11.00,1.92,-0.78,,-0.08,0.08,0.93,0.08,0.00,2.00,,11.00
forehand,2.00,2.00,0.00,2.00,2.00,2.00,12.00,2.05,-0.65,,0.05,0.05,0.95,0.00,0.05,2.00,,12.00
foreseen,3.00,2.08,0.29,2.00,2.00,3.00,12.00,2.21,-0.49,,-0.79,0.79,0.56,0.79,0.00,2.00,0.19,12.00
forethought,2.00,2.15,0.38,2.00,2.00,3.00,13.00,2.11,-0.59,,0.11,0.11,0.90,0.00,0.11,2.00,0.13,13.00
formative,2.00,2.73,0.65,3.00,2.00,4.00,11.00,2.63,-0.08,,0.63,0.63,0.61,0.00,0.63,3.00,0.50,11.00
gimmicky,2.00,2.10,0.32,2.00,2.00,3.00,10.00,2.14,-0.56,,0.14,0.14,0.87,0.00,0.14,2.00,0.45,10.00
habitation,2.00,2.60,0.70,2.50,2.00,4.00,10.00,2.62,-0.09,,0.62,0.62,0.62,0.00,0.62,3.00,0.51,10.00
hardness,2.00,2.00,0.00,2.00,2.00,2.00,11.00,2.21,-0.49,,0.21,0.21,0.82,0.00,0.21,2.00,,11.00
heaviest,2.00,2.44,0.53,2.00,2.00,3.00,9.00,2.40,-0.31,,0.40,0.40,0.72,0.00,0.40,2.00,0.29,9.00
heroics,3.00,2.40,0.52,2.00,2.00,3.00,10.00,2.51,-0.20,,-0.49,0.49,0.67,0.49,0.00,3.00,0.76,10.00
hyphenation,2.00,2.80,0.92,2.50,2.00,4.00,10.00,2.89,0.18,,0.89,0.89,0.53,0.00,0.89,3.00,0.57,10.00
immortal,3.00,2.45,0.52,2.00,2.00,3.00,11.00,2.52,-0.18,,-0.48,0.48,0.68,0.48,0.00,3.00,0.77,11.00
impose,2.00,2.00,0.00,2.00,2.00,2.00,9.00,2.02,-0.68,,0.02,0.02,0.98,0.00,0.02,2.00,,9.00
inclusion,3.00,2.64,0.50,3.00,2.00,3.00,11.00,2.67,-0.03,,-0.33,0.33,0.75,0.33,0.00,3.00,0.38,11.00
infringement,3.00,2.82,0.40,3.00,2.00,3.00,11.00,2.71,0.00,,-0.29,0.29,0.77,0.29,0.00,3.00,0.54,11.00
injunction,3.00,2.58,0.67,3.00,1.00,3.00,12.00,2.88,0.17,,-0.12,0.12,0.89,0.12,0.00,3.00,0.72,12.00
innately,2.00,2.67,0.50,3.00,2.00,3.00,9.00,2.55,-0.16,,0.55,0.55,0.65,0.00,0.55,3.00,0.43,9.00
interfaith,2.00,2.00,0.00,2.00,2.00,2.00,12.00,2.30,-0.40,,0.30,0.30,0.77,0.00,0.30,2.00,,12.00
invents,3.00,2.33,0.50,2.00,2.00,3.00,9.00,2.48,-0.23,,-0.52,0.52,0.66,0.52,0.00,2.00,0.34,9.00
jazzier,3.00,2.09,0.30,2.00,2.00,3.00,11.00,2.29,-0.42,,-0.71,0.71,0.58,0.71,0.00,2.00,0.35,11.00
joyful,2.00,2.00,0.41,2.00,1.00,3.00,13.00,1.97,-0.73,,-0.03,0.03,0.97,0.03,0.00,2.00,0.50,13.00
judgement,2.00,2.00,0.00,2.00,2.00,2.00,11.00,1.99,-0.71,,-0.01,0.01,0.99,0.01,0.00,2.00,,11.00
judicial,2.00,2.30,0.48,2.00,2.00,3.00,10.00,2.19,-0.52,,0.19,0.19,0.84,0.00,0.19,2.00,0.67,10.00
jumpers,3.00,2.17,0.58,2.00,1.00,3.00,12.00,2.23,-0.48,,-0.77,0.77,0.56,0.77,0.00,2.00,0.40,12.00
kilowatts,3.00,2.58,0.51,3.00,2.00,3.00,12.00,2.70,0.00,,-0.30,0.30,0.77,0.30,0.00,3.00,0.56,12.00
leaderless,3.00,2.55,0.52,3.00,2.00,3.00,11.00,2.71,0.00,,-0.29,0.29,0.77,0.29,0.00,3.00,0.50,11.00
lightest,2.00,2.09,0.30,2.00,2.00,3.00,11.00,2.10,-0.61,,0.10,0.10,0.91,0.00,0.10,2.00,0.30,11.00
lightly,2.00,2.00,0.00,2.00,2.00,2.00,13.00,1.81,-0.90,,-0.19,0.19,0.84,0.19,0.00,2.00,,13.00
lioness,2.00,2.00,0.43,2.00,1.00,3.00,12.00,2.02,-0.68,,0.02,0.02,0.98,0.00,0.02,2.00,0.72,12.00
loudest,2.00,2.00,0.00,2.00,2.00,2.00,12.00,1.91,-0.80,,-0.09,0.09,0.92,0.09,0.00,2.00,,12.00
marketer,2.00,2.22,0.44,2.00,2.00,3.00,9.00,2.29,-0.42,,0.29,0.29,0.78,0.00,0.29,2.00,0.76,9.00
microhabitats,3.00,3.40,0.84,3.00,2.00,5.00,10.00,3.33,0.63,,0.33,0.33,0.75,0.00,0.33,3.00,0.62,10.00
micrometer,2.00,2.00,0.45,2.00,1.00,3.00,11.00,2.18,-0.52,,0.18,0.18,0.84,0.00,0.18,2.00,0.77,11.00
misaligns,3.00,2.73,0.79,3.00,2.00,4.00,11.00,2.80,0.10,,-0.20,0.20,0.83,0.20,0.00,3.00,0.80,11.00
misguide,2.00,2.00,0.00,2.00,2.00,2.00,10.00,2.05,-0.66,,0.05,0.05,0.96,0.00,0.05,2.00,,10.00
misguiding,3.00,2.92,0.29,3.00,2.00,3.00,12.00,2.90,0.19,,-0.10,0.10,0.91,0.10,0.00,3.00,0.22,12.00
modernized,3.00,2.91,0.83,3.00,2.00,4.00,11.00,2.76,0.06,,-0.24,0.24,0.81,0.24,0.00,3.00,0.76,11.00
monetarist,2.00,2.55,0.52,3.00,2.00,3.00,11.00,2.65,-0.06,,0.65,0.65,0.61,0.00,0.65,3.00,0.68,11.00
multisyllable,2.00,2.58,0.90,2.00,2.00,5.00,12.00,2.66,-0.04,,0.66,0.66,0.60,0.00,0.66,3.00,0.38,12.00
narrowness,2.00,2.09,0.30,2.00,2.00,3.00,11.00,2.26,-0.45,,0.26,0.26,0.79,0.00,0.26,2.00,0.34,11.00
nobler,2.00,1.75,0.45,2.00,1.00,2.00,12.00,1.96,-0.74,,-0.04,0.04,0.97,0.04,0.00,2.00,0.61,12.00
nonresidential,4.00,3.93,1.00,4.00,2.00,5.00,14.00,3.79,1.09,,-0.21,0.21,0.83,0.21,0.00,4.00,0.33,14.00
odder,2.00,1.92,0.29,2.00,1.00,2.00,12.00,1.98,-0.73,,-0.02,0.02,0.98,0.02,0.00,2.00,-0.22,12.00
onshore,2.00,2.07,0.27,2.00,2.00,3.00,14.00,2.18,-0.53,,0.18,0.18,0.85,0.00,0.18,2.00,-0.19,14.00
outset,2.00,1.90,0.32,2.00,1.00,2.00,10.00,2.07,-0.63,,0.07,0.07,0.93,0.00,0.07,2.00,0.66,10.00
overrates,3.00,2.67,0.49,3.00,2.00,3.00,12.00,2.69,-0.01,,-0.31,0.31,0.77,0.31,0.00,3.00,0.37,12.00
oversold,2.00,2.00,0.00,2.00,2.00,2.00,11.00,2.09,-0.62,,0.09,0.09,0.92,0.00,0.09,2.00,,11.00
overthrew,2.00,2.00,0.00,2.00,2.00,2.00,10.00,2.10,-0.60,,0.10,0.10,0.91,0.00,0.10,2.00,,10.00
ownerships,4.00,3.00,0.71,3.00,2.00,4.00,9.00,3.01,0.30,,-0.99,0.99,0.50,0.99,0.00,3.00,0.05,9.00
palest,2.00,2.00,0.00,2.00,2.00,2.00,12.00,2.07,-0.64,,0.07,0.07,0.94,0.00,0.07,2.00,,12.00
pancake,2.00,1.90,0.57,2.00,1.00,3.00,10.00,2.21,-0.50,,0.21,0.21,0.83,0.00,0.21,2.00,0.39,10.00
paragraphs,3.00,2.63,0.52,3.00,2.00,3.00,8.00,2.59,-0.11,,-0.41,0.41,0.71,0.41,0.00,3.00,0.24,8.00
plucky,2.00,1.67,0.49,2.00,1.00,2.00,12.00,1.82,-0.88,,-0.18,0.18,0.85,0.18,0.00,2.00,0.79,12.00
polymath,2.00,2.00,0.50,2.00,1.00,3.00,9.00,2.14,-0.57,,0.14,0.14,0.88,0.00,0.14,2.00,0.28,9.00
pressurize,3.00,2.20,0.42,2.00,2.00,3.00,10.00,2.36,-0.34,,-0.64,0.64,0.61,0.64,0.00,2.00,-0.53,10.00
proverbial,2.00,2.75,0.62,3.00,2.00,4.00,12.00,2.72,0.01,,0.72,0.72,0.58,0.00,0.72,3.00,0.80,12.00
puzzlers,3.00,2.70,0.48,3.00,2.00,3.00,10.00,2.69,-0.01,,-0.31,0.31,0.76,0.31,0.00,3.00,0.82,10.00
queasier,2.00,2.36,0.50,2.00,2.00,3.00,11.00,2.40,-0.30,,0.40,0.40,0.71,0.00,0.40,2.00,-0.04,11.00
rawness,2.00,2.09,0.30,2.00,2.00,3.00,11.00,2.01,-0.69,,0.01,0.01,0.99,0.00,0.01,2.00,0.25,11.00
recapture,3.00,2.11,0.33,2.00,2.00,3.00,9.00,2.27,-0.44,,-0.73,0.73,0.58,0.73,0.00,2.00,0.76,9.00
recentness,2.00,2.40,0.52,2.00,2.00,3.00,10.00,2.47,-0.23,,0.47,0.47,0.68,0.00,0.47,2.00,0.04,10.00
reduces,3.00,2.55,0.52,3.00,2.00,3.00,11.00,2.59,-0.11,,-0.41,0.41,0.71,0.41,0.00,3.00,0.78,11.00
regression,3.00,2.25,0.46,2.00,2.00,3.00,8.00,2.28,-0.42,,-0.72,0.72,0.58,0.72,0.00,2.00,0.77,8.00
reinstate,3.00,2.78,0.44,3.00,2.00,3.00,9.00,2.72,0.01,,-0.28,0.28,0.78,0.28,0.00,3.00,0.42,9.00
removal,3.00,2.45,0.82,3.00,1.00,3.00,11.00,2.59,-0.11,,-0.41,0.41,0.71,0.41,0.00,3.00,0.73,11.00
reorganize,3.00,2.56,0.53,3.00,2.00,3.00,9.00,2.74,0.03,,-0.26,0.26,0.79,0.26,0.00,3.00,0.63,9.00
reruns,3.00,2.73,0.47,3.00,2.00,3.00,11.00,2.83,0.12,,-0.17,0.17,0.85,0.17,0.00,3.00,0.35,11.00
restock,2.00,2.08,0.29,2.00,2.00,3.00,12.00,2.15,-0.55,,0.15,0.15,0.87,0.00,0.15,2.00,0.49,12.00
retrieval,2.00,2.25,0.62,2.00,1.00,3.00,12.00,2.49,-0.22,,0.49,0.49,0.67,0.00,0.49,2.00,0.43,12.00
rudeness,2.00,2.00,0.00,2.00,2.00,2.00,13.00,2.04,-0.66,,0.04,0.04,0.96,0.00,0.04,2.00,,13.00
saddens,3.00,2.50,0.53,2.50,2.00,3.00,10.00,2.49,-0.22,,-0.51,0.51,0.66,0.51,0.00,2.00,-0.23,10.00
salivary,2.00,2.38,0.77,2.00,2.00,4.00,13.00,2.32,-0.38,,0.32,0.32,0.76,0.00,0.32,2.00,0.82,13.00
satisfied,3.00,2.67,0.78,2.50,2.00,4.00,12.00,2.79,0.08,,-0.21,0.21,0.82,0.21,0.00,3.00,-0.23,12.00
shallowness,2.00,2.15,0.38,2.00,2.00,3.00,13.00,2.23,-0.47,,0.23,0.23,0.81,0.00,0.23,2.00,0.27,13.00
shapelier,3.00,2.38,0.65,2.00,1.00,3.00,13.00,2.55,-0.16,,-0.45,0.45,0.69,0.45,0.00,3.00,0.90,13.00
shipper,2.00,2.00,0.00,2.00,2.00,2.00,11.00,1.97,-0.73,,-0.03,0.03,0.97,0.03,0.00,2.00,,11.00
sicken,2.00,2.00,0.43,2.00,1.00,3.00,12.00,2.10,-0.60,,0.10,0.10,0.91,0.00,0.10,2.00,0.75,12.00
signer,2.00,2.00,0.00,2.00,2.00,2.00,12.00,1.99,-0.71,,-0.01,0.01,0.99,0.01,0.00,2.00,,12.00
slighter,2.00,2.09,0.30,2.00,2.00,3.00,11.00,2.13,-0.58,,0.13,0.13,0.89,0.00,0.13,2.00,0.45,11.00
smallish,2.00,2.00,0.00,2.00,2.00,2.00,12.00,2.06,-0.65,,0.06,0.06,0.95,0.00,0.06,2.00,,12.00
snorer,2.00,1.92,0.29,2.00,1.00,2.00,12.00,2.04,-0.66,,0.04,0.04,0.96,0.00,0.04,2.00,0.65,12.00
solemnness,2.00,2.50,0.85,2.50,1.00,4.00,10.00,2.61,-0.09,,0.61,0.61,0.62,0.00,0.61,3.00,0.76,10.00
sophistication,5.00,3.27,0.79,3.00,2.00,4.00,11.00,3.20,0.49,,-1.80,1.80,0.36,1.80,0.00,3.00,0.74,11.00
specialize,2.00,2.18,0.40,2.00,2.00,3.00,11.00,2.09,-0.62,,0.09,0.09,0.92,0.00,0.09,2.00,0.63,11.00
splintered,3.00,2.33,0.50,2.00,2.00,3.00,9.00,2.53,-0.17,,-0.47,0.47,0.68,0.47,0.00,3.00,-0.08,9.00
stickers,3.00,2.08,0.67,2.00,1.00,3.00,12.00,2.04,-0.66,,-0.96,0.96,0.51,0.96,0.00,2.00,0.48,12.00
supportive,2.00,2.10,0.32,2.00,2.00,3.00,10.00,2.22,-0.48,,0.22,0.22,0.82,0.00,0.22,2.00,0.56,10.00
surgical,2.00,2.17,0.72,2.00,1.00,3.00,12.00,2.25,-0.45,,0.25,0.25,0.80,0.00,0.25,2.00,0.57,12.00
tactful,2.00,2.00,0.00,2.00,2.00,2.00,9.00,1.91,-0.79,,-0.09,0.09,0.92,0.09,0.00,2.00,,9.00
tearless,2.00,2.00,0.00,2.00,2.00,2.00,10.00,2.14,-0.56,,0.14,0.14,0.87,0.00,0.14,2.00,,10.00
traineeships,4.00,3.25,0.62,3.00,2.00,4.00,12.00,3.33,0.63,,-0.67,0.67,0.60,0.67,0.00,3.00,0.44,12.00
transpiration,3.00,2.82,0.60,3.00,2.00,4.00,11.00,2.88,0.17,,-0.12,0.12,0.89,0.12,0.00,3.00,0.58,11.00
tubbier,3.00,2.27,0.65,2.00,1.00,3.00,11.00,2.26,-0.44,,-0.74,0.74,0.58,0.74,0.00,2.00,0.86,11.00
twosomes,3.00,2.58,0.51,3.00,2.00,3.00,12.00,2.63,-0.08,,-0.37,0.37,0.73,0.37,0.00,3.00,0.53,12.00
unasked,3.00,2.85,0.38,3.00,2.00,3.00,13.00,2.84,0.13,,-0.16,0.16,0.86,0.16,0.00,3.00,0.49,13.00
undercoat,2.00,2.10,0.57,2.00,1.00,3.00,10.00,2.29,-0.42,,0.29,0.29,0.78,0.00,0.29,2.00,0.56,10.00
undoing,3.00,2.64,0.50,3.00,2.00,3.00,14.00,2.80,0.09,,-0.20,0.20,0.83,0.20,0.00,3.00,0.44,14.00
unpaid,3.00,2.00,0.00,2.00,2.00,2.00,11.00,2.20,-0.50,,-0.80,0.80,0.56,0.80,0.00,2.00,,11.00
unreal,2.00,2.00,0.00,2.00,2.00,2.00,11.00,2.15,-0.56,,0.15,0.15,0.87,0.00,0.15,2.00,,11.00
woolly,2.00,1.90,0.32,2.00,1.00,2.00,10.00,2.10,-0.60,,0.10,0.10,0.91,0.00,0.10,2.00,0.80,10.00
absurdities,3.00,3.09,0.83,3.00,2.00,5.00,11.00,3.02,0.32,,0.02,0.02,0.98,0.00,0.02,3.00,0.62,11.00
actualities,4.00,3.08,0.79,3.00,2.00,4.00,12.00,3.13,0.43,,-0.87,0.87,0.54,0.87,0.00,3.00,0.87,12.00
amputation,3.00,2.82,0.87,3.00,2.00,4.00,11.00,2.86,0.16,,-0.14,0.14,0.88,0.14,0.00,3.00,0.77,11.00
authenticates,4.00,3.45,1.13,3.00,1.00,5.00,11.00,3.46,0.75,,-0.54,0.54,0.65,0.54,0.00,3.00,0.97,11.00
authentications,5.00,3.20,0.79,3.00,2.00,5.00,10.00,3.23,0.53,,-1.77,1.77,0.36,1.77,0.00,3.00,0.75,10.00
beautician,2.00,2.42,0.51,2.00,2.00,3.00,12.00,2.60,-0.11,,0.60,0.60,0.63,0.00,0.60,3.00,0.52,12.00
boastfully,3.00,2.92,0.29,3.00,2.00,3.00,12.00,2.95,0.24,,-0.05,0.05,0.95,0.05,0.00,3.00,0.30,12.00
breathlessness,3.00,3.00,0.00,3.00,3.00,3.00,9.00,2.95,0.25,,-0.05,0.05,0.96,0.05,0.00,3.00,,9.00
cheeriness,3.00,2.55,0.52,3.00,2.00,3.00,11.00,2.68,-0.03,,-0.32,0.32,0.75,0.32,0.00,3.00,0.51,11.00
childishly,3.00,2.92,0.28,3.00,2.00,3.00,13.00,2.92,0.21,,-0.08,0.08,0.92,0.08,0.00,3.00,0.23,13.00
christening,3.00,2.83,0.39,3.00,2.00,3.00,12.00,2.85,0.14,,-0.15,0.15,0.87,0.15,0.00,3.00,0.28,12.00
communistic,3.00,2.92,0.79,3.00,2.00,4.00,12.00,2.95,0.24,,-0.05,0.05,0.95,0.05,0.00,3.00,0.66,12.00
comparative,2.00,3.18,0.75,3.00,2.00,4.00,11.00,2.90,0.20,,0.90,0.90,0.52,0.00,0.90,3.00,0.82,11.00
conditioner,2.00,2.64,1.03,3.00,1.00,4.00,11.00,2.76,0.05,,0.76,0.76,0.57,0.00,0.76,3.00,0.77,11.00
contentedly,3.00,3.42,0.51,3.00,3.00,4.00,12.00,3.25,0.54,,0.25,0.25,0.80,0.00,0.25,3.00,0.76,12.00
creepily,3.00,2.67,0.50,3.00,2.00,3.00,9.00,2.48,-0.22,,-0.52,0.52,0.66,0.52,0.00,2.00,0.74,9.00
deadened,3.00,2.82,0.40,3.00,2.00,3.00,11.00,2.87,0.17,,-0.13,0.13,0.89,0.13,0.00,3.00,0.34,11.00
decompose,3.00,2.67,0.49,3.00,2.00,3.00,12.00,2.81,0.11,,-0.19,0.19,0.84,0.19,0.00,3.00,0.50,12.00
deflates,3.00,2.82,0.40,3.00,2.00,3.00,11.00,2.81,0.11,,-0.19,0.19,0.84,0.19,0.00,3.00,-0.15,11.00
derivation,2.00,2.60,0.84,3.00,1.00,4.00,10.00,2.71,0.01,,0.71,0.71,0.58,0.00,0.71,3.00,0.60,10.00
deservingly,4.00,2.92,0.51,3.00,2.00,4.00,12.00,3.05,0.34,,-0.95,0.95,0.51,0.95,0.00,3.00,0.17,12.00
discontinuous,3.00,3.36,0.67,3.00,3.00,5.00,11.00,3.39,0.69,,0.39,0.39,0.72,0.00,0.39,3.00,0.70,11.00
discrediting,3.00,3.09,0.30,3.00,3.00,4.00,11.00,2.98,0.28,,-0.02,0.02,0.98,0.02,0.00,3.00,0.69,11.00
dispassionate,4.00,3.20,0.63,3.00,2.00,4.00,10.00,3.01,0.31,,-0.99,0.99,0.50,0.99,0.00,3.00,0.68,10.00
elicitation,2.00,3.00,1.10,3.00,2.00,5.00,11.00,2.98,0.28,,0.98,0.98,0.50,0.00,0.98,3.00,0.95,11.00
engulfing,3.00,2.83,0.39,3.00,2.00,3.00,12.00,2.79,0.08,,-0.21,0.21,0.83,0.21,0.00,3.00,0.17,12.00
enigmatic,2.00,3.08,0.79,3.00,2.00,4.00,12.00,2.90,0.20,,0.90,0.90,0.53,0.00,0.90,3.00,0.64,12.00
envisioning,4.00,3.10,0.57,3.00,2.00,4.00,10.00,3.14,0.44,,-0.86,0.86,0.54,0.86,0.00,3.00,0.53,10.00
essentials,3.00,2.64,0.92,3.00,1.00,4.00,11.00,2.63,-0.08,,-0.37,0.37,0.73,0.37,0.00,3.00,0.55,11.00
evolves,2.00,2.50,0.67,2.00,2.00,4.00,12.00,2.42,-0.29,,0.42,0.42,0.71,0.00,0.42,2.00,0.46,12.00
examinations,3.00,3.18,0.75,3.00,2.00,4.00,11.00,3.18,0.47,,0.18,0.18,0.85,0.00,0.18,3.00,0.79,11.00
extensively,4.00,2.83,0.72,3.00,2.00,4.00,12.00,2.91,0.21,,-1.09,1.09,0.48,1.09,0.00,3.00,0.83,12.00
externalities,5.00,3.88,0.99,3.50,3.00,5.00,8.00,3.70,1.00,,-1.30,1.30,0.44,1.30,0.00,4.00,0.85,8.00
federalizing,4.00,3.45,0.82,3.00,2.00,5.00,11.00,3.31,0.61,,-0.69,0.69,0.59,0.69,0.00,3.00,0.90,11.00
figurative,3.00,2.67,0.89,3.00,1.00,4.00,12.00,2.62,-0.08,,-0.38,0.38,0.73,0.38,0.00,3.00,0.74,12.00
finalists,3.00,2.92,0.51,3.00,2.00,4.00,12.00,2.93,0.23,,-0.07,0.07,0.94,0.07,0.00,3.00,0.59,12.00
freshening,3.00,2.82,0.40,3.00,2.00,3.00,11.00,2.86,0.16,,-0.14,0.14,0.88,0.14,0.00,3.00,0.60,11.00
fruitlessness,3.00,3.09,0.30,3.00,3.00,4.00,11.00,3.17,0.46,,0.17,0.17,0.86,0.00,0.17,3.00,0.63,11.00
gratefully,3.00,2.83,0.39,3.00,2.00,3.00,12.00,2.95,0.25,,-0.05,0.05,0.95,0.05,0.00,3.00,0.65,12.00
homelessness,3.00,2.91,0.54,3.00,2.00,4.00,11.00,2.97,0.27,,-0.03,0.03,0.97,0.03,0.00,3.00,0.31,11.00
idealistically,4.00,3.62,1.04,4.00,1.00,5.00,13.00,3.70,0.99,,-0.30,0.30,0.77,0.30,0.00,4.00,0.86,13.00
igniters,3.00,2.77,0.60,3.00,2.00,4.00,13.00,2.86,0.15,,-0.14,0.14,0.87,0.14,0.00,3.00,0.66,13.00
illuminated,4.00,2.92,0.67,3.00,2.00,4.00,12.00,3.02,0.32,,-0.98,0.98,0.51,0.98,0.00,3.00,0.71,12.00
industrialism,3.00,3.27,0.65,3.00,2.00,4.00,11.00,3.26,0.55,,0.26,0.26,0.79,0.00,0.26,3.00,0.69,11.00
inlets,3.00,2.70,0.48,3.00,2.00,3.00,10.00,2.57,-0.14,,-0.43,0.43,0.70,0.43,0.00,3.00,-0.15,10.00
inseparable,3.00,2.92,0.95,3.00,1.00,5.00,13.00,2.95,0.25,,-0.05,0.05,0.95,0.05,0.00,3.00,0.73,13.00
insincerely,3.00,3.27,0.65,3.00,2.00,4.00,11.00,3.31,0.61,,0.31,0.31,0.76,0.00,0.31,3.00,0.87,11.00
intertwines,3.00,2.82,0.60,3.00,2.00,4.00,11.00,2.93,0.23,,-0.07,0.07,0.94,0.07,0.00,3.00,0.77,11.00
invitation,2.00,2.46,0.52,2.00,2.00,3.00,13.00,2.65,-0.06,,0.65,0.65,0.61,0.00,0.65,3.00,0.38,13.00
junctures,3.00,2.15,0.80,2.00,1.00,3.00,13.00,2.31,-0.39,,-0.69,0.69,0.59,0.69,0.00,2.00,0.75,13.00
liveliness,3.00,3.09,0.30,3.00,3.00,4.00,11.00,2.96,0.25,,-0.04,0.04,0.96,0.04,0.00,3.00,-0.28,11.00
meaningfulness,4.00,3.75,0.62,4.00,3.00,5.00,12.00,3.87,1.16,,-0.13,0.13,0.88,0.13,0.00,4.00,0.18,12.00
misrepresented,3.00,3.58,0.79,3.00,3.00,5.00,12.00,3.55,0.84,,0.55,0.55,0.65,0.00,0.55,4.00,0.75,12.00
monstrosity,3.00,2.60,0.52,3.00,2.00,3.00,10.00,2.54,-0.17,,-0.46,0.46,0.68,0.46,0.00,3.00,0.32,10.00
normalities,4.00,3.08,0.79,3.00,2.00,4.00,12.00,3.11,0.41,,-0.89,0.89,0.53,0.89,0.00,3.00,0.76,12.00
occupations,3.00,3.00,0.45,3.00,2.00,4.00,11.00,3.04,0.33,,0.04,0.04,0.96,0.00,0.04,3.00,0.77,11.00
operated,3.00,2.55,0.82,3.00,1.00,4.00,11.00,2.55,-0.15,,-0.45,0.45,0.69,0.45,0.00,3.00,0.69,11.00
ornamentation,2.00,3.18,0.87,3.00,2.00,5.00,11.00,3.17,0.46,,1.17,1.17,0.46,0.00,1.17,3.00,0.69,11.00
pacification,3.00,2.80,0.79,3.00,2.00,4.00,10.00,2.93,0.23,,-0.07,0.07,0.93,0.07,0.00,3.00,0.77,10.00
paragraphing,3.00,2.92,0.29,3.00,2.00,3.00,12.00,2.98,0.27,,-0.02,0.02,0.98,0.02,0.00,3.00,0.54,12.00
perversity,2.00,2.67,0.65,3.00,2.00,4.00,12.00,2.71,0.00,,0.71,0.71,0.59,0.00,0.71,3.00,0.78,12.00
postgraduates,4.00,3.00,0.71,3.00,2.00,4.00,9.00,3.01,0.31,,-0.99,0.99,0.50,0.99,0.00,3.00,0.87,9.00
precariously,2.00,3.00,0.43,3.00,2.00,4.00,12.00,3.03,0.33,,1.03,1.03,0.49,0.00,1.03,3.00,0.23,12.00
preordained,3.00,3.20,0.63,3.00,2.00,4.00,10.00,3.05,0.34,,0.05,0.05,0.96,0.00,0.05,3.00,0.69,10.00
preprocessor,3.00,3.27,0.47,3.00,3.00,4.00,11.00,3.23,0.52,,0.23,0.23,0.81,0.00,0.23,3.00,0.64,11.00
presumably,4.00,3.18,0.75,3.00,2.00,4.00,11.00,3.16,0.46,,-0.84,0.84,0.54,0.84,0.00,3.00,0.72,11.00
pretentious,2.00,2.80,0.42,3.00,2.00,3.00,10.00,2.87,0.16,,0.87,0.87,0.54,0.00,0.87,3.00,0.26,10.00
prisoners,3.00,2.77,0.60,3.00,2.00,4.00,13.00,2.71,0.00,,-0.29,0.29,0.77,0.29,0.00,3.00,0.48,13.00
professorships,4.00,3.67,0.89,4.00,2.00,5.00,12.00,3.55,0.84,,-0.45,0.45,0.69,0.45,0.00,4.00,0.88,12.00
profitability,3.00,3.36,1.03,3.00,2.00,6.00,11.00,3.25,0.54,,0.25,0.25,0.80,0.00,0.25,3.00,0.71,11.00
progresses,3.00,2.82,0.40,3.00,2.00,3.00,11.00,2.82,0.12,,-0.18,0.18,0.85,0.18,0.00,3.00,0.40,11.00
projecting,3.00,2.67,0.49,3.00,2.00,3.00,12.00,2.80,0.09,,-0.20,0.20,0.83,0.20,0.00,3.00,0.49,12.00
proprietorships,4.00,3.73,0.90,3.00,3.00,5.00,11.00,3.60,0.89,,-0.40,0.40,0.71,0.40,0.00,4.00,0.78,11.00
puritanical,3.00,2.78,0.97,3.00,1.00,4.00,9.00,2.87,0.17,,-0.13,0.13,0.89,0.13,0.00,3.00,0.84,9.00
quantifiable,3.00,2.55,0.52,3.00,2.00,3.00,11.00,2.72,0.02,,-0.28,0.28,0.78,0.28,0.00,3.00,0.41,11.00
quotations,3.00,2.50,0.71,3.00,1.00,3.00,10.00,2.77,0.07,,-0.23,0.23,0.82,0.23,0.00,3.00,0.81,10.00
rationalizes,3.00,3.18,0.75,3.00,2.00,4.00,11.00,3.17,0.46,,0.17,0.17,0.86,0.00,0.17,3.00,0.53,11.00
realization,2.00,3.20,0.92,3.00,2.00,5.00,10.00,3.15,0.45,,1.15,1.15,0.46,0.00,1.15,3.00,0.22,10.00
recessives,4.00,3.27,0.65,3.00,2.00,4.00,11.00,3.19,0.49,,-0.81,0.81,0.55,0.81,0.00,3.00,0.13,11.00
reevaluating,3.00,3.55,0.69,3.00,3.00,5.00,11.00,3.39,0.69,,0.39,0.39,0.72,0.00,0.39,3.00,0.39,11.00
reflectiveness,4.00,3.10,0.57,3.00,2.00,4.00,10.00,3.19,0.49,,-0.81,0.81,0.55,0.81,0.00,3.00,0.84,10.00
reinstalls,4.00,3.27,0.47,3.00,3.00,4.00,11.00,3.25,0.55,,-0.75,0.75,0.57,0.75,0.00,3.00,0.76,11.00
relapsing,3.00,3.00,0.45,3.00,2.00,4.00,11.00,2.87,0.17,,-0.13,0.13,0.89,0.13,0.00,3.00,0.40,11.00
replaying,3.00,2.90,0.32,3.00,2.00,3.00,10.00,2.83,0.13,,-0.17,0.17,0.86,0.17,0.00,3.00,0.42,10.00
satirizing,3.00,2.89,0.33,3.00,2.00,3.00,9.00,2.92,0.21,,-0.08,0.08,0.92,0.08,0.00,3.00,0.28,9.00
sentimentalist,4.00,3.69,0.75,4.00,3.00,5.00,13.00,3.60,0.90,,-0.40,0.40,0.72,0.40,0.00,4.00,0.81,13.00
shredders,3.00,2.58,0.67,3.00,1.00,3.00,12.00,2.70,0.00,,-0.30,0.30,0.77,0.30,0.00,3.00,0.39,12.00
sickening,3.00,3.00,0.00,3.00,3.00,3.00,11.00,3.01,0.31,,0.01,0.01,0.99,0.00,0.01,3.00,,11.00
sluggishness,3.00,2.75,0.45,3.00,2.00,3.00,12.00,2.78,0.07,,-0.22,0.22,0.82,0.22,0.00,3.00,0.67,12.00
sportsmanship,4.00,3.30,0.67,3.00,2.00,4.00,10.00,3.15,0.45,,-0.85,0.85,0.54,0.85,0.00,3.00,0.48,10.00
statistician,3.00,2.60,0.70,2.50,2.00,4.00,10.00,2.71,0.00,,-0.29,0.29,0.77,0.29,0.00,3.00,0.48,10.00
stinginess,2.00,2.91,0.54,3.00,2.00,4.00,11.00,2.88,0.17,,0.88,0.88,0.53,0.00,0.88,3.00,0.70,11.00
strategically,3.00,2.75,0.97,3.00,1.00,4.00,12.00,2.79,0.08,,-0.21,0.21,0.82,0.21,0.00,3.00,0.80,12.00
subscribing,3.00,2.75,0.45,3.00,2.00,3.00,12.00,2.61,-0.10,,-0.39,0.39,0.72,0.39,0.00,3.00,0.58,12.00
substitution,3.00,2.82,0.87,3.00,1.00,4.00,11.00,2.87,0.16,,-0.13,0.13,0.88,0.13,0.00,3.00,0.45,11.00
suffocation,2.00,2.55,0.52,3.00,2.00,3.00,11.00,2.66,-0.05,,0.66,0.66,0.60,0.00,0.66,3.00,0.32,11.00
terribly,3.00,2.33,0.71,2.00,1.00,3.00,9.00,2.37,-0.33,,-0.63,0.63,0.61,0.63,0.00,2.00,0.69,9.00
tranquillizing,3.00,3.25,0.75,3.00,2.00,4.00,12.00,3.28,0.58,,0.28,0.28,0.78,0.00,0.28,3.00,0.79,12.00
unassuming,4.00,3.25,0.46,3.00,3.00,4.00,8.00,3.16,0.45,,-0.84,0.84,0.54,0.84,0.00,3.00,0.95,8.00
unbinds,3.00,2.75,0.45,3.00,2.00,3.00,12.00,2.70,-0.01,,-0.30,0.30,0.77,0.30,0.00,3.00,0.32,12.00
uncoiling,3.00,3.00,0.00,3.00,3.00,3.00,12.00,2.86,0.16,,-0.14,0.14,0.88,0.14,0.00,3.00,,12.00
underdeveloped,3.00,2.82,0.40,3.00,2.00,3.00,11.00,2.94,0.24,,-0.06,0.06,0.94,0.06,0.00,3.00,0.53,11.00
unintrusive,3.00,3.00,0.77,3.00,2.00,4.00,11.00,3.07,0.36,,0.07,0.07,0.94,0.00,0.07,3.00,0.69,11.00
unpacking,3.00,3.00,0.00,3.00,3.00,3.00,10.00,2.92,0.22,,-0.08,0.08,0.93,0.08,0.00,3.00,,10.00
unsociable,3.00,2.90,0.57,3.00,2.00,4.00,10.00,2.94,0.23,,-0.06,0.06,0.94,0.06,0.00,3.00,0.61,10.00
untidiness,3.00,3.00,0.00,3.00,3.00,3.00,11.00,3.03,0.33,,0.03,0.03,0.97,0.00,0.03,3.00,,11.00
unwaveringly,4.00,3.45,0.69,4.00,2.00,4.00,11.00,3.53,0.82,,-0.47,0.47,0.68,0.47,0.00,4.00,0.42,11.00
uplifting,3.00,2.82,0.40,3.00,2.00,3.00,11.00,2.77,0.07,,-0.23,0.23,0.82,0.23,0.00,3.00,0.61,11.00
apathetically,5.00,3.50,0.90,4.00,2.00,5.00,12.00,3.51,0.81,,-1.49,1.49,0.40,1.49,0.00,4.00,0.84,12.00
contentiously,3.00,3.69,0.48,4.00,3.00,4.00,13.00,3.60,0.90,,0.60,0.60,0.62,0.00,0.60,4.00,0.60,13.00
conversationalist,4.00,4.25,0.97,4.50,2.00,5.00,12.00,4.06,1.35,,0.06,0.06,0.95,0.00,0.06,4.00,0.62,12.00
coworkers,4.00,3.08,0.79,3.00,2.00,4.00,12.00,3.20,0.50,,-0.80,0.80,0.56,0.80,0.00,3.00,0.50,12.00
demonstratively,5.00,3.50,0.80,3.50,2.00,5.00,12.00,3.48,0.77,,-1.52,1.52,0.40,1.52,0.00,3.00,0.71,12.00
diversifications,4.00,4.42,1.00,4.00,3.00,6.00,12.00,4.26,1.55,,0.26,0.26,0.80,0.00,0.26,4.00,0.76,12.00
editorializes,5.00,4.00,1.21,4.00,2.00,7.00,12.00,3.95,1.24,,-1.05,1.05,0.49,1.05,0.00,4.00,0.70,12.00
experimentalism,4.00,4.11,1.27,4.00,2.00,6.00,9.00,3.94,1.23,,-0.06,0.06,0.94,0.06,0.00,4.00,0.55,9.00
idiomatically,3.00,3.64,0.81,4.00,2.00,5.00,11.00,3.55,0.84,,0.55,0.55,0.65,0.00,0.55,4.00,0.71,11.00
illogicality,4.00,3.45,1.13,4.00,2.00,5.00,11.00,3.45,0.74,,-0.55,0.55,0.64,0.55,0.00,3.00,0.74,11.00
indigestible,4.00,3.50,0.67,3.00,3.00,5.00,12.00,3.39,0.69,,-0.61,0.61,0.62,0.61,0.00,3.00,0.63,12.00
inefficiency,4.00,3.50,0.85,3.50,2.00,5.00,10.00,3.48,0.77,,-0.52,0.52,0.66,0.52,0.00,3.00,0.82,10.00
institutionalising,6.00,4.00,0.67,4.00,3.00,5.00,10.00,4.02,1.32,,-1.98,1.98,0.34,1.98,0.00,4.00,0.78,10.00
institutionalized,6.00,3.69,1.11,4.00,2.00,6.00,13.00,3.82,1.12,,-2.18,2.18,0.31,2.18,0.00,4.00,0.79,13.00
insupportable,3.00,3.58,0.67,3.50,3.00,5.00,12.00,3.41,0.71,,0.41,0.41,0.71,0.00,0.41,3.00,0.60,12.00
interdependence,4.00,4.00,0.77,4.00,3.00,5.00,11.00,3.92,1.22,,-0.08,0.08,0.93,0.08,0.00,4.00,0.47,11.00
invalidated,4.00,3.70,0.82,4.00,2.00,5.00,10.00,3.59,0.88,,-0.41,0.41,0.71,0.41,0.00,4.00,0.48,10.00
legionaries,3.00,3.45,0.52,3.00,3.00,4.00,11.00,3.19,0.48,,0.19,0.19,0.84,0.00,0.19,3.00,0.52,11.00
neocolonialism,5.00,3.82,1.17,4.00,3.00,7.00,11.00,3.68,0.98,,-1.32,1.32,0.43,1.32,0.00,4.00,0.55,11.00
outpatients,3.00,3.18,0.60,3.00,2.00,4.00,11.00,3.09,0.39,,0.09,0.09,0.91,0.00,0.09,3.00,0.53,11.00
overcompensate,4.00,3.45,0.93,4.00,2.00,5.00,11.00,3.43,0.73,,-0.57,0.57,0.64,0.57,0.00,3.00,0.79,11.00
reenactments,5.00,4.09,0.94,4.00,2.00,5.00,11.00,3.88,1.18,,-1.12,1.12,0.47,1.12,0.00,4.00,0.86,11.00
reformatories,4.00,4.09,0.83,4.00,3.00,5.00,11.00,3.98,1.28,,-0.02,0.02,0.98,0.02,0.00,4.00,0.80,11.00
reinventions,5.00,4.00,1.00,4.00,2.00,5.00,9.00,3.89,1.18,,-1.11,1.11,0.47,1.11,0.00,4.00,0.74,9.00
underachievers,4.00,3.64,1.21,4.00,2.00,6.00,11.00,3.60,0.89,,-0.40,0.40,0.71,0.40,0.00,4.00,0.86,11.00
neutralizations,5.00,3.92,0.90,4.00,2.00,5.00,12.00,3.92,1.21,,-1.08,1.08,0.48,1.08,0.00,4.00,0.74,12.00
reformulations,5.00,4.18,1.08,5.00,2.00,5.00,11.00,3.96,1.26,,-1.04,1.04,0.49,1.04,0.00,4.00,0.65,11.00
defectives,3.00,3.50,0.53,3.50,3.00,4.00,8.00,3.38,0.68,,0.38,0.38,0.72,0.00,0.38,3.00,0.56,8.00
hikers,3.00,2.11,0.78,2.00,1.00,3.00,9.00,2.34,-0.36,,-0.66,0.66,0.60,0.66,0.00,2.00,0.81,9.00
linguists,3.00,2.50,0.53,2.50,2.00,3.00,10.00,2.57,-0.14,,-0.43,0.43,0.70,0.43,0.00,3.00,0.73,10.00
snaky,2.00,1.67,0.50,2.00,1.00,2.00,9.00,1.80,-0.91,,-0.20,0.20,0.83,0.20,0.00,2.00,0.03,9.00
snobbier,3.00,2.44,0.53,2.00,2.00,3.00,9.00,2.60,-0.11,,-0.40,0.40,0.71,0.40,0.00,3.00,0.47,9.00
stimulants,3.00,2.33,0.98,2.50,1.00,4.00,12.00,2.46,-0.24,,-0.54,0.54,0.65,0.54,0.00,2.00,0.75,12.00
worthy,2.00,1.82,0.40,2.00,1.00,2.00,11.00,1.96,-0.75,,-0.04,0.04,0.96,0.04,0.00,2.00,0.52,11.00
freer,2.00,1.75,0.45,2.00,1.00,2.00,12.00,1.89,-0.81,,-0.11,0.11,0.90,0.11,0.00,2.00,0.34,12.00
swearers,3.00,2.58,0.67,3.00,1.00,3.00,12.00,2.56,-0.15,,-0.44,0.44,0.69,0.44,0.00,3.00,0.03,12.00
adheres,3.00,2.73,0.47,3.00,2.00,3.00,11.00,2.72,0.02,,-0.28,0.28,0.78,0.28,0.00,3.00,-0.29,11.00
binder,2.00,2.09,0.30,2.00,2.00,3.00,11.00,2.10,-0.61,,0.10,0.10,0.91,0.00,0.10,2.00,0.32,11.00
blotter,2.00,1.90,0.32,2.00,1.00,2.00,10.00,2.02,-0.68,,0.02,0.02,0.98,0.00,0.02,2.00,0.70,10.00
blotters,3.00,2.20,0.63,2.00,1.00,3.00,10.00,2.41,-0.29,,-0.59,0.59,0.63,0.59,0.00,2.00,0.53,10.00
brighten,2.00,1.91,0.30,2.00,1.00,2.00,11.00,1.75,-0.95,,-0.25,0.25,0.80,0.25,0.00,2.00,-0.21,11.00
centrist,2.00,2.18,0.40,2.00,2.00,3.00,11.00,2.17,-0.53,,0.17,0.17,0.85,0.00,0.17,2.00,0.30,11.00
chaser,2.00,2.09,0.30,2.00,2.00,3.00,11.00,2.23,-0.48,,0.23,0.23,0.82,0.00,0.23,2.00,0.46,11.00
coaster,2.00,1.92,0.51,2.00,1.00,3.00,12.00,1.99,-0.71,,-0.01,0.01,0.99,0.01,0.00,2.00,0.58,12.00
confine,2.00,1.77,0.44,2.00,1.00,2.00,13.00,1.86,-0.85,,-0.14,0.14,0.87,0.14,0.00,2.00,0.38,13.00
crammer,2.00,2.08,0.29,2.00,2.00,3.00,12.00,2.02,-0.69,,0.02,0.02,0.98,0.00,0.02,2.00,0.09,12.00
cursive,2.00,1.45,0.52,1.00,1.00,2.00,11.00,1.69,-1.01,,-0.31,0.31,0.76,0.31,0.00,2.00,0.46,11.00
cutters,3.00,2.40,0.70,2.50,1.00,3.00,10.00,2.49,-0.22,,-0.51,0.51,0.66,0.51,0.00,2.00,0.34,10.00
debtors,3.00,2.38,0.65,2.00,1.00,3.00,13.00,2.49,-0.21,,-0.51,0.51,0.66,0.51,0.00,2.00,0.50,13.00
discards,3.00,2.67,0.49,3.00,2.00,3.00,12.00,2.66,-0.04,,-0.34,0.34,0.75,0.34,0.00,3.00,-0.58,12.00
displease,2.00,2.10,0.32,2.00,2.00,3.00,10.00,2.04,-0.67,,0.04,0.04,0.97,0.00,0.04,2.00,-0.25,10.00
ejects,3.00,2.27,0.65,2.00,1.00,3.00,11.00,2.26,-0.44,,-0.74,0.74,0.58,0.74,0.00,2.00,0.38,11.00
encode,2.00,2.00,0.00,2.00,2.00,2.00,12.00,2.00,-0.71,,0.00,0.00,1.00,0.00,0.00,2.00,,12.00
ensnare,2.00,2.00,0.00,2.00,2.00,2.00,11.00,2.15,-0.56,,0.15,0.15,0.87,0.00,0.15,2.00,,11.00
feeders,3.00,2.71,0.49,3.00,2.00,3.00,7.00,2.54,-0.17,,-0.46,0.46,0.68,0.46,0.00,3.00,-0.09,7.00
fighters,3.00,2.50,0.53,2.50,2.00,3.00,10.00,2.43,-0.27,,-0.57,0.57,0.64,0.57,0.00,2.00,-0.38,10.00
flaky,2.00,1.82,0.40,2.00,1.00,2.00,11.00,1.64,-1.06,,-0.36,0.36,0.74,0.36,0.00,2.00,0.63,11.00
forefront,2.00,2.00,0.00,2.00,2.00,2.00,11.00,2.04,-0.66,,0.04,0.04,0.96,0.00,0.04,2.00,,11.00
forelegs,3.00,2.64,0.50,3.00,2.00,3.00,11.00,2.61,-0.10,,-0.39,0.39,0.72,0.39,0.00,3.00,-0.24,11.00
foursomes,3.00,2.78,0.44,3.00,2.00,3.00,9.00,2.71,0.01,,-0.29,0.29,0.78,0.29,0.00,3.00,-0.17,9.00
frontage,2.00,1.91,0.30,2.00,1.00,2.00,11.00,1.91,-0.80,,-0.09,0.09,0.91,0.09,0.00,2.00,0.19,11.00
goners,3.00,2.64,0.67,3.00,2.00,4.00,11.00,2.59,-0.11,,-0.41,0.41,0.71,0.41,0.00,3.00,0.22,11.00
graphic,2.00,1.80,0.42,2.00,1.00,2.00,10.00,1.69,-1.02,,-0.31,0.31,0.76,0.31,0.00,2.00,0.62,10.00
halftime,2.00,1.91,0.30,2.00,1.00,2.00,11.00,1.99,-0.71,,-0.01,0.01,0.99,0.01,0.00,2.00,0.61,11.00
hoarders,3.00,2.50,0.71,3.00,1.00,3.00,10.00,2.47,-0.24,,-0.53,0.53,0.65,0.53,0.00,2.00,0.54,10.00
knobby,2.00,1.75,0.46,2.00,1.00,2.00,8.00,1.81,-0.90,,-0.19,0.19,0.84,0.19,0.00,2.00,0.42,8.00
leaky,2.00,1.89,0.33,2.00,1.00,2.00,9.00,1.87,-0.83,,-0.13,0.13,0.89,0.13,0.00,2.00,0.30,9.00
looseness,2.00,2.10,0.32,2.00,2.00,3.00,10.00,2.09,-0.61,,0.09,0.09,0.92,0.00,0.09,2.00,0.61,10.00
loosens,3.00,2.54,0.66,3.00,1.00,3.00,13.00,2.57,-0.14,,-0.43,0.43,0.70,0.43,0.00,3.00,0.61,13.00
lowness,2.00,1.92,0.51,2.00,1.00,3.00,12.00,2.03,-0.67,,0.03,0.03,0.97,0.00,0.03,2.00,0.43,12.00
misquote,2.00,2.00,0.00,2.00,2.00,2.00,10.00,2.02,-0.69,,0.02,0.02,0.98,0.00,0.02,2.00,,10.00
nimbly,2.00,2.10,0.32,2.00,2.00,3.00,10.00,2.08,-0.62,,0.08,0.08,0.93,0.00,0.08,2.00,0.53,10.00
nobly,2.00,2.00,0.47,2.00,1.00,3.00,10.00,1.88,-0.83,,-0.12,0.12,0.89,0.12,0.00,2.00,0.29,10.00
northwards,3.00,2.58,0.51,3.00,2.00,3.00,12.00,2.50,-0.21,,-0.50,0.50,0.66,0.50,0.00,2.00,0.06,12.00
overhears,3.00,2.83,0.39,3.00,2.00,3.00,12.00,2.60,-0.11,,-0.40,0.40,0.71,0.40,0.00,3.00,-0.19,12.00
oversights,3.00,2.70,0.48,3.00,2.00,3.00,10.00,2.60,-0.11,,-0.40,0.40,0.71,0.40,0.00,3.00,0.21,10.00
payment,2.00,2.00,0.00,2.00,2.00,2.00,9.00,1.85,-0.85,,-0.15,0.15,0.87,0.15,0.00,2.00,,9.00
perceives,3.00,2.38,0.65,2.00,1.00,3.00,13.00,2.48,-0.23,,-0.52,0.52,0.66,0.52,0.00,2.00,0.56,13.00
plainly,2.00,1.91,0.30,2.00,1.00,2.00,11.00,2.02,-0.68,,0.02,0.02,0.98,0.00,0.02,2.00,0.32,11.00
poorer,2.00,1.92,0.28,2.00,1.00,2.00,13.00,2.02,-0.69,,0.02,0.02,0.98,0.00,0.02,2.00,0.62,13.00
postwar,2.00,2.09,0.30,2.00,2.00,3.00,11.00,1.86,-0.85,,-0.14,0.14,0.87,0.14,0.00,2.00,-0.57,11.00
pulsate,2.00,2.00,0.43,2.00,1.00,3.00,12.00,2.15,-0.55,,0.15,0.15,0.87,0.00,0.15,2.00,0.48,12.00
pushy,2.00,1.92,0.51,2.00,1.00,3.00,12.00,1.91,-0.79,,-0.09,0.09,0.92,0.09,0.00,2.00,-0.18,12.00
recasts,3.00,2.70,0.48,3.00,2.00,3.00,10.00,2.64,-0.07,,-0.36,0.36,0.73,0.36,0.00,3.00,-0.32,10.00
recedes,3.00,2.38,0.65,2.00,1.00,3.00,13.00,2.15,-0.55,,-0.85,0.85,0.54,0.85,0.00,2.00,0.28,13.00
renames,3.00,2.64,0.50,3.00,2.00,3.00,11.00,2.59,-0.11,,-0.41,0.41,0.71,0.41,0.00,3.00,0.21,11.00
resale,2.00,1.92,0.28,2.00,1.00,2.00,13.00,1.98,-0.73,,-0.02,0.02,0.98,0.02,0.00,2.00,0.76,13.00
screwy,2.00,2.10,0.57,2.00,1.00,3.00,10.00,2.14,-0.57,,0.14,0.14,0.88,0.00,0.14,2.00,0.65,10.00
shaven,2.00,2.00,0.45,2.00,1.00,3.00,11.00,2.07,-0.63,,0.07,0.07,0.93,0.00,0.07,2.00,0.20,11.00
shrillest,2.00,2.08,0.28,2.00,2.00,3.00,13.00,2.18,-0.53,,0.18,0.18,0.85,0.00,0.18,2.00,0.54,13.00
skywards,3.00,2.42,0.51,2.00,2.00,3.00,12.00,2.37,-0.33,,-0.63,0.63,0.61,0.63,0.00,2.00,0.17,12.00
snooper,2.00,2.00,0.00,2.00,2.00,2.00,12.00,2.00,-0.71,,0.00,0.00,1.00,0.00,0.00,2.00,,12.00
spinal,2.00,1.82,0.40,2.00,1.00,2.00,11.00,1.88,-0.82,,-0.12,0.12,0.90,0.12,0.00,2.00,0.56,11.00
sporty,2.00,1.91,0.30,2.00,1.00,2.00,11.00,1.95,-0.75,,-0.05,0.05,0.96,0.05,0.00,2.00,0.24,11.00
statehood,2.00,2.00,0.00,2.00,2.00,2.00,11.00,1.92,-0.79,,-0.08,0.08,0.92,0.08,0.00,2.00,,11.00
steamers,3.00,2.10,0.74,2.00,1.00,3.00,10.00,2.16,-0.54,,-0.84,0.84,0.54,0.84,0.00,2.00,0.61,10.00
stinker,2.00,2.00,0.43,2.00,1.00,3.00,12.00,2.05,-0.66,,0.05,0.05,0.95,0.00,0.05,2.00,0.72,12.00
sublets,3.00,2.45,0.52,2.00,2.00,3.00,11.00,2.45,-0.26,,-0.55,0.55,0.64,0.55,0.00,2.00,0.44,11.00
suitors,3.00,2.25,0.87,2.50,1.00,3.00,12.00,2.36,-0.35,,-0.64,0.64,0.61,0.64,0.00,2.00,0.75,12.00
tanker,2.00,2.00,0.00,2.00,2.00,2.00,9.00,2.04,-0.66,,0.04,0.04,0.96,0.00,0.04,2.00,,9.00
thinly,2.00,2.00,0.00,2.00,2.00,2.00,11.00,2.05,-0.66,,0.05,0.05,0.96,0.00,0.05,2.00,,11.00
tillage,2.00,2.00,0.45,2.00,1.00,3.00,11.00,2.05,-0.65,,0.05,0.05,0.95,0.00,0.05,2.00,0.65,11.00
toothless,2.00,2.11,0.33,2.00,2.00,3.00,9.00,1.99,-0.71,,-0.01,0.01,0.99,0.01,0.00,2.00,0.21,9.00
touchy,2.00,2.00,0.45,2.00,1.00,3.00,11.00,1.95,-0.76,,-0.05,0.05,0.95,0.05,0.00,2.00,0.41,11.00
unformed,3.00,2.80,0.42,3.00,2.00,3.00,10.00,2.72,0.01,,-0.28,0.28,0.78,0.28,0.00,3.00,-0.25,10.00
unwell,2.00,2.00,0.00,2.00,2.00,2.00,12.00,2.07,-0.64,,0.07,0.07,0.94,0.00,0.07,2.00,,12.00
upstage,2.00,1.91,0.30,2.00,1.00,2.00,11.00,1.91,-0.80,,-0.09,0.09,0.92,0.09,0.00,2.00,0.34,11.00
wakeful,2.00,2.00,0.00,2.00,2.00,2.00,10.00,1.90,-0.80,,-0.10,0.10,0.91,0.10,0.00,2.00,,10.00
weakness,2.00,2.00,0.00,2.00,2.00,2.00,11.00,2.05,-0.66,,0.05,0.05,0.96,0.00,0.05,2.00,,11.00
wintry,2.00,1.91,0.83,2.00,1.00,4.00,11.00,1.93,-0.77,,-0.07,0.07,0.94,0.07,0.00,2.00,0.68,11.00
accessions,4.00,2.80,0.79,3.00,2.00,4.00,10.00,2.81,0.11,,-1.19,1.19,0.46,1.19,0.00,3.00,0.81,10.00
achievements,3.00,2.67,0.65,3.00,1.00,3.00,12.00,2.73,0.03,,-0.27,0.27,0.79,0.27,0.00,3.00,0.63,12.00
addictions,3.00,2.67,1.00,3.00,1.00,4.00,9.00,2.69,-0.02,,-0.31,0.31,0.76,0.31,0.00,3.00,0.88,9.00
admission,3.00,2.11,0.78,2.00,1.00,3.00,9.00,2.13,-0.57,,-0.87,0.87,0.54,0.87,0.00,2.00,0.86,9.00
aftereffects,4.00,3.00,0.45,3.00,2.00,4.00,11.00,2.88,0.17,,-1.12,1.12,0.47,1.12,0.00,3.00,0.72,11.00
aimlessness,3.00,3.00,0.00,3.00,3.00,3.00,12.00,3.05,0.35,,0.05,0.05,0.95,0.00,0.05,3.00,,12.00
assignment,2.00,2.64,0.50,3.00,2.00,3.00,11.00,2.40,-0.31,,0.40,0.40,0.71,0.00,0.40,2.00,0.65,11.00
auctioneer,2.00,2.17,0.39,2.00,2.00,3.00,12.00,2.14,-0.56,,0.14,0.14,0.88,0.00,0.14,2.00,0.59,12.00
betrayal,2.00,2.83,0.39,3.00,2.00,3.00,12.00,2.74,0.03,,0.74,0.74,0.58,0.00,0.74,3.00,0.49,12.00
bewildered,2.00,3.27,0.79,3.00,2.00,4.00,11.00,3.21,0.51,,1.21,1.21,0.45,0.00,1.21,3.00,0.36,11.00
bounciest,3.00,2.73,0.65,3.00,2.00,4.00,11.00,2.67,-0.04,,-0.33,0.33,0.75,0.33,0.00,3.00,0.46,11.00
broadcaster,3.00,2.50,0.67,3.00,1.00,3.00,12.00,2.58,-0.13,,-0.42,0.42,0.70,0.42,0.00,3.00,0.55,12.00
censorships,3.00,3.08,0.51,3.00,2.00,4.00,12.00,3.02,0.31,,0.02,0.02,0.98,0.00,0.02,3.00,0.82,12.00
centipedes,3.00,3.27,0.47,3.00,3.00,4.00,11.00,2.90,0.19,,-0.10,0.10,0.91,0.10,0.00,3.00,0.60,11.00
cheapening,3.00,2.64,0.50,3.00,2.00,3.00,11.00,2.63,-0.07,,-0.37,0.37,0.73,0.37,0.00,3.00,0.59,11.00
childishness,3.00,3.08,0.29,3.00,3.00,4.00,12.00,2.89,0.18,,-0.11,0.11,0.90,0.11,0.00,3.00,0.51,12.00
chunkier,3.00,2.31,0.48,2.00,2.00,3.00,13.00,2.29,-0.41,,-0.71,0.71,0.59,0.71,0.00,2.00,0.55,13.00
clothier,2.00,2.22,0.44,2.00,2.00,3.00,9.00,2.36,-0.35,,0.36,0.36,0.74,0.00,0.36,2.00,0.30,9.00
clumsier,2.00,2.22,0.44,2.00,2.00,3.00,9.00,2.30,-0.40,,0.30,0.30,0.77,0.00,0.30,2.00,0.33,9.00
coexisting,4.00,3.00,0.47,3.00,2.00,4.00,10.00,2.94,0.23,,-1.06,1.06,0.48,1.06,0.00,3.00,0.51,10.00
confection,3.00,2.45,0.69,3.00,1.00,3.00,11.00,2.37,-0.33,,-0.63,0.63,0.61,0.63,0.00,2.00,0.61,11.00
conjugate,3.00,2.45,0.69,3.00,1.00,3.00,11.00,2.33,-0.37,,-0.67,0.67,0.60,0.67,0.00,2.00,0.10,11.00
conservators,3.00,3.40,1.07,3.00,2.00,5.00,10.00,3.26,0.56,,0.26,0.26,0.79,0.00,0.26,3.00,0.68,10.00
contender,2.00,2.58,0.51,3.00,2.00,3.00,12.00,2.58,-0.13,,0.58,0.58,0.63,0.00,0.58,3.00,0.62,12.00
cookery,2.00,2.40,0.52,2.00,2.00,3.00,10.00,2.49,-0.22,,0.49,0.49,0.67,0.00,0.49,2.00,0.68,10.00
corrosive,2.00,2.58,0.90,2.50,1.00,4.00,12.00,2.52,-0.18,,0.52,0.52,0.66,0.00,0.52,3.00,0.64,12.00
cozier,2.00,2.27,0.47,2.00,2.00,3.00,11.00,2.26,-0.44,,0.26,0.26,0.79,0.00,0.26,2.00,0.86,11.00
decoder,3.00,2.80,0.42,3.00,2.00,3.00,10.00,2.87,0.17,,-0.13,0.13,0.89,0.13,0.00,3.00,0.55,10.00
deducting,3.00,2.64,0.50,3.00,2.00,3.00,11.00,2.73,0.03,,-0.27,0.27,0.79,0.27,0.00,3.00,0.86,11.00
defecation,2.00,2.73,0.79,3.00,2.00,4.00,11.00,2.84,0.14,,0.84,0.84,0.54,0.00,0.84,3.00,0.41,11.00
disabled,3.00,2.80,0.42,3.00,2.00,3.00,10.00,2.72,0.02,,-0.28,0.28,0.78,0.28,0.00,3.00,0.53,10.00
disagree,2.00,2.20,0.42,2.00,2.00,3.00,10.00,2.18,-0.52,,0.18,0.18,0.84,0.00,0.18,2.00,0.05,10.00
dispatching,3.00,2.73,0.47,3.00,2.00,3.00,11.00,2.78,0.08,,-0.22,0.22,0.82,0.22,0.00,3.00,0.60,11.00
dissection,3.00,2.58,0.51,3.00,2.00,3.00,12.00,2.66,-0.04,,-0.34,0.34,0.75,0.34,0.00,3.00,0.64,12.00
distiller,2.00,2.62,0.65,3.00,2.00,4.00,13.00,2.55,-0.16,,0.55,0.55,0.65,0.00,0.55,3.00,0.42,13.00
disunite,3.00,2.25,0.45,2.00,2.00,3.00,12.00,2.25,-0.45,,-0.75,0.75,0.57,0.75,0.00,2.00,0.76,12.00
dreamily,3.00,2.33,0.65,2.00,1.00,3.00,12.00,2.34,-0.36,,-0.66,0.66,0.60,0.66,0.00,2.00,0.91,12.00
enraged,3.00,2.91,0.30,3.00,2.00,3.00,11.00,2.73,0.02,,-0.27,0.27,0.79,0.27,0.00,3.00,0.23,11.00
exclusion,3.00,2.60,0.52,3.00,2.00,3.00,10.00,2.59,-0.12,,-0.41,0.41,0.71,0.41,0.00,3.00,0.63,10.00
faultlessly,3.00,3.00,0.00,3.00,3.00,3.00,10.00,2.95,0.25,,-0.05,0.05,0.95,0.05,0.00,3.00,,10.00
favorites,3.00,2.64,0.63,3.00,2.00,4.00,14.00,2.56,-0.14,,-0.44,0.44,0.70,0.44,0.00,3.00,0.75,14.00
fickleness,2.00,2.70,0.67,3.00,2.00,4.00,10.00,2.59,-0.11,,0.59,0.59,0.63,0.00,0.59,3.00,0.64,10.00
financial,2.00,2.18,0.60,2.00,1.00,3.00,11.00,2.27,-0.44,,0.27,0.27,0.79,0.00,0.27,2.00,0.66,11.00
flimsier,2.00,2.27,0.65,2.00,1.00,3.00,11.00,2.41,-0.29,,0.41,0.41,0.71,0.00,0.41,2.00,0.85,11.00
formulate,2.00,2.64,0.50,3.00,2.00,3.00,11.00,2.58,-0.13,,0.58,0.58,0.63,0.00,0.58,3.00,0.77,11.00
gentleness,2.00,2.60,0.52,3.00,2.00,3.00,10.00,2.51,-0.19,,0.51,0.51,0.66,0.00,0.51,3.00,0.62,10.00
gloomier,3.00,2.55,0.69,3.00,1.00,3.00,11.00,2.50,-0.21,,-0.50,0.50,0.67,0.50,0.00,2.00,0.90,11.00
greasier,3.00,2.50,0.53,2.50,2.00,3.00,10.00,2.49,-0.21,,-0.51,0.51,0.66,0.51,0.00,2.00,0.21,10.00
hemispheres,3.00,3.08,0.51,3.00,2.00,4.00,12.00,2.92,0.21,,-0.08,0.08,0.93,0.08,0.00,3.00,0.45,12.00
hesitancy,3.00,2.58,0.79,3.00,1.00,4.00,12.00,2.52,-0.19,,-0.48,0.48,0.67,0.48,0.00,3.00,0.90,12.00
horribly,3.00,2.08,0.51,2.00,1.00,3.00,12.00,2.08,-0.63,,-0.92,0.92,0.52,0.92,0.00,2.00,0.70,12.00
hostesses,3.00,2.83,0.39,3.00,2.00,3.00,12.00,2.79,0.08,,-0.21,0.21,0.83,0.21,0.00,3.00,0.49,12.00
humorous,2.00,2.36,0.50,2.00,2.00,3.00,11.00,2.21,-0.50,,0.21,0.21,0.83,0.00,0.21,2.00,0.73,11.00
impractical,4.00,3.09,0.70,3.00,2.00,4.00,11.00,2.90,0.19,,-1.10,1.10,0.48,1.10,0.00,3.00,0.79,11.00
inflating,3.00,2.82,0.40,3.00,2.00,3.00,11.00,2.84,0.13,,-0.16,0.16,0.86,0.16,0.00,3.00,0.41,11.00
intrusive,3.00,2.25,0.75,2.00,1.00,3.00,12.00,2.26,-0.45,,-0.74,0.74,0.57,0.74,0.00,2.00,0.80,12.00
lawfulness,3.00,2.91,0.30,3.00,2.00,3.00,11.00,2.80,0.09,,-0.20,0.20,0.83,0.20,0.00,3.00,0.23,11.00
lobbyist,2.00,2.27,0.47,2.00,2.00,3.00,11.00,2.44,-0.26,,0.44,0.44,0.69,0.00,0.44,2.00,0.54,11.00
mannerly,2.00,2.82,0.40,3.00,2.00,3.00,11.00,2.53,-0.17,,0.53,0.53,0.65,0.00,0.53,3.00,0.58,11.00
marketeers,3.00,2.58,0.51,3.00,2.00,3.00,12.00,2.65,-0.05,,-0.35,0.35,0.74,0.35,0.00,3.00,0.50,12.00
marvellous,2.00,2.44,0.73,3.00,1.00,3.00,9.00,2.41,-0.30,,0.41,0.41,0.71,0.00,0.41,2.00,0.78,9.00
messiness,3.00,2.45,0.69,3.00,1.00,3.00,11.00,2.47,-0.23,,-0.53,0.53,0.65,0.53,0.00,2.00,0.25,11.00
mileage,2.00,2.18,0.40,2.00,2.00,3.00,11.00,2.28,-0.43,,0.28,0.28,0.78,0.00,0.28,2.00,0.31,11.00
misapply,2.00,2.20,0.42,2.00,2.00,3.00,10.00,2.35,-0.36,,0.35,0.35,0.74,0.00,0.35,2.00,0.86,10.00
misfires,3.00,2.73,0.47,3.00,2.00,3.00,11.00,2.59,-0.12,,-0.41,0.41,0.71,0.41,0.00,3.00,0.46,11.00
musician,2.00,2.33,0.49,2.00,2.00,3.00,12.00,2.25,-0.46,,0.25,0.25,0.80,0.00,0.25,2.00,0.70,12.00
nonentity,2.00,2.67,0.50,3.00,2.00,3.00,9.00,2.63,-0.08,,0.63,0.63,0.61,0.00,0.63,3.00,0.68,9.00
numerals,3.00,2.45,0.52,2.00,2.00,3.00,11.00,2.44,-0.26,,-0.56,0.56,0.64,0.56,0.00,2.00,0.67,11.00
oppression,3.00,2.58,0.67,3.00,1.00,3.00,12.00,2.40,-0.30,,-0.60,0.60,0.63,0.60,0.00,2.00,0.89,12.00
overacting,3.00,2.75,0.45,3.00,2.00,3.00,12.00,2.74,0.04,,-0.26,0.26,0.79,0.26,0.00,3.00,0.51,12.00
overdone,2.00,2.33,0.49,2.00,2.00,3.00,12.00,2.38,-0.32,,0.38,0.38,0.72,0.00,0.38,2.00,0.51,12.00
overdrawn,3.00,2.50,0.52,2.50,2.00,3.00,12.00,2.37,-0.34,,-0.63,0.63,0.61,0.63,0.00,2.00,0.50,12.00
overflew,2.00,2.27,0.47,2.00,2.00,3.00,11.00,2.26,-0.44,,0.26,0.26,0.79,0.00,0.26,2.00,0.43,11.00
perception,3.00,2.17,0.72,2.00,1.00,3.00,12.00,2.25,-0.46,,-0.75,0.75,0.57,0.75,0.00,2.00,0.79,12.00
prejudgement,3.00,3.18,0.40,3.00,3.00,4.00,11.00,2.93,0.22,,-0.07,0.07,0.93,0.07,0.00,3.00,0.42,11.00
prospector,3.00,2.75,0.62,3.00,1.00,3.00,12.00,2.70,-0.01,,-0.30,0.30,0.77,0.30,0.00,3.00,0.52,12.00
publicized,3.00,2.83,0.58,3.00,2.00,4.00,12.00,2.67,-0.03,,-0.33,0.33,0.75,0.33,0.00,3.00,0.53,12.00
publicly,2.00,2.17,0.58,2.00,1.00,3.00,12.00,2.28,-0.42,,0.28,0.28,0.78,0.00,0.28,2.00,0.80,12.00
recognise,3.00,2.33,0.78,2.50,1.00,3.00,12.00,2.30,-0.41,,-0.70,0.70,0.59,0.70,0.00,2.00,0.51,12.00
redundancy,3.00,3.13,0.64,3.00,2.00,4.00,8.00,3.06,0.35,,0.06,0.06,0.95,0.00,0.06,3.00,0.09,8.00
relation,2.00,2.33,0.49,2.00,2.00,3.00,12.00,2.39,-0.32,,0.39,0.39,0.72,0.00,0.39,2.00,0.52,12.00
remorseless,2.00,2.88,0.35,3.00,2.00,3.00,8.00,2.69,-0.01,,0.69,0.69,0.59,0.00,0.69,3.00,-0.29,8.00
restocking,3.00,2.85,0.38,3.00,2.00,3.00,13.00,2.76,0.06,,-0.24,0.24,0.81,0.24,0.00,3.00,0.30,13.00
secretly,2.00,2.45,0.52,2.00,2.00,3.00,11.00,2.35,-0.35,,0.35,0.35,0.74,0.00,0.35,2.00,0.58,11.00
seventieth,3.00,2.69,0.48,3.00,2.00,3.00,13.00,2.58,-0.13,,-0.42,0.42,0.70,0.42,0.00,3.00,0.61,13.00
shabbily,2.00,2.44,0.53,2.00,2.00,3.00,9.00,2.40,-0.30,,0.40,0.40,0.71,0.00,0.40,2.00,0.79,9.00
silliness,2.00,2.33,0.50,2.00,2.00,3.00,9.00,2.32,-0.39,,0.32,0.32,0.76,0.00,0.32,2.00,0.50,9.00
sisterhoods,3.00,2.64,0.92,3.00,1.00,4.00,11.00,2.74,0.04,,-0.26,0.26,0.80,0.26,0.00,3.00,0.74,11.00
solidly,2.00,2.09,0.30,2.00,2.00,3.00,11.00,2.17,-0.54,,0.17,0.17,0.86,0.00,0.17,2.00,0.56,11.00
spiciness,3.00,2.50,0.67,3.00,1.00,3.00,12.00,2.63,-0.08,,-0.37,0.37,0.73,0.37,0.00,3.00,0.60,12.00
sportingly,3.00,3.00,0.00,3.00,3.00,3.00,9.00,2.77,0.06,,-0.23,0.23,0.81,0.23,0.00,3.00,,9.00
squeakier,3.00,2.82,0.60,3.00,2.00,4.00,11.00,2.78,0.07,,-0.22,0.22,0.82,0.22,0.00,3.00,0.21,11.00
statuettes,3.00,2.85,0.38,3.00,2.00,3.00,13.00,2.73,0.03,,-0.27,0.27,0.79,0.27,0.00,3.00,0.33,13.00
stewardess,2.00,2.40,0.70,2.50,1.00,3.00,10.00,2.44,-0.26,,0.44,0.44,0.69,0.00,0.44,2.00,0.79,10.00
stuffiest,3.00,2.55,0.52,3.00,2.00,3.00,11.00,2.55,-0.15,,-0.45,0.45,0.69,0.45,0.00,3.00,0.56,11.00
subheading,3.00,2.92,0.29,3.00,2.00,3.00,12.00,2.98,0.28,,-0.02,0.02,0.98,0.02,0.00,3.00,0.39,12.00
summarized,3.00,2.75,0.75,3.00,2.00,4.00,12.00,2.76,0.06,,-0.24,0.24,0.81,0.24,0.00,3.00,0.74,12.00
surveillance,2.00,2.38,0.51,2.00,2.00,3.00,13.00,2.40,-0.31,,0.40,0.40,0.71,0.00,0.40,2.00,0.86,13.00
suspenders,4.00,2.92,0.79,3.00,1.00,4.00,12.00,2.80,0.10,,-1.20,1.20,0.45,1.20,0.00,3.00,0.82,12.00
sweetening,3.00,2.91,0.54,3.00,2.00,4.00,11.00,2.94,0.24,,-0.06,0.06,0.94,0.06,0.00,3.00,0.18,11.00
swindlers,3.00,2.64,0.50,3.00,2.00,3.00,11.00,2.76,0.06,,-0.24,0.24,0.81,0.24,0.00,3.00,0.30,11.00
unbelief,2.00,2.27,0.47,2.00,2.00,3.00,11.00,2.39,-0.32,,0.39,0.39,0.72,0.00,0.39,2.00,0.62,11.00
understate,2.00,2.33,0.49,2.00,2.00,3.00,12.00,2.36,-0.35,,0.36,0.36,0.74,0.00,0.36,2.00,0.64,12.00
unfastens,3.00,3.42,0.67,3.50,2.00,4.00,12.00,3.31,0.61,,0.31,0.31,0.76,0.00,0.31,3.00,0.48,12.00
unlisted,3.00,2.92,0.29,3.00,2.00,3.00,12.00,2.83,0.12,,-0.17,0.17,0.85,0.17,0.00,3.00,0.56,12.00
untangles,3.00,2.75,0.45,3.00,2.00,3.00,12.00,2.79,0.09,,-0.21,0.21,0.83,0.21,0.00,3.00,0.59,12.00
unthinking,3.00,2.85,0.38,3.00,2.00,3.00,13.00,2.88,0.17,,-0.12,0.12,0.89,0.12,0.00,3.00,0.65,13.00
usages,3.00,2.27,0.79,2.00,1.00,3.00,11.00,2.38,-0.32,,-0.62,0.62,0.62,0.62,0.00,2.00,0.90,11.00
visitor,2.00,2.27,0.47,2.00,2.00,3.00,11.00,2.27,-0.43,,0.27,0.27,0.78,0.00,0.27,2.00,0.69,11.00
woodenly,3.00,3.00,0.00,3.00,3.00,3.00,11.00,2.91,0.21,,-0.09,0.09,0.92,0.09,0.00,3.00,,11.00
abortionists,4.00,3.46,0.52,3.00,3.00,4.00,13.00,3.35,0.65,,-0.65,0.65,0.61,0.65,0.00,3.00,0.75,13.00
advisable,2.00,2.70,0.95,3.00,1.00,4.00,10.00,2.68,-0.03,,0.68,0.68,0.60,0.00,0.68,3.00,0.61,10.00
ambitiousness,3.00,3.17,0.83,3.00,2.00,4.00,12.00,3.02,0.31,,0.02,0.02,0.98,0.00,0.02,3.00,0.60,12.00
atypical,4.00,2.50,0.71,2.00,2.00,4.00,10.00,2.51,-0.20,,-1.49,1.49,0.40,1.49,0.00,3.00,0.69,10.00
coexistent,4.00,3.27,0.65,3.00,2.00,4.00,11.00,3.21,0.50,,-0.79,0.79,0.56,0.79,0.00,3.00,0.91,11.00
computerize,4.00,2.82,0.75,3.00,2.00,4.00,11.00,2.79,0.08,,-1.21,1.21,0.45,1.21,0.00,3.00,0.47,11.00
consequential,3.00,3.15,1.14,3.00,1.00,5.00,13.00,3.03,0.33,,0.03,0.03,0.97,0.00,0.03,3.00,0.77,13.00
contrivance,2.00,2.55,0.82,3.00,1.00,4.00,11.00,2.60,-0.11,,0.60,0.60,0.63,0.00,0.60,3.00,0.72,11.00
counteraction,3.00,3.00,0.71,3.00,2.00,4.00,9.00,2.88,0.18,,-0.12,0.12,0.90,0.12,0.00,3.00,0.80,9.00
dangerous,2.00,2.36,0.81,2.00,1.00,4.00,11.00,2.38,-0.33,,0.38,0.38,0.73,0.00,0.38,2.00,0.87,11.00
deforesting,3.00,3.15,0.38,3.00,3.00,4.00,13.00,3.11,0.41,,0.11,0.11,0.90,0.00,0.11,3.00,0.80,13.00
disabling,3.00,3.10,0.32,3.00,3.00,4.00,10.00,2.90,0.20,,-0.10,0.10,0.91,0.10,0.00,3.00,0.38,10.00
disinterest,2.00,2.75,0.87,2.50,2.00,4.00,12.00,2.76,0.06,,0.76,0.76,0.57,0.00,0.76,3.00,0.66,12.00
displacing,3.00,2.92,0.67,3.00,1.00,4.00,12.00,2.80,0.09,,-0.20,0.20,0.83,0.20,0.00,3.00,0.62,12.00
dynamically,3.00,3.00,0.67,3.00,2.00,4.00,10.00,2.93,0.22,,-0.07,0.07,0.93,0.07,0.00,3.00,0.87,10.00
electioneers,4.00,3.36,1.03,3.00,1.00,5.00,11.00,3.26,0.56,,-0.74,0.74,0.58,0.74,0.00,3.00,0.96,11.00
equinoxes,3.00,2.86,0.77,3.00,2.00,4.00,14.00,2.68,-0.02,,-0.32,0.32,0.76,0.32,0.00,3.00,0.74,14.00
estimation,3.00,2.44,1.01,3.00,1.00,4.00,9.00,2.50,-0.21,,-0.50,0.50,0.66,0.50,0.00,2.00,0.74,9.00
executioners,5.00,3.45,0.69,4.00,2.00,4.00,11.00,3.43,0.72,,-1.57,1.57,0.39,1.57,0.00,3.00,0.35,11.00
extortionist,4.00,3.36,0.67,3.00,2.00,4.00,11.00,3.21,0.51,,-0.79,0.79,0.56,0.79,0.00,3.00,0.79,11.00
fixedly,3.00,2.82,0.60,3.00,2.00,4.00,11.00,2.69,-0.02,,-0.31,0.31,0.76,0.31,0.00,3.00,0.53,11.00
hypnotising,4.00,3.08,0.90,3.00,2.00,4.00,12.00,2.89,0.18,,-1.11,1.11,0.47,1.11,0.00,3.00,0.85,12.00
hysterical,3.00,2.77,1.01,3.00,1.00,4.00,13.00,2.61,-0.09,,-0.39,0.39,0.72,0.39,0.00,3.00,0.87,13.00
immigration,4.00,3.00,0.77,3.00,2.00,4.00,11.00,2.96,0.25,,-1.04,1.04,0.49,1.04,0.00,3.00,0.58,11.00
immortals,4.00,3.18,0.60,3.00,2.00,4.00,11.00,3.11,0.40,,-0.89,0.89,0.53,0.89,0.00,3.00,0.61,11.00
impersonation,4.00,3.45,0.52,3.00,3.00,4.00,11.00,3.52,0.81,,-0.48,0.48,0.67,0.48,0.00,4.00,0.71,11.00
incompatibly,3.00,3.50,0.85,3.50,2.00,5.00,10.00,3.52,0.82,,0.52,0.52,0.66,0.00,0.52,4.00,0.86,10.00
incompetents,4.00,3.30,0.82,3.00,2.00,5.00,10.00,3.15,0.44,,-0.85,0.85,0.54,0.85,0.00,3.00,0.56,10.00
inconveniently,5.00,4.00,0.77,4.00,3.00,5.00,11.00,3.71,1.01,,-1.29,1.29,0.44,1.29,0.00,4.00,0.80,11.00
infirmary,3.00,2.90,0.57,3.00,2.00,4.00,10.00,2.63,-0.08,,-0.37,0.37,0.73,0.37,0.00,3.00,0.65,10.00
innovators,3.00,3.30,1.16,3.50,1.00,5.00,10.00,3.21,0.50,,0.21,0.21,0.83,0.00,0.21,3.00,0.93,10.00
intentioned,4.00,3.00,0.60,3.00,2.00,4.00,12.00,2.94,0.23,,-1.06,1.06,0.49,1.06,0.00,3.00,0.45,12.00
intercepting,3.00,3.22,0.67,3.00,2.00,4.00,9.00,3.13,0.43,,0.13,0.13,0.88,0.00,0.13,3.00,0.65,9.00
irreparable,4.00,3.36,0.50,3.00,3.00,4.00,11.00,3.08,0.38,,-0.92,0.92,0.52,0.92,0.00,3.00,0.59,11.00
joyfulness,3.00,3.08,0.28,3.00,3.00,4.00,13.00,2.83,0.13,,-0.17,0.17,0.86,0.17,0.00,3.00,0.34,13.00
lamentable,2.00,2.45,0.82,2.00,1.00,4.00,11.00,2.55,-0.16,,0.55,0.55,0.65,0.00,0.55,3.00,0.86,11.00
malformations,5.00,3.92,0.79,4.00,3.00,5.00,12.00,3.81,1.11,,-1.19,1.19,0.46,1.19,0.00,4.00,0.62,12.00
memorably,3.00,2.73,0.65,3.00,2.00,4.00,11.00,2.72,0.01,,-0.28,0.28,0.78,0.28,0.00,3.00,0.86,11.00
mentality,2.00,2.36,0.92,2.00,1.00,4.00,11.00,2.46,-0.24,,0.46,0.46,0.68,0.00,0.46,2.00,0.78,11.00
mindlessly,3.00,3.00,0.47,3.00,2.00,4.00,10.00,2.94,0.24,,-0.06,0.06,0.95,0.06,0.00,3.00,0.15,10.00
missionary,2.00,2.70,0.82,2.50,2.00,4.00,10.00,2.58,-0.12,,0.58,0.58,0.63,0.00,0.58,3.00,0.43,10.00
moderators,4.00,3.09,1.14,3.00,1.00,5.00,11.00,2.99,0.28,,-1.01,1.01,0.50,1.01,0.00,3.00,0.80,11.00
naturalness,3.00,3.00,0.94,3.00,2.00,5.00,10.00,2.89,0.18,,-0.11,0.11,0.90,0.11,0.00,3.00,0.80,10.00
necessitating,3.00,3.73,0.79,4.00,3.00,5.00,11.00,3.47,0.77,,0.47,0.47,0.68,0.00,0.47,3.00,0.74,11.00
noncombatant,3.00,3.09,0.70,3.00,2.00,4.00,11.00,3.01,0.31,,0.01,0.01,0.99,0.00,0.01,3.00,0.71,11.00
nondisabled,3.00,3.27,0.65,3.00,2.00,4.00,11.00,3.14,0.44,,0.14,0.14,0.88,0.00,0.14,3.00,0.72,11.00
nonflammable,3.00,3.11,0.33,3.00,3.00,4.00,9.00,3.07,0.37,,0.07,0.07,0.93,0.00,0.07,3.00,0.69,9.00
objectified,4.00,2.60,0.84,3.00,1.00,4.00,10.00,2.59,-0.12,,-1.41,1.41,0.41,1.41,0.00,3.00,0.82,10.00
officiated,3.00,2.82,0.60,3.00,2.00,4.00,11.00,2.69,-0.02,,-0.31,0.31,0.76,0.31,0.00,3.00,0.79,11.00
omissions,3.00,2.73,0.90,3.00,1.00,4.00,11.00,2.73,0.03,,-0.27,0.27,0.79,0.27,0.00,3.00,0.70,11.00
overpasses,3.00,3.09,0.30,3.00,3.00,4.00,11.00,3.05,0.35,,0.05,0.05,0.95,0.00,0.05,3.00,0.66,11.00
parachuter,2.00,2.90,0.57,3.00,2.00,4.00,10.00,2.77,0.06,,0.77,0.77,0.57,0.00,0.77,3.00,0.66,10.00
parachutists,4.00,3.54,0.52,4.00,3.00,4.00,13.00,3.36,0.66,,-0.64,0.64,0.61,0.64,0.00,3.00,0.94,13.00
parentally,3.00,3.22,0.44,3.00,3.00,4.00,9.00,3.05,0.34,,0.05,0.05,0.95,0.00,0.05,3.00,0.43,9.00
peculiarly,2.00,2.82,0.75,3.00,2.00,4.00,11.00,2.71,0.00,,0.71,0.71,0.59,0.00,0.71,3.00,0.60,11.00
perfectionists,5.00,4.17,0.58,4.00,3.00,5.00,12.00,3.91,1.21,,-1.09,1.09,0.48,1.09,0.00,4.00,0.42,12.00
planetary,2.00,2.83,0.72,3.00,2.00,4.00,12.00,2.65,-0.05,,0.65,0.65,0.60,0.00,0.65,3.00,0.64,12.00
postgraduate,3.00,2.91,0.70,3.00,2.00,4.00,11.00,2.75,0.05,,-0.25,0.25,0.80,0.25,0.00,3.00,0.48,11.00
predestination,3.00,3.27,0.79,3.00,2.00,4.00,11.00,3.31,0.61,,0.31,0.31,0.76,0.00,0.31,3.00,0.86,11.00
presumable,3.00,2.83,0.72,3.00,2.00,4.00,12.00,2.77,0.07,,-0.23,0.23,0.81,0.23,0.00,3.00,0.82,12.00
prosecutions,4.00,3.17,1.11,3.00,1.00,5.00,12.00,3.09,0.39,,-0.91,0.91,0.52,0.91,0.00,3.00,0.82,12.00
qualitative,2.00,2.58,0.90,2.50,1.00,4.00,12.00,2.66,-0.04,,0.66,0.66,0.60,0.00,0.66,3.00,0.65,12.00
reactivate,4.00,2.91,0.70,3.00,2.00,4.00,11.00,2.93,0.23,,-1.07,1.07,0.48,1.07,0.00,3.00,0.70,11.00
reconditions,3.00,3.17,0.58,3.00,2.00,4.00,12.00,3.14,0.44,,0.14,0.14,0.87,0.00,0.14,3.00,0.78,12.00
recreating,3.00,2.82,0.60,3.00,2.00,4.00,11.00,2.93,0.23,,-0.07,0.07,0.94,0.07,0.00,3.00,0.73,11.00
repetitive,2.00,3.25,0.71,3.00,2.00,4.00,8.00,3.06,0.35,,1.06,1.06,0.49,0.00,1.06,3.00,0.87,8.00
residencies,4.00,3.00,1.13,3.00,1.00,5.00,12.00,2.95,0.25,,-1.05,1.05,0.49,1.05,0.00,3.00,0.73,12.00
securities,3.00,2.67,1.15,2.00,1.00,5.00,12.00,2.66,-0.05,,-0.34,0.34,0.74,0.34,0.00,3.00,0.92,12.00
skinniest,3.00,2.82,0.60,3.00,2.00,4.00,11.00,2.67,-0.04,,-0.33,0.33,0.75,0.33,0.00,3.00,0.61,11.00
stabilizes,3.00,3.08,0.67,3.00,2.00,4.00,12.00,2.92,0.22,,-0.08,0.08,0.93,0.08,0.00,3.00,0.88,12.00
stimulative,2.00,2.77,1.01,3.00,1.00,4.00,13.00,2.67,-0.03,,0.67,0.67,0.60,0.00,0.67,3.00,0.92,13.00
surprisingly,3.00,3.27,0.65,3.00,2.00,4.00,11.00,3.06,0.35,,0.06,0.06,0.94,0.00,0.06,3.00,0.85,11.00
technicality,3.00,3.00,0.85,3.00,2.00,4.00,12.00,3.02,0.31,,0.02,0.02,0.98,0.00,0.02,3.00,0.58,12.00
terminations,4.00,3.27,0.79,3.00,2.00,4.00,11.00,3.18,0.48,,-0.82,0.82,0.55,0.82,0.00,3.00,0.63,11.00
tormentor,2.00,2.70,0.67,3.00,2.00,4.00,10.00,2.54,-0.16,,0.54,0.54,0.65,0.00,0.54,3.00,0.28,10.00
transitioned,3.00,3.09,0.70,3.00,2.00,4.00,11.00,3.10,0.40,,0.10,0.10,0.91,0.00,0.10,3.00,0.92,11.00
unfailing,3.00,3.09,0.30,3.00,3.00,4.00,11.00,2.96,0.26,,-0.04,0.04,0.96,0.04,0.00,3.00,0.40,11.00
unprofitable,3.00,3.31,0.48,3.00,3.00,4.00,13.00,3.21,0.50,,0.21,0.21,0.83,0.00,0.21,3.00,0.64,13.00
validating,3.00,3.08,0.79,3.00,2.00,5.00,12.00,3.00,0.30,,0.00,0.00,1.00,0.00,0.00,3.00,0.56,12.00
withstanding,3.00,3.08,0.29,3.00,3.00,4.00,12.00,3.03,0.32,,0.03,0.03,0.97,0.00,0.03,3.00,0.51,12.00
arbitrariness,3.00,3.30,1.06,3.00,2.00,5.00,10.00,3.23,0.52,,0.23,0.23,0.81,0.00,0.23,3.00,0.84,10.00
authenticity,3.00,3.09,0.94,3.00,2.00,5.00,11.00,3.05,0.34,,0.05,0.05,0.95,0.00,0.05,3.00,0.78,11.00
centralization,4.00,3.56,1.01,3.00,2.00,5.00,9.00,3.55,0.84,,-0.45,0.45,0.69,0.45,0.00,4.00,0.95,9.00
ceremonious,3.00,3.17,1.11,3.00,2.00,5.00,12.00,2.95,0.25,,-0.05,0.05,0.96,0.05,0.00,3.00,0.59,12.00
computerizing,5.00,3.00,0.87,3.00,2.00,5.00,9.00,3.07,0.37,,-1.93,1.93,0.34,1.93,0.00,3.00,0.59,9.00
domesticated,3.00,3.30,0.82,3.00,2.00,5.00,10.00,3.21,0.51,,0.21,0.21,0.82,0.00,0.21,3.00,0.61,10.00
electioneering,4.00,3.36,0.92,3.00,2.00,5.00,11.00,3.33,0.63,,-0.67,0.67,0.60,0.67,0.00,3.00,0.66,11.00
inadequacy,3.00,3.31,0.85,3.00,2.00,5.00,13.00,3.19,0.48,,0.19,0.19,0.84,0.00,0.19,3.00,0.69,13.00
indirectness,3.00,3.25,0.87,3.00,2.00,5.00,12.00,3.23,0.52,,0.23,0.23,0.81,0.00,0.23,3.00,0.67,12.00
inexhaustible,3.00,3.58,0.67,3.50,3.00,5.00,12.00,3.45,0.75,,0.45,0.45,0.69,0.00,0.45,3.00,0.74,12.00
intelligible,2.00,3.18,0.98,3.00,2.00,5.00,11.00,3.11,0.41,,1.11,1.11,0.47,0.00,1.11,3.00,0.79,11.00
irreducible,4.00,3.10,0.74,3.00,2.00,5.00,10.00,3.06,0.36,,-0.94,0.94,0.52,0.94,0.00,3.00,0.56,10.00
maladjusted,3.00,3.23,0.93,3.00,1.00,5.00,13.00,3.16,0.46,,0.16,0.16,0.86,0.00,0.16,3.00,0.83,13.00
materially,2.00,2.91,1.38,2.00,2.00,5.00,11.00,2.80,0.09,,0.80,0.80,0.56,0.00,0.80,3.00,0.93,11.00
objectiveness,4.00,3.42,1.00,4.00,2.00,5.00,12.00,3.36,0.65,,-0.64,0.64,0.61,0.64,0.00,3.00,0.67,12.00
parallelism,2.00,3.33,1.12,3.00,2.00,5.00,9.00,3.08,0.37,,1.08,1.08,0.48,0.00,1.08,3.00,0.83,9.00
polynomial,2.00,3.13,0.99,3.00,2.00,5.00,8.00,3.07,0.37,,1.07,1.07,0.48,0.00,1.07,3.00,0.71,8.00
precalculated,3.00,3.56,0.73,3.00,3.00,5.00,9.00,3.59,0.89,,0.59,0.59,0.63,0.00,0.59,4.00,0.81,9.00
preposterously,2.00,3.80,0.79,4.00,3.00,5.00,10.00,3.61,0.91,,1.61,1.61,0.38,0.00,1.61,4.00,0.65,10.00
quadrilateral,2.00,3.00,1.21,3.00,1.00,5.00,12.00,3.06,0.36,,1.06,1.06,0.48,0.00,1.06,3.00,0.46,12.00
reformulated,4.00,3.55,1.13,4.00,1.00,5.00,11.00,3.36,0.66,,-0.64,0.64,0.61,0.64,0.00,3.00,0.80,11.00
reintegrated,3.00,3.67,0.87,3.00,3.00,5.00,9.00,3.60,0.90,,0.60,0.60,0.62,0.00,0.60,4.00,0.75,9.00
reinterpreted,3.00,3.80,1.03,4.00,2.00,5.00,10.00,3.49,0.78,,0.49,0.49,0.67,0.00,0.49,3.00,0.92,10.00
serialised,3.00,2.60,1.07,2.50,1.00,5.00,10.00,2.72,0.01,,-0.28,0.28,0.78,0.28,0.00,3.00,0.85,10.00
unnecessary,3.00,2.92,1.00,3.00,2.00,5.00,12.00,2.96,0.25,,-0.04,0.04,0.96,0.04,0.00,3.00,0.75,12.00
unreasonable,3.00,3.40,0.84,3.00,3.00,5.00,10.00,3.15,0.45,,0.15,0.15,0.87,0.00,0.15,3.00,0.80,10.00
unrelentingly,4.00,3.78,0.83,4.00,3.00,5.00,9.00,3.76,1.06,,-0.24,0.24,0.81,0.24,0.00,4.00,0.61,9.00
bilateralism,3.00,3.92,1.31,3.50,2.00,6.00,12.00,3.70,1.00,,0.70,0.70,0.59,0.00,0.70,4.00,0.85,12.00
characterization,3.00,4.17,1.11,4.00,3.00,6.00,12.00,4.01,1.30,,1.01,1.01,0.50,0.00,1.01,4.00,0.81,12.00
irredeemably,4.00,4.17,1.03,4.00,3.00,6.00,12.00,4.11,1.40,,0.11,0.11,0.90,0.00,0.11,4.00,0.65,12.00
presentable,3.00,2.92,1.16,3.00,2.00,6.00,12.00,2.85,0.14,,-0.15,0.15,0.87,0.15,0.00,3.00,0.76,12.00
unconditionally,4.00,3.82,1.25,4.00,2.00,6.00,11.00,3.70,0.99,,-0.30,0.30,0.77,0.30,0.00,4.00,0.76,11.00
telecommunications,6.00,4.27,1.95,5.00,1.00,7.00,11.00,4.20,1.50,,-1.80,1.80,0.36,1.80,0.00,4.00,0.96,11.00
voluptuousness,2.00,3.27,1.62,3.00,2.00,7.00,11.00,3.20,0.49,,1.20,1.20,0.46,0.00,1.20,3.00,0.69,11.00
urgent,2.00,1.33,0.65,1.00,1.00,3.00,12.00,1.50,-1.21,,-0.50,0.50,0.67,0.50,0.00,1.00,0.21,12.00
acidify,2.00,2.18,0.40,2.00,2.00,3.00,11.00,2.25,-0.46,,0.25,0.25,0.80,0.00,0.25,2.00,0.39,11.00
ambiguous,2.00,2.42,0.79,2.00,1.00,4.00,12.00,2.58,-0.12,,0.58,0.58,0.63,0.00,0.58,3.00,0.20,12.00
angular,2.00,2.18,0.40,2.00,2.00,3.00,11.00,2.13,-0.57,,0.13,0.13,0.88,0.00,0.13,2.00,0.79,11.00
apostrophes,3.00,2.82,1.33,3.00,1.00,4.00,11.00,2.82,0.11,,-0.18,0.18,0.85,0.18,0.00,3.00,0.69,11.00
axial,2.00,1.64,0.67,2.00,1.00,3.00,11.00,1.62,-1.08,,-0.38,0.38,0.73,0.38,0.00,2.00,0.69,11.00
blotchy,2.00,1.85,0.38,2.00,1.00,2.00,13.00,1.93,-0.77,,-0.07,0.07,0.94,0.07,0.00,2.00,0.71,13.00
brutality,3.00,2.83,0.83,3.00,2.00,4.00,12.00,2.73,0.03,,-0.27,0.27,0.79,0.27,0.00,3.00,0.67,12.00
burner,2.00,1.92,0.29,2.00,1.00,2.00,12.00,1.97,-0.74,,-0.03,0.03,0.97,0.03,0.00,2.00,0.75,12.00
calculation,3.00,3.00,0.89,3.00,2.00,4.00,11.00,2.82,0.11,,-0.18,0.18,0.85,0.18,0.00,3.00,0.76,11.00
callously,2.00,2.45,0.52,2.00,2.00,3.00,11.00,2.33,-0.38,,0.33,0.33,0.75,0.00,0.33,2.00,0.64,11.00
chattier,3.00,2.36,0.81,3.00,1.00,3.00,11.00,2.48,-0.23,,-0.52,0.52,0.66,0.52,0.00,2.00,0.39,11.00
clearer,2.00,2.00,0.00,2.00,2.00,2.00,12.00,2.01,-0.69,,0.01,0.01,0.99,0.00,0.01,2.00,,12.00
comically,3.00,2.58,0.67,2.50,2.00,4.00,12.00,2.58,-0.13,,-0.42,0.42,0.70,0.42,0.00,3.00,0.47,12.00
completion,3.00,2.33,0.65,2.00,1.00,3.00,12.00,2.32,-0.39,,-0.68,0.68,0.59,0.68,0.00,2.00,0.81,12.00
consciously,3.00,2.56,0.73,2.00,2.00,4.00,9.00,2.52,-0.18,,-0.48,0.48,0.68,0.48,0.00,3.00,0.94,9.00
considerable,2.00,2.64,0.50,3.00,2.00,3.00,11.00,2.68,-0.02,,0.68,0.68,0.59,0.00,0.68,3.00,0.65,11.00
convert,2.00,1.56,0.53,2.00,1.00,2.00,9.00,1.82,-0.88,,-0.18,0.18,0.85,0.18,0.00,2.00,0.77,9.00
correspondents,4.00,3.77,1.01,4.00,2.00,5.00,13.00,3.70,0.99,,-0.30,0.30,0.77,0.30,0.00,4.00,0.61,13.00
countable,2.00,2.17,0.39,2.00,2.00,3.00,12.00,2.12,-0.59,,0.12,0.12,0.90,0.00,0.12,2.00,0.65,12.00
delirious,2.00,2.43,0.76,2.00,1.00,4.00,14.00,2.41,-0.30,,0.41,0.41,0.71,0.00,0.41,2.00,0.59,14.00
densely,2.00,2.10,0.32,2.00,2.00,3.00,10.00,2.25,-0.46,,0.25,0.25,0.80,0.00,0.25,2.00,0.43,10.00
dislike,2.00,2.00,0.00,2.00,2.00,2.00,10.00,2.10,-0.60,,0.10,0.10,0.91,0.00,0.10,2.00,,10.00
dosage,2.00,1.92,0.29,2.00,1.00,2.00,12.00,1.91,-0.79,,-0.09,0.09,0.92,0.09,0.00,2.00,0.54,12.00
drastically,2.00,3.20,0.79,3.00,2.00,4.00,10.00,2.91,0.21,,0.91,0.91,0.52,0.00,0.91,3.00,0.83,10.00
dutiful,2.00,2.30,0.48,2.00,2.00,3.00,10.00,2.43,-0.27,,0.43,0.43,0.70,0.00,0.43,2.00,0.82,10.00
easier,3.00,2.00,0.43,2.00,1.00,3.00,12.00,2.06,-0.65,,-0.94,0.94,0.52,0.94,0.00,2.00,0.53,12.00
editorship,3.00,2.64,0.50,3.00,2.00,3.00,11.00,2.67,-0.04,,-0.33,0.33,0.75,0.33,0.00,3.00,0.50,11.00
electricity,3.00,2.42,0.90,2.00,2.00,5.00,12.00,2.44,-0.27,,-0.56,0.56,0.64,0.56,0.00,2.00,0.86,12.00
embalm,2.00,2.00,0.00,2.00,2.00,2.00,11.00,1.99,-0.72,,-0.01,0.01,0.99,0.01,0.00,2.00,,11.00
erratically,3.00,3.00,0.94,3.00,1.00,4.00,10.00,3.00,0.29,,0.00,0.00,1.00,0.00,0.00,3.00,0.73,10.00
extensive,3.00,2.44,0.73,3.00,1.00,3.00,9.00,2.46,-0.25,,-0.54,0.54,0.65,0.54,0.00,2.00,0.52,9.00
fattest,2.00,2.38,1.06,2.00,2.00,5.00,8.00,2.31,-0.39,,0.31,0.31,0.76,0.00,0.31,2.00,-0.53,8.00
fighter,2.00,2.00,0.00,2.00,2.00,2.00,11.00,2.01,-0.70,,0.01,0.01,0.99,0.00,0.01,2.00,,11.00
fluent,2.00,1.67,0.49,2.00,1.00,2.00,12.00,1.90,-0.81,,-0.10,0.10,0.91,0.10,0.00,2.00,0.41,12.00
freezer,2.00,2.11,0.33,2.00,2.00,3.00,9.00,2.32,-0.38,,0.32,0.32,0.76,0.00,0.32,2.00,-0.10,9.00
frightened,3.00,2.60,0.84,3.00,1.00,4.00,10.00,2.55,-0.16,,-0.45,0.45,0.69,0.45,0.00,3.00,0.45,10.00
frivolous,2.00,2.18,0.60,2.00,1.00,3.00,11.00,2.35,-0.35,,0.35,0.35,0.74,0.00,0.35,2.00,0.31,11.00
froggy,2.00,1.91,0.30,2.00,1.00,2.00,11.00,1.99,-0.72,,-0.01,0.01,0.99,0.01,0.00,2.00,0.35,11.00
gigantically,2.00,2.92,1.38,3.00,1.00,5.00,12.00,2.94,0.24,,0.94,0.94,0.51,0.00,0.94,3.00,0.77,12.00
gratifying,3.00,3.00,0.77,3.00,2.00,4.00,11.00,2.98,0.27,,-0.02,0.02,0.98,0.02,0.00,3.00,0.41,11.00
grooviest,3.00,2.54,0.52,3.00,2.00,3.00,13.00,2.49,-0.22,,-0.51,0.51,0.66,0.51,0.00,2.00,0.70,13.00
hallucinatory,3.00,2.92,1.31,2.00,2.00,6.00,12.00,2.97,0.27,,-0.03,0.03,0.97,0.03,0.00,3.00,0.81,12.00
helpful,2.00,2.00,0.00,2.00,2.00,2.00,11.00,2.01,-0.70,,0.01,0.01,0.99,0.00,0.01,2.00,,11.00
horsy,2.00,1.82,0.40,2.00,1.00,2.00,11.00,1.95,-0.75,,-0.05,0.05,0.95,0.05,0.00,2.00,0.73,11.00
hotter,2.00,2.00,0.00,2.00,2.00,2.00,11.00,2.03,-0.67,,0.03,0.03,0.97,0.00,0.03,2.00,,11.00
junkie,2.00,1.83,0.39,2.00,1.00,2.00,12.00,2.02,-0.69,,0.02,0.02,0.98,0.00,0.02,2.00,0.37,12.00
kilowatt,2.00,2.11,0.33,2.00,2.00,3.00,9.00,2.12,-0.58,,0.12,0.12,0.89,0.00,0.12,2.00,0.78,9.00
kingdom,2.00,1.91,0.30,2.00,1.00,2.00,11.00,2.15,-0.55,,0.15,0.15,0.87,0.00,0.15,2.00,0.24,11.00
kingly,2.00,1.91,0.30,2.00,1.00,2.00,11.00,1.97,-0.73,,-0.03,0.03,0.97,0.03,0.00,2.00,0.73,11.00
knowingly,3.00,2.73,0.47,3.00,2.00,3.00,11.00,2.69,-0.01,,-0.31,0.31,0.76,0.31,0.00,3.00,0.61,11.00
lucidly,3.00,2.36,0.50,2.00,2.00,3.00,11.00,2.23,-0.48,,-0.77,0.77,0.56,0.77,0.00,2.00,0.73,11.00
meditation,2.00,2.60,0.70,2.50,2.00,4.00,10.00,2.60,-0.10,,0.60,0.60,0.62,0.00,0.60,3.00,0.80,10.00
minimally,3.00,2.50,0.71,3.00,1.00,3.00,10.00,2.46,-0.24,,-0.54,0.54,0.65,0.54,0.00,2.00,0.42,10.00
mismanage,2.00,2.40,0.52,2.00,2.00,3.00,10.00,2.27,-0.43,,0.27,0.27,0.79,0.00,0.27,2.00,0.66,10.00
mobilized,3.00,2.60,0.52,3.00,2.00,3.00,10.00,2.73,0.02,,-0.27,0.27,0.79,0.27,0.00,3.00,0.43,10.00
modernize,2.00,2.40,0.70,2.00,2.00,4.00,10.00,2.28,-0.43,,0.28,0.28,0.78,0.00,0.28,2.00,0.69,10.00
modernizing,3.00,2.73,0.65,3.00,2.00,4.00,11.00,2.83,0.13,,-0.17,0.17,0.86,0.17,0.00,3.00,0.71,11.00
murky,2.00,1.64,0.50,2.00,1.00,2.00,11.00,1.83,-0.87,,-0.17,0.17,0.86,0.17,0.00,2.00,0.63,11.00
negotiable,2.00,2.42,0.51,2.00,2.00,3.00,12.00,2.49,-0.21,,0.49,0.49,0.67,0.00,0.49,2.00,0.52,12.00
newness,2.00,1.92,0.29,2.00,1.00,2.00,12.00,2.02,-0.69,,0.02,0.02,0.98,0.00,0.02,2.00,0.78,12.00
nonstop,2.00,2.00,0.00,2.00,2.00,2.00,11.00,2.06,-0.64,,0.06,0.06,0.94,0.00,0.06,2.00,,11.00
omnipresence,3.00,2.64,0.67,3.00,2.00,4.00,11.00,2.44,-0.27,,-0.56,0.56,0.64,0.56,0.00,2.00,0.69,11.00
outfit,2.00,1.88,0.64,2.00,1.00,3.00,8.00,2.07,-0.63,,0.07,0.07,0.93,0.00,0.07,2.00,-0.13,8.00
pardonable,2.00,2.33,0.78,2.00,1.00,4.00,12.00,2.42,-0.29,,0.42,0.42,0.70,0.00,0.42,2.00,0.64,12.00
phobic,2.00,1.73,0.47,2.00,1.00,2.00,11.00,2.02,-0.68,,0.02,0.02,0.98,0.00,0.02,2.00,0.70,11.00
prayerful,2.00,2.55,0.52,3.00,2.00,3.00,11.00,2.52,-0.18,,0.52,0.52,0.66,0.00,0.52,3.00,0.22,11.00
prehistory,3.00,2.31,0.48,2.00,2.00,3.00,13.00,2.29,-0.42,,-0.71,0.71,0.58,0.71,0.00,2.00,0.90,13.00
pulpy,2.00,1.91,0.30,2.00,1.00,2.00,11.00,1.91,-0.80,,-0.09,0.09,0.91,0.09,0.00,2.00,0.70,11.00
reconstitute,3.00,2.73,0.79,3.00,2.00,4.00,11.00,2.80,0.09,,-0.20,0.20,0.83,0.20,0.00,3.00,0.76,11.00
redouble,2.00,2.30,0.48,2.00,2.00,3.00,10.00,2.43,-0.28,,0.43,0.43,0.70,0.00,0.43,2.00,0.77,10.00
reenact,3.00,2.64,0.50,3.00,2.00,3.00,11.00,2.61,-0.09,,-0.39,0.39,0.72,0.39,0.00,3.00,0.42,11.00
reinspect,3.00,2.45,0.52,2.00,2.00,3.00,11.00,2.52,-0.19,,-0.48,0.48,0.67,0.48,0.00,3.00,0.72,11.00
reread,2.00,2.20,0.42,2.00,2.00,3.00,10.00,2.27,-0.43,,0.27,0.27,0.79,0.00,0.27,2.00,0.33,10.00
rightist,2.00,2.00,0.00,2.00,2.00,2.00,12.00,2.06,-0.65,,0.06,0.06,0.95,0.00,0.06,2.00,,12.00
ritualism,2.00,2.25,0.45,2.00,2.00,3.00,12.00,2.21,-0.50,,0.21,0.21,0.83,0.00,0.21,2.00,0.64,12.00
royalist,3.00,2.20,0.42,2.00,2.00,3.00,10.00,2.20,-0.50,,-0.80,0.80,0.56,0.80,0.00,2.00,0.76,10.00
samplers,3.00,2.42,0.67,2.00,2.00,4.00,12.00,2.56,-0.15,,-0.44,0.44,0.69,0.44,0.00,3.00,0.59,12.00
sapling,2.00,1.73,0.47,2.00,1.00,2.00,11.00,1.91,-0.80,,-0.09,0.09,0.92,0.09,0.00,2.00,0.73,11.00
sexless,2.00,2.08,0.29,2.00,2.00,3.00,12.00,1.98,-0.73,,-0.02,0.02,0.98,0.02,0.00,2.00,0.48,12.00
sexual,2.00,1.75,0.46,2.00,1.00,2.00,8.00,1.89,-0.82,,-0.11,0.11,0.90,0.11,0.00,2.00,-0.40,8.00
shakiest,3.00,2.44,0.53,2.00,2.00,3.00,9.00,2.52,-0.19,,-0.48,0.48,0.67,0.48,0.00,3.00,0.25,9.00
slacker,2.00,2.00,0.00,2.00,2.00,2.00,11.00,2.08,-0.62,,0.08,0.08,0.93,0.00,0.08,2.00,,11.00
sneakers,3.00,2.20,0.63,2.00,1.00,3.00,10.00,2.39,-0.31,,-0.61,0.61,0.62,0.61,0.00,2.00,0.34,10.00
solidarity,2.00,2.55,0.52,3.00,2.00,3.00,11.00,2.57,-0.13,,0.57,0.57,0.64,0.00,0.57,3.00,0.58,11.00
sparseness,2.00,2.36,0.50,2.00,2.00,3.00,11.00,2.42,-0.29,,0.42,0.42,0.71,0.00,0.42,2.00,-0.55,11.00
specified,3.00,2.30,0.48,2.00,2.00,3.00,10.00,2.41,-0.29,,-0.59,0.59,0.63,0.59,0.00,2.00,0.67,10.00
spicily,3.00,2.27,0.47,2.00,2.00,3.00,11.00,2.40,-0.31,,-0.60,0.60,0.62,0.60,0.00,2.00,0.88,11.00
spreadable,2.00,2.00,0.00,2.00,2.00,2.00,9.00,2.22,-0.48,,0.22,0.22,0.82,0.00,0.22,2.00,,9.00
steeper,2.00,1.92,0.28,2.00,1.00,2.00,13.00,2.11,-0.59,,0.11,0.11,0.90,0.00,0.11,2.00,0.62,13.00
stipulation,3.00,2.33,0.89,2.00,1.00,4.00,12.00,2.47,-0.23,,-0.53,0.53,0.66,0.53,0.00,2.00,0.68,12.00
structuring,3.00,2.18,0.40,2.00,2.00,3.00,11.00,2.32,-0.39,,-0.68,0.68,0.59,0.68,0.00,2.00,0.53,11.00
subsistence,3.00,2.55,0.82,3.00,1.00,4.00,11.00,2.61,-0.10,,-0.39,0.39,0.72,0.39,0.00,3.00,0.31,11.00
synthesis,3.00,2.23,0.60,2.00,1.00,3.00,13.00,2.25,-0.45,,-0.75,0.75,0.57,0.75,0.00,2.00,0.90,13.00
tenners,3.00,2.33,0.50,2.00,2.00,3.00,9.00,2.36,-0.35,,-0.64,0.64,0.61,0.64,0.00,2.00,0.41,9.00
testier,2.00,2.20,0.42,2.00,2.00,3.00,10.00,2.34,-0.36,,0.34,0.34,0.75,0.00,0.34,2.00,0.45,10.00
tireless,2.00,2.00,0.00,2.00,2.00,2.00,11.00,2.12,-0.58,,0.12,0.12,0.89,0.00,0.12,2.00,,11.00
tolerate,2.00,2.27,0.79,2.00,1.00,3.00,11.00,2.33,-0.37,,0.33,0.33,0.75,0.00,0.33,2.00,0.20,11.00
touchable,2.00,2.17,0.39,2.00,2.00,3.00,12.00,2.09,-0.62,,0.09,0.09,0.92,0.00,0.09,2.00,0.26,12.00
toughie,2.00,1.91,0.30,2.00,1.00,2.00,11.00,1.83,-0.88,,-0.17,0.17,0.85,0.17,0.00,2.00,0.14,11.00
trainers,3.00,2.70,0.48,3.00,2.00,3.00,10.00,2.68,-0.02,,-0.32,0.32,0.76,0.32,0.00,3.00,-0.39,10.00
trivial,2.00,2.00,0.43,2.00,1.00,3.00,12.00,2.02,-0.68,,0.02,0.02,0.98,0.00,0.02,2.00,0.38,12.00
tubeless,2.00,2.00,0.00,2.00,2.00,2.00,12.00,2.06,-0.64,,0.06,0.06,0.94,0.00,0.06,2.00,,12.00
unwound,2.00,2.00,0.00,2.00,2.00,2.00,10.00,2.06,-0.65,,0.06,0.06,0.94,0.00,0.06,2.00,,10.00
useable,2.00,2.00,0.43,2.00,1.00,3.00,12.00,2.20,-0.51,,0.20,0.20,0.83,0.00,0.20,2.00,0.40,12.00
valiantly,2.00,2.45,0.69,2.00,2.00,4.00,11.00,2.57,-0.13,,0.57,0.57,0.64,0.00,0.57,3.00,0.63,11.00
wanderers,3.00,2.91,0.83,3.00,2.00,5.00,11.00,3.00,0.30,,0.00,0.00,1.00,0.00,0.00,3.00,0.51,11.00
waxy,2.00,1.89,0.33,2.00,1.00,2.00,9.00,1.96,-0.74,,-0.04,0.04,0.96,0.04,0.00,2.00,0.48,9.00
wearer,2.00,2.00,0.00,2.00,2.00,2.00,10.00,2.07,-0.63,,0.07,0.07,0.93,0.00,0.07,2.00,,10.00
wettest,2.00,2.00,0.00,2.00,2.00,2.00,12.00,1.98,-0.73,,-0.02,0.02,0.98,0.02,0.00,2.00,,12.00
woodman,2.00,2.00,0.00,2.00,2.00,2.00,11.00,1.88,-0.82,,-0.12,0.12,0.89,0.12,0.00,2.00,,11.00
abnormalities,5.00,4.00,0.77,4.00,3.00,5.00,11.00,3.86,1.15,,-1.14,1.14,0.47,1.14,0.00,4.00,0.68,11.00
accelerator,4.00,2.80,0.79,3.00,2.00,4.00,10.00,2.69,-0.01,,-1.31,1.31,0.43,1.31,0.00,3.00,0.87,10.00
accessibility,4.00,3.15,0.80,3.00,2.00,5.00,13.00,3.20,0.50,,-0.80,0.80,0.56,0.80,0.00,3.00,0.84,13.00
actualise,2.00,2.20,0.42,2.00,2.00,3.00,10.00,2.38,-0.32,,0.38,0.38,0.72,0.00,0.38,2.00,0.55,10.00
aggressiveness,3.00,2.92,0.79,3.00,2.00,4.00,12.00,3.14,0.44,,0.14,0.14,0.88,0.00,0.14,3.00,0.61,12.00
amplifying,3.00,3.08,1.00,3.00,2.00,5.00,12.00,3.01,0.31,,0.01,0.01,0.99,0.00,0.01,3.00,0.69,12.00
antianxiety,2.00,2.58,0.51,3.00,2.00,3.00,12.00,2.67,-0.03,,0.67,0.67,0.60,0.00,0.67,3.00,0.19,12.00
anticipation,2.00,2.90,0.57,3.00,2.00,4.00,10.00,2.95,0.25,,0.95,0.95,0.51,0.00,0.95,3.00,0.45,10.00
ascendant,3.00,2.40,0.52,2.00,2.00,3.00,10.00,2.51,-0.20,,-0.49,0.49,0.67,0.49,0.00,3.00,0.78,10.00
assassinates,3.00,3.08,1.08,3.00,2.00,5.00,12.00,3.03,0.33,,0.03,0.03,0.97,0.00,0.03,3.00,0.82,12.00
awaken,3.00,2.20,0.42,2.00,2.00,3.00,10.00,2.29,-0.41,,-0.71,0.71,0.59,0.71,0.00,2.00,0.20,10.00
bakeries,3.00,2.58,0.79,3.00,1.00,4.00,12.00,2.59,-0.12,,-0.41,0.41,0.71,0.41,0.00,3.00,0.41,12.00
basketfuls,3.00,2.92,0.76,3.00,1.00,4.00,13.00,2.90,0.19,,-0.10,0.10,0.91,0.10,0.00,3.00,0.76,13.00
beholder,2.00,2.83,0.39,3.00,2.00,3.00,12.00,2.89,0.18,,0.89,0.89,0.53,0.00,0.89,3.00,0.47,12.00
capitalising,4.00,3.00,0.87,3.00,2.00,5.00,9.00,3.01,0.30,,-0.99,0.99,0.50,0.99,0.00,3.00,0.82,9.00
celebrities,3.00,2.56,0.88,3.00,1.00,4.00,9.00,2.64,-0.07,,-0.36,0.36,0.73,0.36,0.00,3.00,0.77,9.00
citations,3.00,2.58,0.67,2.50,2.00,4.00,12.00,2.60,-0.11,,-0.40,0.40,0.71,0.40,0.00,3.00,0.63,12.00
configuration,3.00,3.17,0.83,3.00,2.00,5.00,12.00,3.16,0.45,,0.16,0.16,0.87,0.00,0.16,3.00,0.70,12.00
consignment,2.00,2.85,0.55,3.00,2.00,4.00,13.00,2.88,0.17,,0.88,0.88,0.53,0.00,0.88,3.00,0.71,13.00
contingent,2.00,2.82,0.40,3.00,2.00,3.00,11.00,2.76,0.05,,0.76,0.76,0.57,0.00,0.76,3.00,0.54,11.00
defectiveness,4.00,3.50,0.52,3.50,3.00,4.00,12.00,3.35,0.64,,-0.65,0.65,0.61,0.65,0.00,3.00,0.31,12.00
deflation,3.00,2.78,0.44,3.00,2.00,3.00,9.00,2.65,-0.05,,-0.35,0.35,0.74,0.35,0.00,3.00,0.20,9.00
defrauded,3.00,3.08,0.28,3.00,3.00,4.00,13.00,3.02,0.32,,0.02,0.02,0.98,0.00,0.02,3.00,-0.44,13.00
dehydrate,3.00,2.33,0.49,2.00,2.00,3.00,12.00,2.38,-0.33,,-0.62,0.62,0.62,0.62,0.00,2.00,0.22,12.00
demilitarized,4.00,3.75,0.62,4.00,3.00,5.00,12.00,3.63,0.93,,-0.37,0.37,0.73,0.37,0.00,4.00,0.30,12.00
deodorant,3.00,2.45,0.69,3.00,1.00,3.00,11.00,2.55,-0.16,,-0.45,0.45,0.69,0.45,0.00,3.00,0.65,11.00
deprivations,4.00,3.67,0.49,4.00,3.00,4.00,12.00,3.57,0.87,,-0.43,0.43,0.70,0.43,0.00,4.00,0.46,12.00
detachable,3.00,2.83,0.72,3.00,2.00,4.00,12.00,2.82,0.11,,-0.18,0.18,0.84,0.18,0.00,3.00,0.82,12.00
determinant,2.00,3.00,0.67,3.00,2.00,4.00,10.00,2.78,0.08,,0.78,0.78,0.56,0.00,0.78,3.00,0.63,10.00
determinism,2.00,2.91,0.94,3.00,2.00,4.00,11.00,2.96,0.26,,0.96,0.96,0.51,0.00,0.96,3.00,0.79,11.00
devotional,3.00,2.83,0.72,3.00,2.00,4.00,12.00,2.85,0.15,,-0.15,0.15,0.87,0.15,0.00,3.00,0.69,12.00
diagonals,4.00,2.73,0.79,3.00,2.00,4.00,11.00,2.72,0.02,,-1.28,1.28,0.44,1.28,0.00,3.00,0.79,11.00
directorships,4.00,3.50,0.80,3.50,2.00,5.00,12.00,3.49,0.78,,-0.51,0.51,0.66,0.51,0.00,3.00,0.80,12.00
disassociates,5.00,3.50,0.90,3.00,2.00,5.00,12.00,3.49,0.79,,-1.51,1.51,0.40,1.51,0.00,3.00,0.74,12.00
discernibly,4.00,3.36,0.67,3.00,2.00,4.00,11.00,3.17,0.47,,-0.83,0.83,0.55,0.83,0.00,3.00,0.61,11.00
discoveries,3.00,3.36,0.81,3.00,2.00,5.00,11.00,3.23,0.52,,0.23,0.23,0.81,0.00,0.23,3.00,0.32,11.00
dispossessing,3.00,3.20,0.42,3.00,3.00,4.00,10.00,3.27,0.56,,0.27,0.27,0.79,0.00,0.27,3.00,0.50,10.00
distinguishable,2.00,3.18,0.75,3.00,2.00,5.00,11.00,3.06,0.35,,1.06,1.06,0.49,0.00,1.06,3.00,0.76,11.00
distributing,3.00,3.09,0.70,3.00,2.00,4.00,11.00,3.11,0.40,,0.11,0.11,0.90,0.00,0.11,3.00,0.45,11.00
edibility,2.00,2.67,1.00,2.00,2.00,5.00,9.00,2.87,0.16,,0.87,0.87,0.54,0.00,0.87,3.00,-0.06,9.00
elaborateness,4.00,3.45,1.13,4.00,2.00,5.00,11.00,3.35,0.64,,-0.65,0.65,0.61,0.65,0.00,3.00,0.43,11.00
emblematic,2.00,2.92,1.00,3.00,1.00,4.00,12.00,2.90,0.20,,0.90,0.90,0.53,0.00,0.90,3.00,0.86,12.00
employments,3.00,2.82,0.98,3.00,1.00,5.00,11.00,2.95,0.25,,-0.05,0.05,0.95,0.05,0.00,3.00,0.83,11.00
encompassed,3.00,3.09,0.70,3.00,2.00,4.00,11.00,3.25,0.54,,0.25,0.25,0.80,0.00,0.25,3.00,0.73,11.00
endangering,3.00,3.30,0.48,3.00,3.00,4.00,10.00,3.11,0.40,,0.11,0.11,0.90,0.00,0.11,3.00,0.93,10.00
enlistments,4.00,3.50,0.53,3.50,3.00,4.00,10.00,3.37,0.66,,-0.63,0.63,0.61,0.63,0.00,3.00,-0.07,10.00
enviably,3.00,2.62,0.77,3.00,1.00,3.00,13.00,2.58,-0.12,,-0.42,0.42,0.70,0.42,0.00,3.00,0.67,13.00
environment,2.00,2.60,0.84,3.00,1.00,4.00,10.00,2.62,-0.08,,0.62,0.62,0.62,0.00,0.62,3.00,0.51,10.00
eventuality,3.00,3.25,1.06,3.00,2.00,6.00,12.00,3.15,0.44,,0.15,0.15,0.87,0.00,0.15,3.00,0.88,12.00
exhibitions,4.00,3.00,0.77,3.00,2.00,4.00,11.00,2.87,0.17,,-1.13,1.13,0.47,1.13,0.00,3.00,0.73,11.00
experiential,3.00,3.25,0.87,3.00,2.00,5.00,12.00,3.17,0.47,,0.17,0.17,0.85,0.00,0.17,3.00,0.64,12.00
exporting,3.00,2.67,0.49,3.00,2.00,3.00,12.00,2.67,-0.04,,-0.33,0.33,0.75,0.33,0.00,3.00,0.64,12.00
fatalities,4.00,3.10,0.88,3.00,2.00,5.00,10.00,3.04,0.33,,-0.96,0.96,0.51,0.96,0.00,3.00,0.83,10.00
fertilization,3.00,2.91,1.04,3.00,2.00,5.00,11.00,3.03,0.32,,0.03,0.03,0.98,0.00,0.03,3.00,0.68,11.00
foresees,3.00,2.64,0.50,3.00,2.00,3.00,11.00,2.57,-0.14,,-0.43,0.43,0.70,0.43,0.00,3.00,-0.07,11.00
fruitiest,3.00,2.73,0.47,3.00,2.00,3.00,11.00,2.70,0.00,,-0.30,0.30,0.77,0.30,0.00,3.00,0.41,11.00
funnily,3.00,2.82,0.60,3.00,2.00,4.00,11.00,2.67,-0.03,,-0.33,0.33,0.75,0.33,0.00,3.00,0.42,11.00
generalists,4.00,3.38,0.87,3.00,2.00,5.00,13.00,3.34,0.63,,-0.66,0.66,0.60,0.66,0.00,3.00,0.88,13.00
godliness,3.00,2.83,0.39,3.00,2.00,3.00,12.00,2.99,0.28,,-0.01,0.01,0.99,0.01,0.00,3.00,0.46,12.00
idealizations,4.00,3.50,1.09,3.00,2.00,5.00,12.00,3.50,0.80,,-0.50,0.50,0.67,0.50,0.00,4.00,0.71,12.00
illegally,3.00,3.18,0.60,3.00,2.00,4.00,11.00,3.03,0.33,,0.03,0.03,0.97,0.00,0.03,3.00,0.27,11.00
impractically,5.00,3.44,0.73,3.00,3.00,5.00,9.00,3.36,0.65,,-1.64,1.64,0.38,1.64,0.00,3.00,0.90,9.00
inaudibly,4.00,3.25,0.62,3.00,2.00,4.00,12.00,3.17,0.47,,-0.83,0.83,0.55,0.83,0.00,3.00,0.58,12.00
incarceration,4.00,3.20,0.92,3.00,2.00,5.00,10.00,3.21,0.50,,-0.79,0.79,0.56,0.79,0.00,3.00,0.82,10.00
incinerated,4.00,3.18,0.98,3.00,2.00,5.00,11.00,3.18,0.47,,-0.82,0.82,0.55,0.82,0.00,3.00,0.79,11.00
including,3.00,2.50,0.52,2.50,2.00,3.00,12.00,2.54,-0.17,,-0.46,0.46,0.68,0.46,0.00,3.00,0.75,12.00
indestructibly,5.00,3.92,0.79,4.00,3.00,5.00,12.00,3.84,1.13,,-1.16,1.16,0.46,1.16,0.00,4.00,0.48,12.00
ineffectual,4.00,3.20,0.42,3.00,3.00,4.00,10.00,3.18,0.48,,-0.82,0.82,0.55,0.82,0.00,3.00,0.11,10.00
informative,2.00,2.82,0.40,3.00,2.00,3.00,11.00,2.92,0.21,,0.92,0.92,0.52,0.00,0.92,3.00,0.67,11.00
inhalation,3.00,2.83,0.72,3.00,2.00,4.00,12.00,2.81,0.11,,-0.19,0.19,0.84,0.19,0.00,3.00,0.67,12.00
inmates,3.00,2.82,0.40,3.00,2.00,3.00,11.00,2.71,0.01,,-0.29,0.29,0.78,0.29,0.00,3.00,0.30,11.00
instrumentation,2.00,3.30,1.06,3.00,2.00,5.00,10.00,3.23,0.52,,1.23,1.23,0.45,0.00,1.23,3.00,0.78,10.00
insulative,2.00,2.90,0.57,3.00,2.00,4.00,10.00,2.94,0.24,,0.94,0.94,0.52,0.00,0.94,3.00,0.81,10.00
intermingled,3.00,3.36,0.50,3.00,3.00,4.00,11.00,3.30,0.60,,0.30,0.30,0.77,0.00,0.30,3.00,0.41,11.00
internalized,5.00,3.18,0.75,3.00,2.00,4.00,11.00,3.25,0.55,,-1.75,1.75,0.36,1.75,0.00,3.00,0.62,11.00
internalizing,5.00,3.33,1.00,3.00,2.00,5.00,9.00,3.32,0.62,,-1.68,1.68,0.37,1.68,0.00,3.00,0.93,9.00
intersected,3.00,2.73,0.65,3.00,2.00,4.00,11.00,2.95,0.25,,-0.05,0.05,0.96,0.05,0.00,3.00,0.26,11.00
intoxicating,5.00,3.70,0.82,4.00,2.00,5.00,10.00,3.61,0.90,,-1.39,1.39,0.42,1.39,0.00,4.00,0.74,10.00
inventively,4.00,2.80,0.63,3.00,2.00,4.00,10.00,2.92,0.22,,-1.08,1.08,0.48,1.08,0.00,3.00,0.75,10.00
invests,3.00,2.50,0.53,2.50,2.00,3.00,10.00,2.59,-0.12,,-0.41,0.41,0.71,0.41,0.00,3.00,0.22,10.00
judgements,3.00,2.82,0.40,3.00,2.00,3.00,11.00,2.86,0.15,,-0.14,0.14,0.87,0.14,0.00,3.00,0.26,11.00
justified,3.00,2.83,0.39,3.00,2.00,3.00,12.00,2.78,0.07,,-0.22,0.22,0.82,0.22,0.00,3.00,0.56,12.00
leaderships,3.00,3.33,0.49,3.00,3.00,4.00,12.00,3.24,0.54,,0.24,0.24,0.80,0.00,0.24,3.00,0.22,12.00
liberates,3.00,3.00,0.94,3.00,2.00,5.00,10.00,2.91,0.20,,-0.09,0.09,0.92,0.09,0.00,3.00,0.78,10.00
liveliest,3.00,2.85,0.38,3.00,2.00,3.00,13.00,2.86,0.15,,-0.14,0.14,0.87,0.14,0.00,3.00,0.37,13.00
lowliest,3.00,2.83,0.39,3.00,2.00,3.00,12.00,2.75,0.04,,-0.25,0.25,0.80,0.25,0.00,3.00,0.04,12.00
magnetics,3.00,3.11,0.60,3.00,2.00,4.00,9.00,3.05,0.34,,0.05,0.05,0.96,0.00,0.05,3.00,0.84,9.00
materialists,3.00,2.73,0.65,3.00,2.00,4.00,11.00,2.85,0.14,,-0.15,0.15,0.87,0.15,0.00,3.00,0.86,11.00
memorability,3.00,3.10,0.99,3.00,2.00,5.00,10.00,3.09,0.39,,0.09,0.09,0.91,0.00,0.09,3.00,0.82,10.00
mesmerisingly,3.00,3.67,0.87,4.00,2.00,5.00,9.00,3.56,0.85,,0.56,0.56,0.64,0.00,0.56,4.00,0.52,9.00
misleading,3.00,2.78,0.44,3.00,2.00,3.00,9.00,2.71,0.00,,-0.29,0.29,0.77,0.29,0.00,3.00,0.72,9.00
musicianship,3.00,2.90,0.57,3.00,2.00,4.00,10.00,2.85,0.15,,-0.15,0.15,0.87,0.15,0.00,3.00,0.71,10.00
nonuniform,2.00,2.70,0.48,3.00,2.00,3.00,10.00,2.58,-0.12,,0.58,0.58,0.63,0.00,0.58,3.00,0.82,10.00
notifier,2.00,2.55,0.52,3.00,2.00,3.00,11.00,2.50,-0.20,,0.50,0.50,0.67,0.00,0.50,3.00,0.68,11.00
observantly,3.00,3.08,1.00,3.00,2.00,5.00,12.00,3.20,0.50,,0.20,0.20,0.83,0.00,0.20,3.00,0.73,12.00
onlooker,3.00,2.70,0.48,3.00,2.00,3.00,10.00,2.89,0.19,,-0.11,0.11,0.90,0.11,0.00,3.00,0.63,10.00
outlawing,3.00,3.00,0.00,3.00,3.00,3.00,11.00,3.11,0.41,,0.11,0.11,0.90,0.00,0.11,3.00,,11.00
overdrawing,3.00,2.90,0.32,3.00,2.00,3.00,10.00,2.96,0.26,,-0.04,0.04,0.96,0.04,0.00,3.00,0.04,10.00
overprotective,3.00,3.27,0.47,3.00,3.00,4.00,11.00,3.26,0.56,,0.26,0.26,0.79,0.00,0.26,3.00,0.81,11.00
oversimplifying,4.00,3.82,0.87,4.00,3.00,6.00,11.00,3.60,0.90,,-0.40,0.40,0.72,0.40,0.00,4.00,0.00,11.00
parboiling,3.00,3.09,0.54,3.00,2.00,4.00,11.00,3.05,0.35,,0.05,0.05,0.95,0.00,0.05,3.00,0.18,11.00
parishioner,3.00,3.00,0.63,3.00,2.00,4.00,11.00,2.92,0.22,,-0.08,0.08,0.93,0.08,0.00,3.00,0.68,11.00
perforations,3.00,3.30,0.82,3.50,2.00,4.00,10.00,3.28,0.58,,0.28,0.28,0.78,0.00,0.28,3.00,0.84,10.00
performers,3.00,3.09,0.70,3.00,2.00,4.00,11.00,3.11,0.40,,0.11,0.11,0.90,0.00,0.11,3.00,0.74,11.00
politically,3.00,2.75,0.87,3.00,1.00,4.00,12.00,2.88,0.18,,-0.12,0.12,0.90,0.12,0.00,3.00,0.66,12.00
possessives,3.00,3.20,0.92,3.00,1.00,4.00,10.00,2.95,0.24,,-0.05,0.05,0.95,0.05,0.00,3.00,0.73,10.00
preconceived,4.00,2.92,0.90,3.00,1.00,4.00,12.00,2.95,0.24,,-1.05,1.05,0.49,1.05,0.00,3.00,0.77,12.00
prefabrication,4.00,3.55,0.93,3.00,2.00,5.00,11.00,3.50,0.80,,-0.50,0.50,0.67,0.50,0.00,4.00,0.84,11.00
preferably,3.00,3.23,0.73,3.00,2.00,5.00,13.00,3.14,0.43,,0.14,0.14,0.88,0.00,0.14,3.00,0.66,13.00
pretenders,4.00,3.18,0.60,3.00,2.00,4.00,11.00,3.09,0.39,,-0.91,0.91,0.52,0.91,0.00,3.00,0.11,11.00
prevention,2.00,2.83,0.39,3.00,2.00,3.00,12.00,2.75,0.05,,0.75,0.75,0.57,0.00,0.75,3.00,0.20,12.00
procreating,3.00,3.00,0.45,3.00,2.00,4.00,11.00,2.95,0.25,,-0.05,0.05,0.96,0.05,0.00,3.00,0.85,11.00
promissory,2.00,2.25,0.62,2.00,1.00,3.00,12.00,2.28,-0.43,,0.28,0.28,0.78,0.00,0.28,2.00,0.42,12.00
reacted,3.00,2.83,0.39,3.00,2.00,3.00,12.00,2.81,0.11,,-0.19,0.19,0.84,0.19,0.00,3.00,0.36,12.00
receptionist,4.00,2.75,0.45,3.00,2.00,3.00,12.00,2.83,0.12,,-1.17,1.17,0.46,1.17,0.00,3.00,0.40,12.00
recreated,3.00,2.82,0.40,3.00,2.00,3.00,11.00,2.87,0.16,,-0.13,0.13,0.88,0.13,0.00,3.00,0.60,11.00
rectifies,3.00,2.64,0.67,3.00,2.00,4.00,11.00,2.70,0.00,,-0.30,0.30,0.77,0.30,0.00,3.00,0.68,11.00
redemptive,2.00,2.75,0.46,3.00,2.00,3.00,8.00,2.85,0.14,,0.85,0.85,0.54,0.00,0.85,3.00,0.28,8.00
redeploying,3.00,3.42,0.51,3.00,3.00,4.00,12.00,3.24,0.54,,0.24,0.24,0.81,0.00,0.24,3.00,0.47,12.00
redistribution,4.00,3.38,0.65,3.00,3.00,5.00,13.00,3.35,0.65,,-0.65,0.65,0.61,0.65,0.00,3.00,0.52,13.00
redoubled,3.00,3.00,0.00,3.00,3.00,3.00,8.00,3.16,0.45,,0.16,0.16,0.86,0.00,0.16,3.00,,8.00
reduced,3.00,2.36,0.67,2.00,1.00,3.00,11.00,2.54,-0.16,,-0.46,0.46,0.69,0.46,0.00,3.00,0.84,11.00
relapsed,3.00,2.67,0.49,3.00,2.00,3.00,12.00,2.65,-0.06,,-0.35,0.35,0.74,0.35,0.00,3.00,0.19,12.00
relentless,2.00,2.50,0.52,2.50,2.00,3.00,12.00,2.61,-0.09,,0.61,0.61,0.62,0.00,0.61,3.00,0.45,12.00
remakes,3.00,2.73,0.47,3.00,2.00,3.00,11.00,2.70,-0.01,,-0.30,0.30,0.77,0.30,0.00,3.00,0.40,11.00
remodelling,3.00,3.00,0.43,3.00,2.00,4.00,12.00,3.06,0.35,,0.06,0.06,0.94,0.00,0.06,3.00,0.56,12.00
renominate,3.00,3.00,0.60,3.00,2.00,4.00,12.00,2.89,0.18,,-0.11,0.11,0.90,0.11,0.00,3.00,0.62,12.00
repairers,4.00,3.08,0.67,3.00,2.00,4.00,12.00,2.95,0.24,,-1.05,1.05,0.49,1.05,0.00,3.00,0.51,12.00
repeatedly,3.00,3.36,0.81,4.00,2.00,4.00,11.00,3.34,0.63,,0.34,0.34,0.75,0.00,0.34,3.00,0.72,11.00
reporter,3.00,2.78,0.44,3.00,2.00,3.00,9.00,2.75,0.04,,-0.25,0.25,0.80,0.25,0.00,3.00,0.57,9.00
reputable,3.00,2.36,0.67,2.00,1.00,3.00,11.00,2.45,-0.26,,-0.55,0.55,0.64,0.55,0.00,2.00,0.76,11.00
retrenchments,4.00,3.73,0.47,4.00,3.00,4.00,11.00,3.59,0.88,,-0.41,0.41,0.71,0.41,0.00,4.00,0.06,11.00
revocation,3.00,2.73,0.79,3.00,1.00,4.00,11.00,2.84,0.14,,-0.16,0.16,0.86,0.16,0.00,3.00,0.89,11.00
robustly,2.00,2.33,0.49,2.00,2.00,3.00,12.00,2.38,-0.32,,0.38,0.38,0.72,0.00,0.38,2.00,0.26,12.00
saintliness,3.00,3.09,0.30,3.00,3.00,4.00,11.00,2.93,0.22,,-0.07,0.07,0.93,0.07,0.00,3.00,0.44,11.00
scavengers,3.00,2.83,0.83,3.00,1.00,4.00,12.00,2.85,0.14,,-0.15,0.15,0.87,0.15,0.00,3.00,0.79,12.00
separatists,4.00,3.30,0.95,3.00,2.00,5.00,10.00,3.23,0.52,,-0.77,0.77,0.56,0.77,0.00,3.00,0.95,10.00
signifiers,4.00,3.38,0.65,3.00,3.00,5.00,13.00,3.27,0.57,,-0.73,0.73,0.58,0.73,0.00,3.00,-0.26,13.00
songsters,3.00,2.90,0.32,3.00,2.00,3.00,10.00,2.86,0.16,,-0.14,0.14,0.88,0.14,0.00,3.00,0.56,10.00
spiritualist,3.00,3.00,0.74,3.00,2.00,4.00,12.00,3.01,0.30,,0.01,0.01,0.99,0.00,0.01,3.00,0.82,12.00
statesmanship,4.00,3.36,0.67,3.00,2.00,4.00,11.00,3.32,0.61,,-0.68,0.68,0.59,0.68,0.00,3.00,-0.39,11.00
stylistically,4.00,3.85,0.90,4.00,3.00,5.00,13.00,3.72,1.01,,-0.28,0.28,0.78,0.28,0.00,4.00,0.47,13.00
subjectivity,4.00,3.11,0.78,3.00,2.00,5.00,9.00,3.07,0.37,,-0.93,0.93,0.52,0.93,0.00,3.00,0.88,9.00
subscriptions,4.00,3.56,0.88,4.00,2.00,5.00,9.00,3.45,0.75,,-0.55,0.55,0.65,0.55,0.00,3.00,0.66,9.00
suicidality,3.00,3.00,1.41,3.00,1.00,6.00,9.00,2.93,0.23,,-0.07,0.07,0.94,0.07,0.00,3.00,0.94,9.00
temperaments,3.00,2.78,0.67,3.00,2.00,4.00,9.00,2.92,0.21,,-0.08,0.08,0.92,0.08,0.00,3.00,0.54,9.00
tipsiness,2.00,2.73,0.47,3.00,2.00,3.00,11.00,2.69,-0.01,,0.69,0.69,0.59,0.00,0.69,3.00,0.18,11.00
trendier,3.00,2.33,0.65,2.00,1.00,3.00,12.00,2.36,-0.34,,-0.64,0.64,0.61,0.64,0.00,2.00,0.50,12.00
triangles,3.00,2.58,0.79,3.00,1.00,4.00,12.00,2.63,-0.08,,-0.37,0.37,0.73,0.37,0.00,3.00,0.94,12.00
unbuckles,3.00,3.36,0.67,3.00,2.00,4.00,11.00,3.23,0.53,,0.23,0.23,0.81,0.00,0.23,3.00,0.85,11.00
uncontrolled,3.00,3.08,0.51,3.00,2.00,4.00,12.00,3.04,0.34,,0.04,0.04,0.96,0.00,0.04,3.00,0.74,12.00
undercarriage,3.00,2.75,0.71,3.00,2.00,4.00,8.00,2.75,0.05,,-0.25,0.25,0.80,0.25,0.00,3.00,-0.20,8.00
understating,3.00,2.78,0.44,3.00,2.00,3.00,9.00,2.91,0.20,,-0.09,0.09,0.92,0.09,0.00,3.00,0.65,9.00
undertaking,3.00,2.64,0.50,3.00,2.00,3.00,11.00,2.82,0.12,,-0.18,0.18,0.85,0.18,0.00,3.00,0.60,11.00
unecological,4.00,3.78,0.67,4.00,3.00,5.00,9.00,3.69,0.99,,-0.31,0.31,0.76,0.31,0.00,4.00,0.57,9.00
unfeelingly,4.00,3.27,1.01,3.00,2.00,5.00,11.00,3.26,0.55,,-0.74,0.74,0.57,0.74,0.00,3.00,0.68,11.00
universities,4.00,3.08,1.16,3.00,1.00,5.00,12.00,3.10,0.40,,-0.90,0.90,0.53,0.90,0.00,3.00,0.92,12.00
unknowingly,4.00,3.40,0.70,3.50,2.00,4.00,10.00,3.36,0.66,,-0.64,0.64,0.61,0.64,0.00,3.00,0.55,10.00
unyielding,3.00,2.92,0.29,3.00,2.00,3.00,12.00,2.89,0.19,,-0.11,0.11,0.90,0.11,0.00,3.00,0.12,12.00
upheavals,4.00,3.20,0.63,3.00,2.00,4.00,10.00,3.09,0.39,,-0.91,0.91,0.52,0.91,0.00,3.00,0.42,10.00
uprightly,3.00,3.00,0.00,3.00,3.00,3.00,12.00,2.91,0.21,,-0.09,0.09,0.92,0.09,0.00,3.00,,12.00
upstaged,3.00,3.00,0.00,3.00,3.00,3.00,10.00,3.01,0.30,,0.01,0.01,0.99,0.00,0.01,3.00,,10.00
vitalized,3.00,2.89,0.33,3.00,2.00,3.00,9.00,2.82,0.12,,-0.18,0.18,0.85,0.18,0.00,3.00,0.83,9.00
volatilities,3.00,3.42,0.67,3.50,2.00,4.00,12.00,3.37,0.66,,0.37,0.37,0.73,0.00,0.37,3.00,0.31,12.00
widowers,3.00,2.73,0.47,3.00,2.00,3.00,11.00,2.76,0.05,,-0.24,0.24,0.81,0.24,0.00,3.00,0.28,11.00
wobblier,3.00,2.45,0.52,2.00,2.00,3.00,11.00,2.39,-0.31,,-0.61,0.61,0.62,0.61,0.00,2.00,0.21,11.00
womanhood,2.00,2.46,0.52,2.00,2.00,3.00,13.00,2.42,-0.29,,0.42,0.42,0.71,0.00,0.42,2.00,0.70,13.00
wordlessly,3.00,3.00,0.47,3.00,2.00,4.00,10.00,3.10,0.40,,0.10,0.10,0.91,0.00,0.10,3.00,0.73,10.00
worthlessly,3.00,3.08,0.29,3.00,3.00,4.00,12.00,3.09,0.38,,0.09,0.09,0.92,0.00,0.09,3.00,0.50,12.00
amateurishly,3.00,3.10,0.74,3.00,2.00,4.00,10.00,3.18,0.47,,0.18,0.18,0.85,0.00,0.18,3.00,0.89,10.00
bewildering,2.00,3.75,0.45,4.00,3.00,4.00,12.00,3.61,0.91,,1.61,1.61,0.38,0.00,1.61,4.00,0.35,12.00
communities,3.00,3.27,0.65,3.00,2.00,4.00,11.00,3.11,0.40,,0.11,0.11,0.90,0.00,0.11,3.00,0.54,11.00
consultancies,3.00,3.40,0.84,4.00,2.00,4.00,10.00,3.38,0.67,,0.38,0.38,0.72,0.00,0.38,3.00,0.72,10.00
debunkers,4.00,3.50,0.53,3.50,3.00,4.00,10.00,3.46,0.75,,-0.54,0.54,0.65,0.54,0.00,3.00,0.42,10.00
excitingly,4.00,3.17,0.72,3.00,2.00,4.00,12.00,3.17,0.46,,-0.83,0.83,0.55,0.83,0.00,3.00,0.21,12.00
expectancies,3.00,3.91,0.94,4.00,2.00,5.00,11.00,3.80,1.10,,0.80,0.80,0.55,0.00,0.80,4.00,0.83,11.00
exterminations,5.00,3.58,0.90,3.50,2.00,5.00,12.00,3.59,0.89,,-1.41,1.41,0.42,1.41,0.00,4.00,0.63,12.00
informational,3.00,3.27,0.65,3.00,2.00,4.00,11.00,3.28,0.58,,0.28,0.28,0.78,0.00,0.28,3.00,0.33,11.00
outstandingly,4.00,3.40,0.70,3.50,2.00,4.00,10.00,3.35,0.64,,-0.65,0.65,0.61,0.65,0.00,3.00,0.64,10.00
representations,3.00,4.08,1.16,4.00,2.00,6.00,12.00,3.93,1.23,,0.93,0.93,0.52,0.00,0.93,4.00,0.58,12.00
transubstantiational,5.00,4.89,0.60,5.00,4.00,6.00,9.00,4.72,2.02,,-0.28,0.28,0.78,0.28,0.00,5.00,0.26,9.00
unadventurousness,4.00,4.36,0.92,4.00,3.00,6.00,11.00,4.17,1.47,,0.17,0.17,0.85,0.00,0.17,4.00,0.51,11.00
unlikelihood,4.00,3.91,0.30,4.00,3.00,4.00,11.00,3.82,1.12,,-0.18,0.18,0.85,0.18,0.00,4.00,0.39,11.00
prejudgements,4.00,4.00,0.47,4.00,3.00,5.00,10.00,3.80,1.10,,-0.20,0.20,0.83,0.20,0.00,4.00,0.17,10.00
cleaner,2.00,2.00,0.00,2.00,2.00,2.00,10.00,1.78,-0.92,,-0.22,0.22,0.82,0.22,0.00,2.00,,10.00
fitters,3.00,2.50,0.71,3.00,1.00,3.00,10.00,2.62,-0.08,,-0.38,0.38,0.73,0.38,0.00,3.00,0.86,10.00
gusty,2.00,1.90,0.32,2.00,1.00,2.00,10.00,1.97,-0.74,,-0.03,0.03,0.97,0.03,0.00,2.00,0.70,10.00
numerous,2.00,1.80,0.63,2.00,1.00,3.00,10.00,2.02,-0.69,,0.02,0.02,0.98,0.00,0.02,2.00,0.42,10.00
roofless,2.00,2.10,0.32,2.00,2.00,3.00,10.00,2.09,-0.61,,0.09,0.09,0.92,0.00,0.09,2.00,0.34,10.00
concentrate,3.00,2.17,0.94,2.50,1.00,3.00,12.00,2.27,-0.44,,-0.73,0.73,0.58,0.73,0.00,2.00,0.10,12.00
hypnosis,2.00,2.11,0.78,2.00,1.00,3.00,9.00,2.26,-0.45,,0.26,0.26,0.80,0.00,0.26,2.00,0.42,9.00
plagiarise,2.00,1.75,0.71,2.00,1.00,3.00,8.00,1.89,-0.82,,-0.11,0.11,0.90,0.11,0.00,2.00,0.25,8.00
violate,2.00,1.50,0.67,1.00,1.00,3.00,12.00,1.68,-1.02,,-0.32,0.32,0.76,0.32,0.00,2.00,0.64,12.00
accompanists,4.00,3.00,1.00,3.00,2.00,5.00,11.00,3.04,0.33,,-0.96,0.96,0.51,0.96,0.00,3.00,0.85,11.00
affection,3.00,2.08,0.79,2.00,1.00,3.00,12.00,2.27,-0.44,,-0.73,0.73,0.58,0.73,0.00,2.00,0.22,12.00
agonized,3.00,2.38,0.77,2.00,1.00,4.00,13.00,2.45,-0.25,,-0.55,0.55,0.65,0.55,0.00,2.00,0.92,13.00
amateurism,2.00,2.70,0.82,2.50,2.00,4.00,10.00,2.73,0.03,,0.73,0.73,0.58,0.00,0.73,3.00,0.80,10.00
anatomical,3.00,2.25,0.62,2.00,1.00,3.00,12.00,2.45,-0.25,,-0.55,0.55,0.65,0.55,0.00,2.00,0.88,12.00
atomic,2.00,2.00,0.68,2.00,1.00,3.00,14.00,2.10,-0.61,,0.10,0.10,0.91,0.00,0.10,2.00,0.49,14.00
blacker,2.00,2.00,0.00,2.00,2.00,2.00,12.00,2.19,-0.52,,0.19,0.19,0.84,0.00,0.19,2.00,,12.00
blockade,2.00,1.90,0.32,2.00,1.00,2.00,10.00,2.05,-0.66,,0.05,0.05,0.95,0.00,0.05,2.00,0.81,10.00
bluntest,2.00,2.08,0.29,2.00,2.00,3.00,12.00,2.13,-0.57,,0.13,0.13,0.88,0.00,0.13,2.00,0.15,12.00
bonier,3.00,2.46,0.66,3.00,1.00,3.00,13.00,2.37,-0.34,,-0.63,0.63,0.61,0.63,0.00,2.00,0.59,13.00
breezier,3.00,2.17,0.58,2.00,1.00,3.00,12.00,2.23,-0.47,,-0.77,0.77,0.57,0.77,0.00,2.00,0.68,12.00
bullish,2.00,2.00,0.00,2.00,2.00,2.00,12.00,2.05,-0.66,,0.05,0.05,0.95,0.00,0.05,2.00,,12.00
bypassing,3.00,2.92,0.29,3.00,2.00,3.00,12.00,3.00,0.30,,0.00,0.00,1.00,0.00,0.00,3.00,0.06,12.00
commemorate,3.00,3.15,0.99,3.00,1.00,4.00,13.00,3.06,0.35,,0.06,0.06,0.95,0.00,0.06,3.00,0.44,13.00
commonly,2.00,2.30,0.48,2.00,2.00,3.00,10.00,2.35,-0.35,,0.35,0.35,0.74,0.00,0.35,2.00,0.57,10.00
contagious,2.00,2.25,1.06,2.50,1.00,4.00,12.00,2.37,-0.34,,0.37,0.37,0.73,0.00,0.37,2.00,0.62,12.00
contentment,2.00,2.56,0.73,2.00,2.00,4.00,9.00,2.67,-0.03,,0.67,0.67,0.60,0.00,0.67,3.00,0.62,9.00
crematoriums,3.00,3.08,0.90,3.00,2.00,5.00,12.00,3.06,0.35,,0.06,0.06,0.94,0.00,0.06,3.00,0.68,12.00
cutter,2.00,1.92,0.28,2.00,1.00,2.00,13.00,2.06,-0.65,,0.06,0.06,0.94,0.00,0.06,2.00,0.12,13.00
decorating,3.00,2.62,0.96,3.00,1.00,4.00,13.00,2.70,-0.01,,-0.30,0.30,0.77,0.30,0.00,3.00,0.91,13.00
depending,3.00,2.67,0.50,3.00,2.00,3.00,9.00,2.66,-0.04,,-0.34,0.34,0.75,0.34,0.00,3.00,0.49,9.00
devotions,3.00,3.00,0.87,3.00,2.00,4.00,9.00,2.92,0.21,,-0.08,0.08,0.92,0.08,0.00,3.00,0.72,9.00
discretely,2.00,2.69,0.63,3.00,2.00,4.00,13.00,2.70,-0.01,,0.70,0.70,0.59,0.00,0.70,3.00,0.71,13.00
dismissal,3.00,2.75,0.45,3.00,2.00,3.00,12.00,2.67,-0.04,,-0.33,0.33,0.75,0.33,0.00,3.00,0.64,12.00
distantly,3.00,2.64,0.67,3.00,2.00,4.00,11.00,2.62,-0.09,,-0.38,0.38,0.72,0.38,0.00,3.00,0.37,11.00
diversionary,3.00,3.36,1.21,3.00,2.00,6.00,11.00,3.22,0.52,,0.22,0.22,0.82,0.00,0.22,3.00,0.82,11.00
dominating,3.00,2.22,0.44,2.00,2.00,3.00,9.00,2.42,-0.28,,-0.58,0.58,0.63,0.58,0.00,2.00,0.86,9.00
eloquently,3.00,2.64,0.81,2.00,2.00,4.00,11.00,2.62,-0.08,,-0.38,0.38,0.73,0.38,0.00,3.00,0.75,11.00
emotional,3.00,2.36,0.81,2.00,1.00,4.00,11.00,2.46,-0.24,,-0.54,0.54,0.65,0.54,0.00,2.00,0.56,11.00
enshrine,2.00,2.08,0.29,2.00,2.00,3.00,12.00,2.02,-0.68,,0.02,0.02,0.98,0.00,0.02,2.00,0.48,12.00
enzymatic,2.00,2.85,0.80,3.00,2.00,4.00,13.00,2.76,0.06,,0.76,0.76,0.57,0.00,0.76,3.00,0.80,13.00
extension,3.00,2.45,0.69,3.00,1.00,3.00,11.00,2.46,-0.25,,-0.54,0.54,0.65,0.54,0.00,2.00,0.66,11.00
favoritism,3.00,2.50,0.53,2.50,2.00,3.00,10.00,2.65,-0.05,,-0.35,0.35,0.74,0.35,0.00,3.00,0.31,10.00
feebleness,2.00,2.22,0.44,2.00,2.00,3.00,9.00,2.40,-0.31,,0.40,0.40,0.72,0.00,0.40,2.00,0.26,9.00
firmly,2.00,2.00,0.00,2.00,2.00,2.00,12.00,2.16,-0.54,,0.16,0.16,0.86,0.00,0.16,2.00,,12.00
flexible,2.00,1.90,0.32,2.00,1.00,2.00,10.00,2.13,-0.58,,0.13,0.13,0.89,0.00,0.13,2.00,0.14,10.00
forename,2.00,2.18,0.40,2.00,2.00,3.00,11.00,2.19,-0.52,,0.19,0.19,0.84,0.00,0.19,2.00,0.39,11.00
functionary,3.00,2.44,0.53,2.00,2.00,3.00,9.00,2.48,-0.23,,-0.52,0.52,0.66,0.52,0.00,2.00,0.61,9.00
funny,2.00,1.82,0.40,2.00,1.00,2.00,11.00,1.80,-0.91,,-0.20,0.20,0.83,0.20,0.00,2.00,-0.02,11.00
gazers,3.00,2.58,0.51,3.00,2.00,3.00,12.00,2.60,-0.11,,-0.40,0.40,0.71,0.40,0.00,3.00,0.36,12.00
glider,2.00,1.91,0.30,2.00,1.00,2.00,11.00,2.08,-0.63,,0.08,0.08,0.93,0.00,0.08,2.00,0.65,11.00
goner,2.00,1.92,0.29,2.00,1.00,2.00,12.00,1.92,-0.78,,-0.08,0.08,0.93,0.08,0.00,2.00,0.30,12.00
grandness,2.00,2.10,0.32,2.00,2.00,3.00,10.00,2.12,-0.59,,0.12,0.12,0.89,0.00,0.12,2.00,0.75,10.00
graphics,2.00,2.23,0.60,2.00,1.00,3.00,13.00,2.27,-0.43,,0.27,0.27,0.79,0.00,0.27,2.00,0.66,13.00
gratifications,4.00,3.33,1.15,3.00,2.00,5.00,12.00,3.24,0.53,,-0.76,0.76,0.57,0.76,0.00,3.00,0.93,12.00
groggily,3.00,2.58,0.51,3.00,2.00,3.00,12.00,2.57,-0.14,,-0.43,0.43,0.70,0.43,0.00,3.00,0.58,12.00
grumpy,2.00,1.92,0.51,2.00,1.00,3.00,12.00,1.93,-0.78,,-0.07,0.07,0.93,0.07,0.00,2.00,0.44,12.00
harmless,2.00,2.00,0.00,2.00,2.00,2.00,11.00,2.05,-0.65,,0.05,0.05,0.95,0.00,0.05,2.00,,11.00
hawker,2.00,1.92,0.29,2.00,1.00,2.00,12.00,2.10,-0.60,,0.10,0.10,0.91,0.00,0.10,2.00,0.77,12.00
hesitance,2.00,2.30,0.82,2.00,1.00,4.00,10.00,2.41,-0.29,,0.41,0.41,0.71,0.00,0.41,2.00,0.82,10.00
hilariously,3.00,2.60,0.70,2.50,2.00,4.00,10.00,2.55,-0.16,,-0.45,0.45,0.69,0.45,0.00,3.00,0.58,10.00
hoarder,2.00,1.91,0.30,2.00,1.00,2.00,11.00,2.07,-0.64,,0.07,0.07,0.94,0.00,0.07,2.00,0.40,11.00
hospitalize,3.00,2.67,0.89,2.00,2.00,4.00,12.00,2.64,-0.07,,-0.36,0.36,0.73,0.36,0.00,3.00,0.82,12.00
howlers,3.00,2.56,0.53,3.00,2.00,3.00,9.00,2.59,-0.11,,-0.41,0.41,0.71,0.41,0.00,3.00,0.41,9.00
husbandry,2.00,2.17,0.39,2.00,2.00,3.00,12.00,2.14,-0.56,,0.14,0.14,0.88,0.00,0.14,2.00,0.72,12.00
hydrates,3.00,2.33,0.65,2.00,1.00,3.00,12.00,2.35,-0.36,,-0.65,0.65,0.61,0.65,0.00,2.00,0.47,12.00
idolise,2.00,2.18,0.40,2.00,2.00,3.00,11.00,2.25,-0.46,,0.25,0.25,0.80,0.00,0.25,2.00,0.74,11.00
implant,2.00,1.90,0.32,2.00,1.00,2.00,10.00,1.88,-0.82,,-0.12,0.12,0.89,0.12,0.00,2.00,0.13,10.00
impressionist,4.00,3.00,1.00,3.00,2.00,4.00,11.00,3.01,0.31,,-0.99,0.99,0.50,0.99,0.00,3.00,0.30,11.00
indicative,3.00,2.83,0.72,3.00,2.00,4.00,12.00,2.83,0.12,,-0.17,0.17,0.85,0.17,0.00,3.00,0.77,12.00
ineligible,2.00,2.62,0.51,3.00,2.00,3.00,13.00,2.65,-0.05,,0.65,0.65,0.61,0.00,0.65,3.00,0.43,13.00
infrequent,3.00,2.67,0.65,3.00,2.00,4.00,12.00,2.55,-0.16,,-0.45,0.45,0.69,0.45,0.00,3.00,0.72,12.00
inhibition,3.00,3.00,0.89,3.00,2.00,4.00,11.00,3.00,0.29,,0.00,0.00,1.00,0.00,0.00,3.00,0.77,11.00
inspector,3.00,2.45,0.52,2.00,2.00,3.00,11.00,2.48,-0.23,,-0.52,0.52,0.66,0.52,0.00,2.00,0.39,11.00
instructive,3.00,2.50,0.53,2.50,2.00,3.00,10.00,2.61,-0.09,,-0.39,0.39,0.72,0.39,0.00,3.00,0.29,10.00
insufficient,3.00,3.00,0.60,3.00,2.00,4.00,12.00,2.89,0.19,,-0.11,0.11,0.90,0.11,0.00,3.00,0.72,12.00
integration,3.00,2.64,0.67,3.00,2.00,4.00,11.00,2.74,0.04,,-0.26,0.26,0.79,0.26,0.00,3.00,0.77,11.00
inversely,3.00,2.58,0.51,3.00,2.00,3.00,12.00,2.65,-0.06,,-0.35,0.35,0.74,0.35,0.00,3.00,0.49,12.00
invitees,3.00,2.82,0.60,3.00,2.00,4.00,11.00,2.76,0.05,,-0.24,0.24,0.80,0.24,0.00,3.00,0.59,11.00
involves,3.00,2.60,0.52,3.00,2.00,3.00,10.00,2.60,-0.11,,-0.40,0.40,0.71,0.40,0.00,3.00,0.57,10.00
irritation,3.00,2.60,0.70,2.50,2.00,4.00,10.00,2.68,-0.02,,-0.32,0.32,0.76,0.32,0.00,3.00,0.63,10.00
jester,2.00,2.00,0.00,2.00,2.00,2.00,11.00,1.90,-0.80,,-0.10,0.10,0.91,0.10,0.00,2.00,,11.00
keenness,2.00,2.00,0.00,2.00,2.00,2.00,11.00,2.04,-0.67,,0.04,0.04,0.97,0.00,0.04,2.00,,11.00
largeness,2.00,2.00,0.00,2.00,2.00,2.00,10.00,1.88,-0.83,,-0.12,0.12,0.89,0.12,0.00,2.00,,10.00
leakage,2.00,2.00,0.00,2.00,2.00,2.00,12.00,2.19,-0.51,,0.19,0.19,0.84,0.00,0.19,2.00,,12.00
littleness,2.00,2.18,0.40,2.00,2.00,3.00,11.00,2.28,-0.43,,0.28,0.28,0.78,0.00,0.28,2.00,-0.31,11.00
lucidity,3.00,2.25,0.45,2.00,2.00,3.00,12.00,2.28,-0.43,,-0.72,0.72,0.58,0.72,0.00,2.00,0.59,12.00
meanest,2.00,2.00,0.00,2.00,2.00,2.00,12.00,2.01,-0.70,,0.01,0.01,0.99,0.00,0.01,2.00,,12.00
mildly,2.00,2.00,0.00,2.00,2.00,2.00,12.00,1.99,-0.72,,-0.01,0.01,0.99,0.01,0.00,2.00,,12.00
momentarily,3.00,3.25,1.14,3.00,1.00,5.00,12.00,3.22,0.52,,0.22,0.22,0.82,0.00,0.22,3.00,0.92,12.00
mortification,3.00,3.00,1.00,3.00,2.00,5.00,9.00,2.92,0.22,,-0.08,0.08,0.93,0.08,0.00,3.00,0.70,9.00
negates,2.00,2.00,0.77,2.00,1.00,3.00,11.00,2.08,-0.63,,0.08,0.08,0.93,0.00,0.08,2.00,0.81,11.00
nutritious,2.00,2.18,0.75,2.00,1.00,3.00,11.00,2.16,-0.54,,0.16,0.16,0.86,0.00,0.16,2.00,0.15,11.00
obliquely,2.00,2.44,0.88,2.00,1.00,4.00,9.00,2.49,-0.21,,0.49,0.49,0.67,0.00,0.49,2.00,0.68,9.00
outcome,2.00,2.00,0.00,2.00,2.00,2.00,10.00,1.75,-0.96,,-0.25,0.25,0.80,0.25,0.00,2.00,,10.00
outwit,2.00,2.00,0.00,2.00,2.00,2.00,11.00,2.01,-0.69,,0.01,0.01,0.99,0.00,0.01,2.00,,11.00
overtook,2.00,2.00,0.00,2.00,2.00,2.00,12.00,2.04,-0.67,,0.04,0.04,0.96,0.00,0.04,2.00,,12.00
parametric,3.00,2.40,0.52,2.00,2.00,3.00,10.00,2.50,-0.20,,-0.50,0.50,0.67,0.50,0.00,3.00,0.54,10.00
peddler,2.00,2.20,0.42,2.00,2.00,3.00,10.00,2.18,-0.53,,0.18,0.18,0.85,0.00,0.18,2.00,0.57,10.00
performance,2.00,2.73,0.79,3.00,2.00,4.00,11.00,2.53,-0.18,,0.53,0.53,0.65,0.00,0.53,3.00,0.79,11.00
permission,3.00,2.50,0.80,2.50,1.00,4.00,12.00,2.42,-0.28,,-0.58,0.58,0.63,0.58,0.00,2.00,0.81,12.00
pianist,2.00,1.90,0.32,2.00,1.00,2.00,10.00,2.07,-0.63,,0.07,0.07,0.93,0.00,0.07,2.00,0.75,10.00
plagiarizing,3.00,2.55,0.82,2.00,2.00,4.00,11.00,2.76,0.05,,-0.24,0.24,0.80,0.24,0.00,3.00,0.60,11.00
politeness,2.00,2.67,0.71,3.00,2.00,4.00,9.00,2.43,-0.27,,0.43,0.43,0.70,0.00,0.43,2.00,0.36,9.00
politicize,2.00,2.50,0.67,2.00,2.00,4.00,12.00,2.41,-0.29,,0.41,0.41,0.71,0.00,0.41,2.00,0.72,12.00
postbag,2.00,2.00,0.00,2.00,2.00,2.00,9.00,1.87,-0.83,,-0.13,0.13,0.89,0.13,0.00,2.00,,9.00
postulated,3.00,3.18,0.75,3.00,2.00,4.00,11.00,3.04,0.34,,0.04,0.04,0.96,0.00,0.04,3.00,0.63,11.00
postulating,3.00,2.83,0.58,3.00,2.00,4.00,12.00,2.84,0.13,,-0.16,0.16,0.86,0.16,0.00,3.00,0.10,12.00
preserved,3.00,2.18,0.60,2.00,1.00,3.00,11.00,2.30,-0.40,,-0.70,0.70,0.59,0.70,0.00,2.00,0.27,11.00
prettiest,2.00,2.25,0.45,2.00,2.00,3.00,12.00,2.25,-0.46,,0.25,0.25,0.80,0.00,0.25,2.00,-0.12,12.00
prettified,3.00,2.56,0.53,3.00,2.00,3.00,9.00,2.66,-0.05,,-0.34,0.34,0.75,0.34,0.00,3.00,0.57,9.00
preventative,2.00,3.08,0.67,3.00,2.00,4.00,12.00,3.06,0.36,,1.06,1.06,0.48,0.00,1.06,3.00,0.73,12.00
prisoner,2.00,2.08,0.51,2.00,1.00,3.00,12.00,2.19,-0.51,,0.19,0.19,0.84,0.00,0.19,2.00,0.65,12.00
profiteer,2.00,2.31,0.63,2.00,2.00,4.00,13.00,2.34,-0.37,,0.34,0.34,0.75,0.00,0.34,2.00,0.57,13.00
proposition,3.00,2.45,0.52,2.00,2.00,3.00,11.00,2.62,-0.08,,-0.38,0.38,0.73,0.38,0.00,3.00,0.16,11.00
quieter,2.00,1.89,0.33,2.00,1.00,2.00,9.00,1.94,-0.76,,-0.06,0.06,0.94,0.06,0.00,2.00,0.70,9.00
quitter,2.00,2.00,0.00,2.00,2.00,2.00,11.00,1.99,-0.71,,-0.01,0.01,0.99,0.01,0.00,2.00,,11.00
radicals,3.00,2.00,0.45,2.00,1.00,3.00,11.00,2.15,-0.56,,-0.85,0.85,0.54,0.85,0.00,2.00,0.57,11.00
reforming,3.00,2.91,0.30,3.00,2.00,3.00,11.00,2.91,0.21,,-0.09,0.09,0.92,0.09,0.00,3.00,0.15,11.00
rejecters,4.00,2.91,1.04,3.00,1.00,4.00,11.00,2.95,0.25,,-1.05,1.05,0.49,1.05,0.00,3.00,0.36,11.00
rejig,2.00,1.67,0.50,2.00,1.00,2.00,9.00,1.87,-0.84,,-0.13,0.13,0.88,0.13,0.00,2.00,0.49,9.00
restitution,3.00,2.55,1.04,3.00,1.00,4.00,11.00,2.57,-0.14,,-0.43,0.43,0.70,0.43,0.00,3.00,0.69,11.00
restraining,3.00,2.58,0.51,3.00,2.00,3.00,12.00,2.81,0.11,,-0.19,0.19,0.84,0.19,0.00,3.00,0.36,12.00
ripens,3.00,2.56,0.53,3.00,2.00,3.00,9.00,2.56,-0.15,,-0.44,0.44,0.69,0.44,0.00,3.00,0.61,9.00
rocky,2.00,1.80,0.42,2.00,1.00,2.00,10.00,1.90,-0.81,,-0.10,0.10,0.91,0.10,0.00,2.00,-0.73,10.00
rougher,2.00,1.88,0.35,2.00,1.00,2.00,8.00,1.88,-0.82,,-0.12,0.12,0.89,0.12,0.00,2.00,0.58,8.00
runny,2.00,1.83,0.39,2.00,1.00,2.00,12.00,1.94,-0.76,,-0.06,0.06,0.94,0.06,0.00,2.00,0.18,12.00
scraper,2.00,2.20,0.42,2.00,2.00,3.00,10.00,2.23,-0.47,,0.23,0.23,0.81,0.00,0.23,2.00,0.39,10.00
scratchier,3.00,2.43,0.65,2.00,2.00,4.00,14.00,2.43,-0.28,,-0.57,0.57,0.64,0.57,0.00,2.00,0.44,14.00
sedately,2.00,2.20,0.42,2.00,2.00,3.00,10.00,2.37,-0.34,,0.37,0.37,0.73,0.00,0.37,2.00,0.26,10.00
shapeless,2.00,2.00,0.00,2.00,2.00,2.00,11.00,2.02,-0.69,,0.02,0.02,0.98,0.00,0.02,2.00,,11.00
sharper,2.00,2.00,0.00,2.00,2.00,2.00,11.00,1.93,-0.77,,-0.07,0.07,0.94,0.07,0.00,2.00,,11.00
shepherdess,2.00,2.64,0.50,3.00,2.00,3.00,11.00,2.55,-0.15,,0.55,0.55,0.64,0.00,0.55,3.00,0.54,11.00
shorter,2.00,2.00,0.00,2.00,2.00,2.00,9.00,1.93,-0.78,,-0.07,0.07,0.93,0.07,0.00,2.00,,9.00
shortness,2.00,2.09,0.30,2.00,2.00,3.00,11.00,2.06,-0.65,,0.06,0.06,0.95,0.00,0.06,2.00,0.34,11.00
sleeveless,2.00,2.20,0.63,2.00,2.00,4.00,10.00,2.35,-0.35,,0.35,0.35,0.74,0.00,0.35,2.00,-0.04,10.00
slipper,2.00,2.10,0.32,2.00,2.00,3.00,10.00,2.03,-0.67,,0.03,0.03,0.97,0.00,0.03,2.00,0.22,10.00
sloppily,3.00,2.36,0.50,2.00,2.00,3.00,11.00,2.41,-0.29,,-0.59,0.59,0.63,0.59,0.00,2.00,0.57,11.00
songstress,2.00,2.09,0.30,2.00,2.00,3.00,11.00,2.04,-0.67,,0.04,0.04,0.96,0.00,0.04,2.00,-0.19,11.00
statesman,3.00,2.31,0.63,2.00,1.00,3.00,13.00,2.46,-0.25,,-0.54,0.54,0.65,0.54,0.00,2.00,0.84,13.00
stationary,3.00,2.45,0.69,2.00,2.00,4.00,11.00,2.45,-0.25,,-0.55,0.55,0.65,0.55,0.00,2.00,0.52,11.00
stiffer,2.00,1.91,0.30,2.00,1.00,2.00,11.00,1.90,-0.80,,-0.10,0.10,0.91,0.10,0.00,2.00,0.41,11.00
stretchiness,3.00,2.82,0.60,3.00,2.00,4.00,11.00,2.76,0.06,,-0.24,0.24,0.81,0.24,0.00,3.00,0.60,11.00
sturdier,2.00,2.36,0.50,2.00,2.00,3.00,11.00,2.23,-0.47,,0.23,0.23,0.81,0.00,0.23,2.00,0.65,11.00
stylists,3.00,2.54,0.52,3.00,2.00,3.00,13.00,2.69,-0.02,,-0.31,0.31,0.76,0.31,0.00,3.00,0.36,13.00
supplement,2.00,1.91,0.70,2.00,1.00,3.00,11.00,1.98,-0.73,,-0.02,0.02,0.98,0.02,0.00,2.00,0.70,11.00
symbolism,2.00,2.33,0.50,2.00,2.00,3.00,9.00,2.54,-0.17,,0.54,0.54,0.65,0.00,0.54,3.00,0.41,9.00
tactless,2.00,2.00,0.00,2.00,2.00,2.00,12.00,2.09,-0.62,,0.09,0.09,0.92,0.00,0.09,2.00,,12.00
tearful,2.00,2.00,0.41,2.00,1.00,3.00,13.00,2.23,-0.48,,0.23,0.23,0.82,0.00,0.23,2.00,0.68,13.00
thoughtless,2.00,2.00,0.00,2.00,2.00,2.00,11.00,2.11,-0.59,,0.11,0.11,0.90,0.00,0.11,2.00,,11.00
tightness,2.00,2.00,0.00,2.00,2.00,2.00,12.00,1.94,-0.77,,-0.06,0.06,0.94,0.06,0.00,2.00,,12.00
toxicity,3.00,2.45,0.69,2.00,2.00,4.00,11.00,2.39,-0.32,,-0.61,0.61,0.62,0.61,0.00,2.00,0.15,11.00
trilingual,3.00,3.00,0.43,3.00,2.00,4.00,12.00,2.83,0.13,,-0.17,0.17,0.86,0.17,0.00,3.00,0.48,12.00
triumphant,2.00,2.36,0.50,2.00,2.00,3.00,11.00,2.39,-0.32,,0.39,0.39,0.72,0.00,0.39,2.00,0.04,11.00
underpin,2.00,2.08,0.29,2.00,2.00,3.00,12.00,2.23,-0.47,,0.23,0.23,0.81,0.00,0.23,2.00,0.66,12.00
unfit,2.00,1.83,0.39,2.00,1.00,2.00,12.00,2.06,-0.65,,0.06,0.06,0.94,0.00,0.06,2.00,0.12,12.00
unravel,2.00,2.00,0.43,2.00,1.00,3.00,12.00,2.08,-0.62,,0.08,0.08,0.92,0.00,0.08,2.00,0.19,12.00
unsocial,3.00,2.42,0.51,2.00,2.00,3.00,12.00,2.36,-0.34,,-0.64,0.64,0.61,0.64,0.00,2.00,0.79,12.00
urbanity,2.00,2.17,0.83,2.00,1.00,4.00,12.00,2.31,-0.40,,0.31,0.31,0.76,0.00,0.31,2.00,0.90,12.00
viability,2.00,2.58,0.51,3.00,2.00,3.00,12.00,2.62,-0.09,,0.62,0.62,0.62,0.00,0.62,3.00,0.59,12.00
victorious,3.00,2.45,0.69,3.00,1.00,3.00,11.00,2.37,-0.34,,-0.63,0.63,0.61,0.63,0.00,2.00,0.60,11.00
vocalist,3.00,2.22,0.44,2.00,2.00,3.00,9.00,2.23,-0.48,,-0.77,0.77,0.56,0.77,0.00,2.00,0.57,9.00
accordingly,4.00,2.73,0.65,3.00,1.00,3.00,11.00,2.96,0.25,,-1.04,1.04,0.49,1.04,0.00,3.00,0.88,11.00
amplifier,3.00,3.00,0.63,3.00,2.00,4.00,11.00,2.84,0.14,,-0.16,0.16,0.86,0.16,0.00,3.00,0.65,11.00
bigotries,3.00,2.92,0.29,3.00,2.00,3.00,12.00,2.74,0.03,,-0.26,0.26,0.79,0.26,0.00,3.00,0.49,12.00
biweekly,3.00,2.92,0.28,3.00,2.00,3.00,13.00,2.96,0.26,,-0.04,0.04,0.96,0.04,0.00,3.00,0.60,13.00
communicated,4.00,3.00,0.89,3.00,2.00,5.00,11.00,2.97,0.27,,-1.03,1.03,0.49,1.03,0.00,3.00,0.60,11.00
counteracts,3.00,3.00,0.67,3.00,2.00,4.00,10.00,3.06,0.35,,0.06,0.06,0.94,0.00,0.06,3.00,0.74,10.00
decoded,3.00,2.92,0.29,3.00,2.00,3.00,12.00,2.86,0.15,,-0.14,0.14,0.88,0.14,0.00,3.00,0.15,12.00
decreases,3.00,2.83,0.39,3.00,2.00,3.00,12.00,2.80,0.09,,-0.20,0.20,0.83,0.20,0.00,3.00,0.22,12.00
deepened,3.00,2.77,0.44,3.00,2.00,3.00,13.00,2.71,0.00,,-0.29,0.29,0.77,0.29,0.00,3.00,0.43,13.00
defensively,3.00,2.82,0.75,3.00,2.00,4.00,11.00,2.92,0.22,,-0.08,0.08,0.93,0.08,0.00,3.00,0.79,11.00
dependency,4.00,2.91,0.83,3.00,2.00,4.00,11.00,3.01,0.30,,-0.99,0.99,0.50,0.99,0.00,3.00,0.79,11.00
dictatorial,4.00,3.27,1.10,4.00,2.00,5.00,11.00,3.21,0.50,,-0.79,0.79,0.56,0.79,0.00,3.00,0.81,11.00
disagreeing,3.00,2.75,0.45,3.00,2.00,3.00,12.00,3.01,0.31,,0.01,0.01,0.99,0.00,0.01,3.00,0.70,12.00
disbanding,3.00,2.83,0.39,3.00,2.00,3.00,12.00,2.82,0.12,,-0.18,0.18,0.85,0.18,0.00,3.00,0.53,12.00
disgraceful,3.00,2.89,0.33,3.00,2.00,3.00,9.00,2.95,0.24,,-0.05,0.05,0.95,0.05,0.00,3.00,0.23,9.00
disgustedly,3.00,3.67,0.65,4.00,3.00,5.00,12.00,3.60,0.90,,0.60,0.60,0.62,0.00,0.60,4.00,0.77,12.00
dislocating,3.00,3.18,0.40,3.00,3.00,4.00,11.00,3.03,0.33,,0.03,0.03,0.97,0.00,0.03,3.00,0.49,11.00
disloyalty,3.00,3.20,0.42,3.00,3.00,4.00,10.00,3.07,0.36,,0.07,0.07,0.94,0.00,0.07,3.00,0.82,10.00
displaced,3.00,2.83,0.39,3.00,2.00,3.00,12.00,2.75,0.04,,-0.25,0.25,0.80,0.25,0.00,3.00,0.33,12.00
disposals,4.00,2.67,0.78,3.00,1.00,4.00,12.00,2.75,0.05,,-1.25,1.25,0.45,1.25,0.00,3.00,0.72,12.00
envisions,4.00,3.08,0.51,3.00,2.00,4.00,12.00,3.00,0.29,,-1.00,1.00,0.50,1.00,0.00,3.00,0.84,12.00
explosives,4.00,2.91,0.54,3.00,2.00,4.00,11.00,2.79,0.08,,-1.21,1.21,0.45,1.21,0.00,3.00,0.44,11.00
fixatives,4.00,2.91,0.70,3.00,2.00,4.00,11.00,3.01,0.30,,-0.99,0.99,0.50,0.99,0.00,3.00,0.77,11.00
harmfulness,3.00,3.00,0.00,3.00,3.00,3.00,9.00,2.94,0.23,,-0.06,0.06,0.94,0.06,0.00,3.00,,9.00
herbalist,3.00,2.73,0.65,3.00,2.00,4.00,11.00,2.80,0.09,,-0.20,0.20,0.83,0.20,0.00,3.00,0.50,11.00
honorifics,3.00,3.00,0.77,3.00,2.00,4.00,11.00,2.90,0.20,,-0.10,0.10,0.91,0.10,0.00,3.00,0.82,11.00
horrifyingly,4.00,3.18,0.40,3.00,3.00,4.00,11.00,3.20,0.49,,-0.80,0.80,0.55,0.80,0.00,3.00,0.34,11.00
identities,3.00,2.92,0.51,3.00,2.00,4.00,12.00,2.84,0.14,,-0.16,0.16,0.86,0.16,0.00,3.00,0.70,12.00
impulsively,4.00,3.00,0.47,3.00,2.00,4.00,10.00,3.04,0.34,,-0.96,0.96,0.51,0.96,0.00,3.00,0.63,10.00
incapability,3.00,3.27,1.19,3.00,2.00,6.00,11.00,3.26,0.55,,0.26,0.26,0.79,0.00,0.26,3.00,0.91,11.00
incompetently,4.00,3.70,0.82,3.50,3.00,5.00,10.00,3.55,0.85,,-0.45,0.45,0.69,0.45,0.00,4.00,0.81,10.00
indiscernible,4.00,3.44,0.73,4.00,2.00,4.00,9.00,3.27,0.57,,-0.73,0.73,0.58,0.73,0.00,3.00,0.38,9.00
inflated,3.00,2.55,0.52,3.00,2.00,3.00,11.00,2.66,-0.05,,-0.34,0.34,0.75,0.34,0.00,3.00,0.70,11.00
inheriting,3.00,3.00,0.63,3.00,2.00,4.00,11.00,2.99,0.29,,-0.01,0.01,0.99,0.01,0.00,3.00,0.60,11.00
insincerity,3.00,3.18,0.75,3.00,2.00,5.00,11.00,3.08,0.37,,0.08,0.08,0.93,0.00,0.08,3.00,0.50,11.00
inspectorate,4.00,3.20,0.63,3.00,2.00,4.00,10.00,3.07,0.37,,-0.93,0.93,0.52,0.93,0.00,3.00,0.72,10.00
interchangable,3.00,3.17,0.39,3.00,3.00,4.00,12.00,3.27,0.56,,0.27,0.27,0.79,0.00,0.27,3.00,0.04,12.00
irreplacable,3.00,3.08,0.51,3.00,2.00,4.00,12.00,3.24,0.54,,0.24,0.24,0.80,0.00,0.24,3.00,0.35,12.00
kindlier,3.00,2.38,0.52,2.00,2.00,3.00,8.00,2.34,-0.36,,-0.66,0.66,0.60,0.66,0.00,2.00,-0.42,8.00
listeners,3.00,2.83,0.39,3.00,2.00,3.00,12.00,2.84,0.14,,-0.16,0.16,0.86,0.16,0.00,3.00,0.19,12.00
misdiagnosed,3.00,3.18,0.40,3.00,3.00,4.00,11.00,3.05,0.34,,0.05,0.05,0.95,0.00,0.05,3.00,0.84,11.00
misdiagnoses,3.00,3.36,0.67,3.00,2.00,4.00,11.00,3.49,0.78,,0.49,0.49,0.67,0.00,0.49,3.00,0.68,11.00
mispronounces,4.00,3.82,0.75,4.00,3.00,5.00,11.00,3.75,1.04,,-0.25,0.25,0.80,0.25,0.00,4.00,0.23,11.00
misquotation,3.00,3.27,0.47,3.00,3.00,4.00,11.00,3.30,0.60,,0.30,0.30,0.77,0.00,0.30,3.00,0.89,11.00
misrepresenting,3.00,3.67,0.65,4.00,3.00,5.00,12.00,3.53,0.83,,0.53,0.53,0.65,0.00,0.53,4.00,0.76,12.00
nationalities,4.00,3.73,0.65,4.00,3.00,5.00,11.00,3.61,0.90,,-0.39,0.39,0.72,0.39,0.00,4.00,0.73,11.00
naturalist,3.00,2.64,0.81,3.00,1.00,4.00,11.00,2.64,-0.06,,-0.36,0.36,0.74,0.36,0.00,3.00,0.85,11.00
neutralises,4.00,3.00,0.74,3.00,1.00,4.00,12.00,2.97,0.27,,-1.03,1.03,0.49,1.03,0.00,3.00,0.70,12.00
noiselessly,3.00,2.92,0.29,3.00,2.00,3.00,12.00,3.02,0.31,,0.02,0.02,0.98,0.00,0.02,3.00,0.59,12.00
nonresident,3.00,2.82,0.60,3.00,2.00,4.00,11.00,2.80,0.10,,-0.20,0.20,0.83,0.20,0.00,3.00,0.50,11.00
nudists,3.00,2.45,0.69,3.00,1.00,3.00,11.00,2.45,-0.25,,-0.55,0.55,0.65,0.55,0.00,2.00,0.50,11.00
observers,3.00,3.00,0.60,3.00,2.00,4.00,12.00,2.93,0.23,,-0.07,0.07,0.94,0.07,0.00,3.00,0.20,12.00
organizer,3.00,2.64,0.67,3.00,2.00,4.00,11.00,2.69,-0.01,,-0.31,0.31,0.76,0.31,0.00,3.00,0.54,11.00
outfielder,3.00,3.08,0.51,3.00,2.00,4.00,12.00,3.09,0.39,,0.09,0.09,0.92,0.00,0.09,3.00,0.23,12.00
outmatches,3.00,3.00,0.00,3.00,3.00,3.00,14.00,2.89,0.18,,-0.11,0.11,0.90,0.11,0.00,3.00,,14.00
outvoted,3.00,2.75,0.45,3.00,2.00,3.00,12.00,2.68,-0.02,,-0.32,0.32,0.76,0.32,0.00,3.00,0.42,12.00
overcompensated,5.00,3.45,0.82,3.00,2.00,5.00,11.00,3.52,0.82,,-1.48,1.48,0.40,1.48,0.00,4.00,0.67,11.00
overdeveloped,3.00,3.44,0.73,3.00,3.00,5.00,9.00,3.40,0.69,,0.40,0.40,0.72,0.00,0.40,3.00,0.73,9.00
overjoying,3.00,2.92,0.29,3.00,2.00,3.00,12.00,3.03,0.32,,0.03,0.03,0.97,0.00,0.03,3.00,0.72,12.00
parasitical,3.00,3.00,0.47,3.00,2.00,4.00,10.00,3.00,0.30,,0.00,0.00,1.00,0.00,0.00,3.00,0.67,10.00
paratroops,3.00,2.83,0.58,3.00,2.00,4.00,12.00,2.87,0.17,,-0.13,0.13,0.89,0.13,0.00,3.00,0.13,12.00
perfumers,3.00,2.92,0.67,3.00,2.00,4.00,12.00,2.94,0.24,,-0.06,0.06,0.95,0.06,0.00,3.00,0.42,12.00
perkiest,3.00,2.25,0.45,2.00,2.00,3.00,12.00,2.41,-0.30,,-0.59,0.59,0.63,0.59,0.00,2.00,0.17,12.00
pipers,3.00,2.18,0.60,2.00,1.00,3.00,11.00,2.46,-0.24,,-0.54,0.54,0.65,0.54,0.00,2.00,0.73,11.00
plunderers,3.00,3.27,0.65,3.00,2.00,4.00,11.00,3.16,0.46,,0.16,0.16,0.86,0.00,0.16,3.00,0.80,11.00
polarisation,4.00,3.08,0.90,3.00,2.00,5.00,12.00,3.08,0.38,,-0.92,0.92,0.52,0.92,0.00,3.00,0.87,12.00
postcodes,3.00,2.62,0.51,3.00,2.00,3.00,13.00,2.76,0.05,,-0.24,0.24,0.80,0.24,0.00,3.00,0.04,13.00
postdates,3.00,2.82,0.40,3.00,2.00,3.00,11.00,2.79,0.08,,-0.21,0.21,0.83,0.21,0.00,3.00,-0.27,11.00
pragmatically,3.00,3.33,1.30,3.00,1.00,5.00,12.00,3.31,0.60,,0.31,0.31,0.76,0.00,0.31,3.00,0.75,12.00
pressurizes,4.00,3.58,0.67,4.00,2.00,4.00,12.00,3.41,0.71,,-0.59,0.59,0.63,0.59,0.00,3.00,0.83,12.00
proclaims,3.00,2.64,0.50,3.00,2.00,3.00,11.00,2.60,-0.11,,-0.40,0.40,0.71,0.40,0.00,3.00,0.50,11.00
productions,4.00,3.00,0.74,3.00,2.00,4.00,12.00,3.10,0.39,,-0.90,0.90,0.53,0.90,0.00,3.00,0.79,12.00
proprietorship,3.00,2.88,0.64,3.00,2.00,4.00,8.00,3.04,0.33,,0.04,0.04,0.96,0.00,0.04,3.00,0.81,8.00
psychiatrically,4.00,3.70,0.82,3.50,3.00,5.00,10.00,3.61,0.90,,-0.39,0.39,0.72,0.39,0.00,4.00,0.52,10.00
publicizes,3.00,2.85,0.90,3.00,1.00,4.00,13.00,3.02,0.32,,0.02,0.02,0.98,0.00,0.02,3.00,0.67,13.00
qualifiers,3.00,3.20,0.92,3.00,2.00,5.00,10.00,3.14,0.43,,0.14,0.14,0.88,0.00,0.14,3.00,0.81,10.00
quantification,3.00,3.75,0.97,4.00,2.00,5.00,12.00,3.57,0.86,,0.57,0.57,0.64,0.00,0.57,4.00,0.59,12.00
quantitative,2.00,3.23,0.93,3.00,2.00,5.00,13.00,3.07,0.36,,1.07,1.07,0.48,0.00,1.07,3.00,0.71,13.00
questionable,3.00,2.67,0.78,2.50,2.00,4.00,12.00,2.69,-0.01,,-0.31,0.31,0.76,0.31,0.00,3.00,0.75,12.00
rearmed,3.00,2.67,0.65,3.00,1.00,3.00,12.00,2.79,0.09,,-0.21,0.21,0.83,0.21,0.00,3.00,0.51,12.00
reassembling,3.00,3.27,0.47,3.00,3.00,4.00,11.00,3.24,0.54,,0.24,0.24,0.80,0.00,0.24,3.00,0.84,11.00
reawaken,4.00,2.78,0.44,3.00,2.00,3.00,9.00,2.98,0.27,,-1.02,1.02,0.49,1.02,0.00,3.00,0.15,9.00
receivership,4.00,2.92,0.67,3.00,2.00,4.00,12.00,2.91,0.21,,-1.09,1.09,0.48,1.09,0.00,3.00,0.82,12.00
reconfirmed,3.00,3.18,0.60,3.00,2.00,4.00,11.00,3.08,0.38,,0.08,0.08,0.92,0.00,0.08,3.00,0.72,11.00
reemerging,3.00,3.27,0.47,3.00,3.00,4.00,11.00,3.22,0.52,,0.22,0.22,0.82,0.00,0.22,3.00,0.89,11.00
refereed,4.00,2.79,0.58,3.00,2.00,4.00,14.00,2.80,0.09,,-1.20,1.20,0.45,1.20,0.00,3.00,0.45,14.00
regained,3.00,2.92,0.29,3.00,2.00,3.00,12.00,2.70,-0.01,,-0.30,0.30,0.77,0.30,0.00,3.00,-0.31,12.00
reorganise,2.00,2.70,0.48,3.00,2.00,3.00,10.00,2.78,0.08,,0.78,0.78,0.56,0.00,0.78,3.00,0.59,10.00
reprehensible,3.00,3.36,0.81,4.00,2.00,4.00,11.00,3.23,0.52,,0.23,0.23,0.81,0.00,0.23,3.00,0.64,11.00
reshapes,3.00,2.73,0.65,3.00,2.00,4.00,11.00,2.81,0.10,,-0.19,0.19,0.84,0.19,0.00,3.00,0.33,11.00
retaken,3.00,2.80,0.42,3.00,2.00,3.00,10.00,2.94,0.24,,-0.06,0.06,0.94,0.06,0.00,3.00,0.67,10.00
ritualistic,3.00,3.08,0.67,3.00,2.00,4.00,12.00,3.09,0.38,,0.09,0.09,0.92,0.00,0.09,3.00,0.72,12.00
robbers,3.00,2.67,0.50,3.00,2.00,3.00,9.00,2.69,-0.01,,-0.31,0.31,0.76,0.31,0.00,3.00,0.61,9.00
secondarily,3.00,3.36,1.03,3.00,2.00,5.00,11.00,3.15,0.45,,0.15,0.15,0.87,0.00,0.15,3.00,0.84,11.00
secularizing,3.00,3.09,0.83,3.00,2.00,4.00,11.00,3.01,0.31,,0.01,0.01,0.99,0.00,0.01,3.00,0.84,11.00
similarities,4.00,3.00,0.43,3.00,2.00,4.00,12.00,2.97,0.27,,-1.03,1.03,0.49,1.03,0.00,3.00,0.56,12.00
slackening,3.00,2.73,0.65,3.00,1.00,3.00,11.00,2.81,0.10,,-0.19,0.19,0.84,0.19,0.00,3.00,0.05,11.00
softies,3.00,2.45,0.52,2.00,2.00,3.00,11.00,2.52,-0.18,,-0.48,0.48,0.68,0.48,0.00,3.00,0.05,11.00
stiffens,3.00,2.67,0.49,3.00,2.00,3.00,12.00,2.67,-0.04,,-0.33,0.33,0.75,0.33,0.00,3.00,0.13,12.00
subconsciously,4.00,3.36,0.67,3.00,3.00,5.00,11.00,3.44,0.73,,-0.56,0.56,0.64,0.56,0.00,3.00,0.51,11.00
subcontracted,3.00,3.70,0.48,4.00,3.00,4.00,10.00,3.49,0.78,,0.49,0.49,0.67,0.00,0.49,3.00,0.39,10.00
subpopulations,5.00,3.83,0.72,4.00,3.00,5.00,12.00,3.71,1.00,,-1.29,1.29,0.44,1.29,0.00,4.00,0.83,12.00
subtleties,3.00,2.89,0.60,3.00,2.00,4.00,9.00,2.77,0.07,,-0.23,0.23,0.81,0.23,0.00,3.00,0.63,9.00
surfers,3.00,2.73,0.47,3.00,2.00,3.00,11.00,2.62,-0.08,,-0.38,0.38,0.73,0.38,0.00,3.00,0.14,11.00
survivalists,5.00,3.64,0.81,3.00,3.00,5.00,11.00,3.56,0.85,,-1.44,1.44,0.41,1.44,0.00,4.00,0.78,11.00
tacticians,3.00,2.67,0.87,3.00,1.00,4.00,9.00,2.79,0.08,,-0.21,0.21,0.82,0.21,0.00,3.00,0.74,9.00
touchiness,3.00,3.00,0.00,3.00,3.00,3.00,10.00,2.98,0.27,,-0.02,0.02,0.98,0.02,0.00,3.00,,10.00
tracers,3.00,2.27,0.65,2.00,1.00,3.00,11.00,2.33,-0.37,,-0.67,0.67,0.60,0.67,0.00,2.00,0.67,11.00
unambiguity,3.00,3.54,1.05,4.00,2.00,6.00,13.00,3.45,0.74,,0.45,0.45,0.69,0.00,0.45,3.00,0.72,13.00
undercuts,3.00,2.83,0.58,3.00,2.00,4.00,12.00,2.91,0.21,,-0.09,0.09,0.92,0.09,0.00,3.00,0.67,12.00
understaffed,3.00,3.00,0.47,3.00,2.00,4.00,10.00,3.17,0.47,,0.17,0.17,0.85,0.00,0.17,3.00,0.74,10.00
undertakes,3.00,2.91,0.70,3.00,2.00,4.00,11.00,3.11,0.41,,0.11,0.11,0.90,0.00,0.11,3.00,0.70,11.00
undisguised,4.00,3.45,0.69,4.00,2.00,4.00,11.00,3.36,0.66,,-0.64,0.64,0.61,0.64,0.00,3.00,0.45,11.00
unhappily,3.00,2.92,0.28,3.00,2.00,3.00,13.00,3.03,0.33,,0.03,0.03,0.97,0.00,0.03,3.00,0.78,13.00
unionization,4.00,3.10,0.57,3.00,2.00,4.00,10.00,3.13,0.43,,-0.87,0.87,0.53,0.87,0.00,3.00,0.79,10.00
unmasking,3.00,2.83,0.39,3.00,2.00,3.00,12.00,2.75,0.05,,-0.25,0.25,0.80,0.25,0.00,3.00,0.77,12.00
unschooled,3.00,2.78,0.44,3.00,2.00,3.00,9.00,2.98,0.28,,-0.02,0.02,0.99,0.02,0.00,3.00,0.90,9.00
unsolved,3.00,2.89,0.33,3.00,2.00,3.00,9.00,3.01,0.30,,0.01,0.01,0.99,0.00,0.01,3.00,0.82,9.00
unsuitably,4.00,3.55,1.04,3.00,3.00,6.00,11.00,3.48,0.77,,-0.52,0.52,0.66,0.52,0.00,3.00,0.88,11.00
upwards,3.00,2.40,0.52,2.00,2.00,3.00,10.00,2.26,-0.44,,-0.74,0.74,0.58,0.74,0.00,2.00,0.11,10.00
youngsters,3.00,2.83,0.39,3.00,2.00,3.00,12.00,2.77,0.06,,-0.23,0.23,0.81,0.23,0.00,3.00,0.26,12.00
anticapitalist,4.00,3.64,1.03,3.00,3.00,6.00,11.00,3.49,0.79,,-0.51,0.51,0.66,0.51,0.00,3.00,0.77,11.00
commendations,3.00,3.70,0.48,4.00,3.00,4.00,10.00,3.73,1.02,,0.73,0.73,0.58,0.00,0.73,4.00,0.60,10.00
demoralization,4.00,3.83,1.34,4.00,2.00,6.00,12.00,3.65,0.95,,-0.35,0.35,0.74,0.35,0.00,4.00,0.83,12.00
dissatisfactions,5.00,3.91,0.70,4.00,3.00,5.00,11.00,3.90,1.20,,-1.10,1.10,0.48,1.10,0.00,4.00,0.82,11.00
functionalists,5.00,3.58,0.51,4.00,3.00,4.00,12.00,3.62,0.91,,-1.38,1.38,0.42,1.38,0.00,4.00,0.53,12.00
immortalizes,5.00,3.93,0.92,4.00,2.00,5.00,14.00,3.73,1.03,,-1.27,1.27,0.44,1.27,0.00,4.00,0.69,14.00
immunizations,4.00,3.73,0.47,4.00,3.00,4.00,11.00,3.70,1.00,,-0.30,0.30,0.77,0.30,0.00,4.00,-0.13,11.00
interspecies,2.00,3.64,0.92,4.00,2.00,5.00,11.00,3.41,0.70,,1.41,1.41,0.42,0.00,1.41,3.00,0.73,11.00
irresponsibility,3.00,3.91,1.30,4.00,2.00,7.00,11.00,3.84,1.13,,0.84,0.84,0.54,0.00,0.84,4.00,0.86,11.00
maneuverability,3.00,3.75,1.36,3.00,2.00,7.00,12.00,3.68,0.98,,0.68,0.68,0.59,0.00,0.68,4.00,0.74,12.00
meaninglessness,4.00,3.79,0.58,4.00,3.00,5.00,14.00,3.71,1.00,,-0.29,0.29,0.77,0.29,0.00,4.00,0.73,14.00
microelectronics,4.00,4.00,1.18,4.00,3.00,7.00,11.00,3.82,1.12,,-0.18,0.18,0.85,0.18,0.00,4.00,0.81,11.00
miscommunications,5.00,4.27,0.79,4.00,3.00,6.00,11.00,4.22,1.51,,-0.78,0.78,0.56,0.78,0.00,4.00,0.62,11.00
misjudgements,4.00,3.45,0.69,4.00,2.00,4.00,11.00,3.52,0.81,,-0.48,0.48,0.68,0.48,0.00,4.00,0.50,11.00
mistranslates,3.00,3.54,0.52,4.00,3.00,4.00,13.00,3.60,0.89,,0.60,0.60,0.63,0.00,0.60,4.00,0.77,13.00
motivationally,4.00,3.63,0.74,3.50,3.00,5.00,8.00,3.53,0.82,,-0.47,0.47,0.68,0.47,0.00,4.00,0.65,8.00
prointerventionist,4.00,4.82,0.98,5.00,3.00,6.00,11.00,4.39,1.69,,0.39,0.39,0.72,0.00,0.39,4.00,0.72,11.00
ungratefully,4.00,3.55,0.52,4.00,3.00,4.00,11.00,3.63,0.92,,-0.37,0.37,0.73,0.37,0.00,4.00,0.35,11.00
uninhabitable,4.00,4.36,0.81,4.00,3.00,6.00,11.00,4.06,1.36,,0.06,0.06,0.94,0.00,0.06,4.00,0.68,11.00
unmistakably,5.00,3.45,0.52,3.00,3.00,4.00,11.00,3.50,0.80,,-1.50,1.50,0.40,1.50,0.00,4.00,0.41,11.00
constitutionalists,6.00,4.20,1.03,4.00,2.00,6.00,10.00,4.18,1.47,,-1.82,1.82,0.35,1.82,0.00,4.00,0.41,10.00
institutionalisation,6.00,3.91,1.87,4.00,2.00,8.00,11.00,4.08,1.37,,-1.92,1.92,0.34,1.92,0.00,4.00,0.73,11.00
womanizers,4.00,3.64,0.74,4.00,2.00,5.00,14.00,3.44,0.73,,-0.56,0.56,0.64,0.56,0.00,3.00,0.40,14.00
abstract,2.00,1.56,0.88,1.00,1.00,3.00,9.00,1.80,-0.91,,-0.20,0.20,0.83,0.20,0.00,2.00,0.59,9.00
active,2.00,1.73,0.47,2.00,1.00,2.00,11.00,1.84,-0.87,,-0.16,0.16,0.86,0.16,0.00,2.00,0.71,11.00
affluence,3.00,2.20,1.03,2.00,1.00,4.00,10.00,2.37,-0.34,,-0.63,0.63,0.61,0.63,0.00,2.00,0.57,10.00
commission,3.00,2.27,0.79,2.00,1.00,3.00,11.00,2.29,-0.41,,-0.71,0.71,0.59,0.71,0.00,2.00,0.78,11.00
discovery,2.00,2.67,1.12,3.00,1.00,4.00,9.00,2.62,-0.09,,0.62,0.62,0.62,0.00,0.62,3.00,0.73,9.00
exactly,2.00,2.27,0.65,2.00,1.00,3.00,11.00,2.45,-0.25,,0.45,0.45,0.69,0.00,0.45,2.00,0.50,11.00
facials,3.00,2.00,0.71,2.00,1.00,3.00,13.00,2.18,-0.53,,-0.82,0.82,0.55,0.82,0.00,2.00,0.86,13.00
fictions,3.00,2.27,0.79,2.00,1.00,3.00,11.00,2.42,-0.28,,-0.58,0.58,0.63,0.58,0.00,2.00,0.77,11.00
inhibits,3.00,2.50,0.80,2.50,1.00,4.00,12.00,2.59,-0.12,,-0.41,0.41,0.71,0.41,0.00,3.00,0.72,12.00
initials,3.00,2.36,0.81,2.00,1.00,4.00,11.00,2.43,-0.27,,-0.57,0.57,0.64,0.57,0.00,2.00,0.76,11.00
instructs,3.00,2.50,0.80,3.00,1.00,3.00,12.00,2.49,-0.22,,-0.51,0.51,0.66,0.51,0.00,2.00,0.69,12.00
phobia,2.00,1.58,0.67,1.50,1.00,3.00,12.00,1.65,-1.06,,-0.35,0.35,0.74,0.35,0.00,2.00,0.84,12.00
profession,2.00,2.42,0.79,3.00,1.00,3.00,12.00,2.39,-0.32,,0.39,0.39,0.72,0.00,0.39,2.00,0.87,12.00
reacts,3.00,2.27,0.79,2.00,1.00,3.00,11.00,2.27,-0.43,,-0.73,0.73,0.58,0.73,0.00,2.00,0.59,11.00
variables,3.00,2.73,0.90,3.00,1.00,4.00,11.00,2.76,0.06,,-0.24,0.24,0.81,0.24,0.00,3.00,0.83,11.00
voltages,3.00,2.82,0.75,3.00,1.00,4.00,11.00,2.63,-0.07,,-0.37,0.37,0.73,0.37,0.00,3.00,0.76,11.00
absorbing,3.00,2.33,0.49,2.00,2.00,3.00,12.00,2.54,-0.17,,-0.46,0.46,0.68,0.46,0.00,3.00,0.29,12.00
abstentions,3.00,3.00,0.74,3.00,2.00,4.00,12.00,3.16,0.46,,0.16,0.16,0.86,0.00,0.16,3.00,0.75,12.00
adulterer,2.00,2.60,0.70,3.00,1.00,3.00,10.00,2.66,-0.04,,0.66,0.66,0.60,0.00,0.66,3.00,0.45,10.00
alphabetically,3.00,3.88,1.13,4.00,2.00,5.00,8.00,3.70,1.00,,0.70,0.70,0.59,0.00,0.70,4.00,0.93,8.00
analytically,4.00,2.67,0.78,2.50,2.00,4.00,12.00,2.80,0.10,,-1.20,1.20,0.46,1.20,0.00,3.00,0.72,12.00
animation,3.00,2.45,0.52,2.00,2.00,3.00,11.00,2.51,-0.19,,-0.49,0.49,0.67,0.49,0.00,3.00,0.42,11.00
apologized,3.00,2.91,0.83,3.00,2.00,4.00,11.00,2.75,0.05,,-0.25,0.25,0.80,0.25,0.00,3.00,0.90,11.00
assailant,2.00,2.08,0.51,2.00,1.00,3.00,12.00,2.20,-0.50,,0.20,0.20,0.83,0.00,0.20,2.00,0.18,12.00
assurance,3.00,2.38,0.87,2.00,1.00,4.00,13.00,2.48,-0.23,,-0.52,0.52,0.66,0.52,0.00,2.00,0.78,13.00
audible,2.00,2.08,0.64,2.00,1.00,3.00,13.00,2.09,-0.62,,0.09,0.09,0.92,0.00,0.09,2.00,0.29,13.00
autographs,3.00,2.75,0.62,3.00,2.00,4.00,12.00,2.74,0.03,,-0.26,0.26,0.79,0.26,0.00,3.00,0.71,12.00
bemuse,2.00,2.00,0.00,2.00,2.00,2.00,10.00,2.23,-0.47,,0.23,0.23,0.81,0.00,0.23,2.00,,10.00
besieges,3.00,2.58,0.67,3.00,1.00,3.00,12.00,2.65,-0.06,,-0.35,0.35,0.74,0.35,0.00,3.00,0.84,12.00
bidder,2.00,1.92,0.29,2.00,1.00,2.00,12.00,1.94,-0.77,,-0.06,0.06,0.94,0.06,0.00,2.00,-0.01,12.00
boilers,3.00,2.55,0.52,3.00,2.00,3.00,11.00,2.58,-0.13,,-0.42,0.42,0.70,0.42,0.00,3.00,0.38,11.00
boneless,2.00,2.00,0.00,2.00,2.00,2.00,10.00,2.17,-0.54,,0.17,0.17,0.86,0.00,0.17,2.00,,10.00
builder,2.00,2.00,0.00,2.00,2.00,2.00,11.00,2.15,-0.56,,0.15,0.15,0.87,0.00,0.15,2.00,,11.00
calmly,2.00,2.00,0.00,2.00,2.00,2.00,12.00,2.00,-0.71,,0.00,0.00,1.00,0.00,0.00,2.00,,12.00
chesty,2.00,1.90,0.32,2.00,1.00,2.00,10.00,1.83,-0.87,,-0.17,0.17,0.86,0.17,0.00,2.00,0.18,10.00
circulation,3.00,2.64,0.67,3.00,2.00,4.00,11.00,2.70,-0.01,,-0.30,0.30,0.77,0.30,0.00,3.00,0.65,11.00
citizenry,2.00,2.71,0.76,3.00,2.00,4.00,7.00,2.61,-0.10,,0.61,0.61,0.62,0.00,0.61,3.00,0.74,7.00
claimant,2.00,1.89,0.33,2.00,1.00,2.00,9.00,1.98,-0.72,,-0.02,0.02,0.98,0.02,0.00,2.00,0.16,9.00
cleanly,2.00,1.92,0.29,2.00,1.00,2.00,12.00,2.15,-0.56,,0.15,0.15,0.87,0.00,0.15,2.00,0.32,12.00
clingier,3.00,2.27,0.79,2.00,1.00,3.00,11.00,2.40,-0.31,,-0.60,0.60,0.62,0.60,0.00,2.00,0.62,11.00
commercialized,4.00,3.82,1.08,4.00,2.00,5.00,11.00,3.57,0.87,,-0.43,0.43,0.70,0.43,0.00,4.00,0.89,11.00
competition,2.00,2.70,0.82,2.50,2.00,4.00,10.00,2.71,0.01,,0.71,0.71,0.58,0.00,0.71,3.00,0.78,10.00
complexity,3.00,2.67,0.71,3.00,2.00,4.00,9.00,2.68,-0.03,,-0.32,0.32,0.76,0.32,0.00,3.00,0.83,9.00
considerations,3.00,3.80,1.03,4.00,2.00,5.00,10.00,3.64,0.93,,0.64,0.64,0.61,0.00,0.64,4.00,0.88,10.00
continuation,2.00,3.27,1.27,3.00,1.00,5.00,11.00,3.17,0.46,,1.17,1.17,0.46,0.00,1.17,3.00,0.87,11.00
conveyor,3.00,2.27,0.65,2.00,1.00,3.00,11.00,2.52,-0.18,,-0.48,0.48,0.68,0.48,0.00,3.00,0.83,11.00
crier,2.00,1.91,0.30,2.00,1.00,2.00,11.00,1.93,-0.78,,-0.07,0.07,0.93,0.07,0.00,2.00,0.16,11.00
cultivations,4.00,2.77,0.83,3.00,1.00,4.00,13.00,2.98,0.28,,-1.02,1.02,0.50,1.02,0.00,3.00,0.85,13.00
cunningly,2.00,2.40,0.52,2.00,2.00,3.00,10.00,2.57,-0.13,,0.57,0.57,0.64,0.00,0.57,3.00,0.44,10.00
curlers,3.00,2.30,0.48,2.00,2.00,3.00,10.00,2.31,-0.40,,-0.69,0.69,0.59,0.69,0.00,2.00,0.27,10.00
curliest,3.00,2.62,0.51,3.00,2.00,3.00,13.00,2.60,-0.11,,-0.40,0.40,0.71,0.40,0.00,3.00,0.71,13.00
dabbler,2.00,2.08,0.29,2.00,2.00,3.00,12.00,2.22,-0.48,,0.22,0.22,0.82,0.00,0.22,2.00,-0.05,12.00
deadliness,3.00,2.90,0.32,3.00,2.00,3.00,10.00,3.00,0.30,,0.00,0.00,1.00,0.00,0.00,3.00,0.40,10.00
deepens,3.00,2.50,0.52,2.50,2.00,3.00,12.00,2.43,-0.27,,-0.57,0.57,0.64,0.57,0.00,2.00,0.50,12.00
defensible,2.00,2.55,0.69,3.00,1.00,3.00,11.00,2.63,-0.07,,0.63,0.63,0.61,0.00,0.63,3.00,0.80,11.00
delegations,4.00,2.80,0.92,3.00,1.00,4.00,10.00,2.99,0.28,,-1.01,1.01,0.50,1.01,0.00,3.00,0.92,10.00
desirous,2.00,2.09,0.54,2.00,1.00,3.00,11.00,2.34,-0.37,,0.34,0.34,0.75,0.00,0.34,2.00,0.72,11.00
directorates,4.00,2.82,1.08,3.00,1.00,5.00,11.00,2.96,0.25,,-1.04,1.04,0.49,1.04,0.00,3.00,0.95,11.00
disallow,2.00,2.00,0.00,2.00,2.00,2.00,10.00,2.17,-0.53,,0.17,0.17,0.85,0.00,0.17,2.00,,10.00
doctorates,3.00,3.00,0.60,3.00,2.00,4.00,12.00,2.98,0.27,,-0.02,0.02,0.98,0.02,0.00,3.00,0.77,12.00
dominions,3.00,2.92,0.79,3.00,2.00,4.00,12.00,2.87,0.16,,-0.13,0.13,0.88,0.13,0.00,3.00,0.80,12.00
earnestly,2.00,2.64,0.50,3.00,2.00,3.00,11.00,2.54,-0.16,,0.54,0.54,0.65,0.00,0.54,3.00,0.24,11.00
economically,4.00,3.27,1.19,3.00,2.00,6.00,11.00,3.22,0.51,,-0.78,0.78,0.56,0.78,0.00,3.00,0.71,11.00
ejector,3.00,2.10,0.32,2.00,2.00,3.00,10.00,2.28,-0.43,,-0.72,0.72,0.58,0.72,0.00,2.00,0.40,10.00
elemental,2.00,2.46,0.88,2.00,2.00,5.00,13.00,2.47,-0.23,,0.47,0.47,0.68,0.00,0.47,2.00,0.77,13.00
emotionally,4.00,2.90,1.10,2.50,2.00,5.00,10.00,3.04,0.34,,-0.96,0.96,0.51,0.96,0.00,3.00,0.85,10.00
enfold,2.00,2.00,0.00,2.00,2.00,2.00,11.00,2.14,-0.56,,0.14,0.14,0.88,0.00,0.14,2.00,,11.00
enforceable,3.00,2.56,0.53,3.00,2.00,3.00,9.00,2.73,0.03,,-0.27,0.27,0.79,0.27,0.00,3.00,0.28,9.00
enrolled,3.00,2.69,0.48,3.00,2.00,3.00,13.00,2.88,0.18,,-0.12,0.12,0.90,0.12,0.00,3.00,0.61,13.00
eradication,4.00,2.67,1.07,2.50,1.00,5.00,12.00,2.74,0.04,,-1.26,1.26,0.44,1.26,0.00,3.00,0.87,12.00
excitements,4.00,3.08,0.79,3.00,2.00,4.00,12.00,3.16,0.46,,-0.84,0.84,0.54,0.84,0.00,3.00,0.73,12.00
exertion,2.00,2.18,0.40,2.00,2.00,3.00,11.00,2.25,-0.45,,0.25,0.25,0.80,0.00,0.25,2.00,0.71,11.00
feverish,2.00,2.00,0.41,2.00,1.00,3.00,13.00,2.25,-0.46,,0.25,0.25,0.80,0.00,0.25,2.00,0.75,13.00
fictitiously,3.00,3.22,1.09,3.00,2.00,5.00,9.00,3.20,0.50,,0.20,0.20,0.83,0.00,0.20,3.00,0.86,9.00
fixture,2.00,1.92,0.29,2.00,1.00,2.00,12.00,2.13,-0.57,,0.13,0.13,0.88,0.00,0.13,2.00,0.59,12.00
fossilized,3.00,2.58,0.67,2.50,2.00,4.00,12.00,2.68,-0.02,,-0.32,0.32,0.76,0.32,0.00,3.00,0.83,12.00
frightens,3.00,2.45,0.52,2.00,2.00,3.00,11.00,2.51,-0.19,,-0.49,0.49,0.67,0.49,0.00,3.00,0.44,11.00
generality,3.00,2.58,0.67,2.50,2.00,4.00,12.00,2.57,-0.14,,-0.43,0.43,0.70,0.43,0.00,3.00,0.52,12.00
generalizes,4.00,2.91,1.38,3.00,1.00,6.00,11.00,2.99,0.28,,-1.01,1.01,0.50,1.01,0.00,3.00,0.85,11.00
giddily,2.00,2.18,0.60,2.00,1.00,3.00,11.00,2.28,-0.43,,0.28,0.28,0.78,0.00,0.28,2.00,0.38,11.00
glossiest,3.00,2.45,0.52,2.00,2.00,3.00,11.00,2.48,-0.22,,-0.52,0.52,0.66,0.52,0.00,2.00,0.45,11.00
goalies,3.00,2.30,0.48,2.00,2.00,3.00,10.00,2.49,-0.21,,-0.51,0.51,0.66,0.51,0.00,2.00,0.72,10.00
governors,3.00,2.50,0.53,2.50,2.00,3.00,8.00,2.65,-0.05,,-0.35,0.35,0.74,0.35,0.00,3.00,0.54,8.00
grossly,2.00,1.91,0.30,2.00,1.00,2.00,11.00,2.07,-0.64,,0.07,0.07,0.94,0.00,0.07,2.00,0.27,11.00
guzzlers,3.00,2.44,0.53,2.00,2.00,3.00,9.00,2.50,-0.20,,-0.50,0.50,0.67,0.50,0.00,3.00,0.47,9.00
humbly,2.00,1.90,0.32,2.00,1.00,2.00,10.00,1.98,-0.73,,-0.02,0.02,0.98,0.02,0.00,2.00,0.07,10.00
hyphenate,2.00,2.30,0.67,2.00,1.00,3.00,10.00,2.38,-0.32,,0.38,0.38,0.72,0.00,0.38,2.00,0.55,10.00
hypnotised,4.00,2.73,0.47,3.00,2.00,3.00,11.00,2.70,-0.01,,-1.30,1.30,0.43,1.30,0.00,3.00,0.65,11.00
hypnotizes,3.00,3.00,0.47,3.00,2.00,4.00,10.00,2.97,0.26,,-0.03,0.03,0.97,0.03,0.00,3.00,0.66,10.00
hypocrisy,2.00,2.10,0.88,2.00,1.00,4.00,10.00,2.42,-0.28,,0.42,0.42,0.70,0.00,0.42,2.00,0.71,10.00
hypocrite,2.00,2.00,0.53,2.00,1.00,3.00,8.00,2.41,-0.30,,0.41,0.41,0.71,0.00,0.41,2.00,0.86,8.00
hypothermia,3.00,2.25,0.75,2.00,1.00,3.00,12.00,2.49,-0.21,,-0.51,0.51,0.66,0.51,0.00,2.00,0.61,12.00
illustration,3.00,2.10,0.57,2.00,1.00,3.00,10.00,2.27,-0.44,,-0.73,0.73,0.58,0.73,0.00,2.00,0.49,10.00
incinerators,5.00,3.50,0.85,3.50,2.00,5.00,10.00,3.63,0.92,,-1.37,1.37,0.42,1.37,0.00,4.00,0.71,10.00
incomplete,3.00,2.10,0.57,2.00,1.00,3.00,10.00,2.19,-0.51,,-0.81,0.81,0.55,0.81,0.00,2.00,0.66,10.00
initialising,4.00,2.91,0.83,3.00,2.00,4.00,11.00,2.90,0.20,,-1.10,1.10,0.48,1.10,0.00,3.00,0.89,11.00
innovator,2.00,2.80,0.79,3.00,2.00,4.00,10.00,2.72,0.01,,0.72,0.72,0.58,0.00,0.72,3.00,0.56,10.00
installation,3.00,2.70,0.82,2.50,2.00,4.00,10.00,2.72,0.01,,-0.28,0.28,0.78,0.28,0.00,3.00,0.67,10.00
intensities,3.00,2.80,0.92,3.00,1.00,4.00,10.00,2.90,0.19,,-0.10,0.10,0.91,0.10,0.00,3.00,0.78,10.00
interaction,3.00,3.10,0.88,3.00,2.00,4.00,10.00,2.90,0.19,,-0.10,0.10,0.91,0.10,0.00,3.00,0.83,10.00
interlocked,3.00,2.83,0.58,3.00,2.00,4.00,12.00,2.95,0.24,,-0.05,0.05,0.95,0.05,0.00,3.00,0.62,12.00
intersecting,3.00,2.91,0.70,3.00,2.00,4.00,11.00,3.00,0.29,,0.00,0.00,1.00,0.00,0.00,3.00,0.65,11.00
knowledgeable,3.00,2.83,0.94,3.00,2.00,5.00,12.00,2.84,0.13,,-0.16,0.16,0.86,0.16,0.00,3.00,0.68,12.00
loony,2.00,1.67,0.49,2.00,1.00,2.00,12.00,1.84,-0.87,,-0.16,0.16,0.86,0.16,0.00,2.00,0.49,12.00
loosened,3.00,2.67,0.50,3.00,2.00,3.00,9.00,2.76,0.05,,-0.24,0.24,0.80,0.24,0.00,3.00,0.70,9.00
loser,2.00,2.00,0.00,2.00,2.00,2.00,9.00,1.98,-0.73,,-0.02,0.02,0.98,0.02,0.00,2.00,,9.00
losers,3.00,2.27,0.65,2.00,1.00,3.00,11.00,2.33,-0.38,,-0.67,0.67,0.60,0.67,0.00,2.00,0.90,11.00
macromolecules,3.00,3.08,0.79,3.00,2.00,4.00,12.00,3.22,0.51,,0.22,0.22,0.82,0.00,0.22,3.00,0.83,12.00
materialize,2.00,2.42,0.67,2.00,2.00,4.00,12.00,2.44,-0.27,,0.44,0.44,0.70,0.00,0.44,2.00,0.84,12.00
menstruations,4.00,3.42,1.08,3.50,2.00,5.00,12.00,3.36,0.66,,-0.64,0.64,0.61,0.64,0.00,3.00,0.84,12.00
merrier,2.00,1.80,0.42,2.00,1.00,2.00,10.00,2.08,-0.62,,0.08,0.08,0.92,0.00,0.08,2.00,0.46,10.00
millennials,3.00,2.83,0.83,3.00,2.00,4.00,12.00,2.90,0.20,,-0.10,0.10,0.91,0.10,0.00,3.00,0.74,12.00
minimalists,4.00,3.31,0.85,3.00,2.00,5.00,13.00,3.24,0.54,,-0.76,0.76,0.57,0.76,0.00,3.00,0.91,13.00
mistime,2.00,2.08,0.28,2.00,2.00,3.00,13.00,2.18,-0.53,,0.18,0.18,0.85,0.00,0.18,2.00,0.13,13.00
movements,3.00,2.78,0.67,3.00,2.00,4.00,9.00,2.84,0.13,,-0.16,0.16,0.86,0.16,0.00,3.00,0.43,9.00
narcissists,3.00,2.33,0.65,2.00,2.00,4.00,12.00,2.49,-0.21,,-0.51,0.51,0.66,0.51,0.00,2.00,0.74,12.00
nauseates,3.00,2.33,0.78,2.00,1.00,4.00,12.00,2.45,-0.26,,-0.55,0.55,0.64,0.55,0.00,2.00,0.31,12.00
needless,2.00,2.00,0.00,2.00,2.00,2.00,11.00,2.09,-0.62,,0.09,0.09,0.92,0.00,0.09,2.00,,11.00
neoclassic,3.00,2.27,0.47,2.00,2.00,3.00,11.00,2.37,-0.33,,-0.63,0.63,0.61,0.63,0.00,2.00,0.49,11.00
orchestral,3.00,2.33,0.65,2.00,1.00,3.00,12.00,2.41,-0.30,,-0.59,0.59,0.63,0.59,0.00,2.00,0.58,12.00
orderlies,3.00,2.58,0.67,2.50,2.00,4.00,12.00,2.77,0.07,,-0.23,0.23,0.82,0.23,0.00,3.00,0.82,12.00
organic,2.00,1.75,0.62,2.00,1.00,3.00,12.00,2.03,-0.68,,0.03,0.03,0.97,0.00,0.03,2.00,0.52,12.00
overbids,3.00,2.75,0.45,3.00,2.00,3.00,12.00,2.74,0.04,,-0.26,0.26,0.79,0.26,0.00,3.00,0.29,12.00
overgrowth,3.00,2.42,0.51,2.00,2.00,3.00,12.00,2.57,-0.13,,-0.43,0.43,0.70,0.43,0.00,3.00,0.36,12.00
oversight,2.00,2.00,0.00,2.00,2.00,2.00,10.00,2.14,-0.56,,0.14,0.14,0.88,0.00,0.14,2.00,,10.00
pancakes,3.00,2.73,0.47,3.00,2.00,3.00,11.00,2.64,-0.07,,-0.36,0.36,0.73,0.36,0.00,3.00,0.31,11.00
particularity,3.00,3.09,1.04,3.00,2.00,5.00,11.00,3.19,0.49,,0.19,0.19,0.84,0.00,0.19,3.00,0.89,11.00
pastoral,2.00,1.91,0.30,2.00,1.00,2.00,11.00,2.11,-0.59,,0.11,0.11,0.90,0.00,0.11,2.00,0.23,11.00
patronizes,3.00,2.92,0.67,3.00,2.00,4.00,12.00,2.93,0.22,,-0.07,0.07,0.93,0.07,0.00,3.00,0.65,12.00
persistent,3.00,2.36,0.67,2.00,1.00,3.00,11.00,2.42,-0.28,,-0.58,0.58,0.63,0.58,0.00,2.00,0.44,11.00
personalizes,4.00,2.91,1.14,3.00,1.00,5.00,11.00,3.01,0.30,,-0.99,0.99,0.50,0.99,0.00,3.00,0.93,11.00
pervasive,3.00,2.42,0.51,2.00,2.00,3.00,12.00,2.48,-0.23,,-0.52,0.52,0.66,0.52,0.00,2.00,0.79,12.00
phonier,2.00,2.17,0.39,2.00,2.00,3.00,12.00,2.25,-0.46,,0.25,0.25,0.80,0.00,0.25,2.00,0.37,12.00
picky,2.00,1.92,0.28,2.00,1.00,2.00,13.00,1.98,-0.73,,-0.02,0.02,0.98,0.02,0.00,2.00,-0.16,13.00
plainest,2.00,2.00,0.00,2.00,2.00,2.00,12.00,2.20,-0.51,,0.20,0.20,0.83,0.00,0.20,2.00,,12.00
popularizing,4.00,3.25,1.22,3.00,2.00,5.00,12.00,3.27,0.57,,-0.73,0.73,0.58,0.73,0.00,3.00,0.74,12.00
postulates,3.00,3.30,0.82,3.00,2.00,5.00,10.00,3.09,0.38,,0.09,0.09,0.92,0.00,0.09,3.00,0.56,10.00
potter,2.00,1.82,0.40,2.00,1.00,2.00,11.00,1.97,-0.73,,-0.03,0.03,0.97,0.03,0.00,2.00,0.55,11.00
preciseness,2.00,2.55,0.52,3.00,2.00,3.00,11.00,2.59,-0.11,,0.59,0.59,0.63,0.00,0.59,3.00,0.52,11.00
premierships,3.00,3.27,0.90,3.00,2.00,5.00,11.00,3.13,0.42,,0.13,0.13,0.89,0.00,0.13,3.00,0.86,11.00
pretender,3.00,2.75,0.45,3.00,2.00,3.00,12.00,2.71,0.01,,-0.29,0.29,0.78,0.29,0.00,3.00,0.74,12.00
priciest,3.00,2.82,0.40,3.00,2.00,3.00,11.00,2.71,0.00,,-0.29,0.29,0.77,0.29,0.00,3.00,0.44,11.00
priesthood,2.00,2.00,0.50,2.00,1.00,3.00,9.00,2.08,-0.62,,0.08,0.08,0.92,0.00,0.08,2.00,0.63,9.00
procurement,2.00,2.69,0.48,3.00,2.00,3.00,13.00,2.76,0.05,,0.76,0.76,0.57,0.00,0.76,3.00,0.54,13.00
productivity,4.00,3.17,0.83,3.00,2.00,4.00,12.00,3.11,0.40,,-0.89,0.89,0.53,0.89,0.00,3.00,0.71,12.00
prosperously,3.00,3.11,0.60,3.00,2.00,4.00,9.00,3.01,0.31,,0.01,0.01,0.99,0.00,0.01,3.00,0.74,9.00
purists,3.00,2.56,0.53,3.00,2.00,3.00,9.00,2.62,-0.09,,-0.38,0.38,0.72,0.38,0.00,3.00,0.37,9.00
rashly,2.00,2.00,0.00,2.00,2.00,2.00,13.00,2.15,-0.55,,0.15,0.15,0.87,0.00,0.15,2.00,,13.00
reactions,4.00,2.77,0.73,3.00,1.00,4.00,13.00,2.80,0.10,,-1.20,1.20,0.45,1.20,0.00,3.00,0.90,13.00
realness,2.00,2.00,0.00,2.00,2.00,2.00,11.00,2.06,-0.65,,0.06,0.06,0.94,0.00,0.06,2.00,,11.00
regretfully,3.00,3.08,0.64,3.00,2.00,4.00,13.00,3.01,0.31,,0.01,0.01,0.99,0.00,0.01,3.00,0.69,13.00
reinsurance,4.00,3.08,0.90,3.00,2.00,4.00,12.00,3.14,0.43,,-0.86,0.86,0.54,0.86,0.00,3.00,0.44,12.00
reluctantly,3.00,3.00,0.82,3.00,2.00,4.00,10.00,3.03,0.33,,0.03,0.03,0.97,0.00,0.03,3.00,0.70,10.00
repercussion,3.00,3.11,0.93,3.00,2.00,4.00,9.00,3.07,0.36,,0.07,0.07,0.94,0.00,0.07,3.00,0.85,9.00
resentful,2.00,2.62,0.51,3.00,2.00,3.00,13.00,2.69,-0.01,,0.69,0.69,0.59,0.00,0.69,3.00,0.63,13.00
resistances,4.00,3.00,0.60,3.00,2.00,4.00,12.00,3.03,0.32,,-0.97,0.97,0.51,0.97,0.00,3.00,0.65,12.00
responsibilities,3.00,4.18,1.54,4.00,2.00,7.00,11.00,4.10,1.39,,1.10,1.10,0.48,0.00,1.10,4.00,0.63,11.00
restated,3.00,2.82,0.40,3.00,2.00,3.00,11.00,2.96,0.25,,-0.04,0.04,0.96,0.04,0.00,3.00,0.76,11.00
restocks,3.00,2.55,0.52,3.00,2.00,3.00,11.00,2.70,-0.01,,-0.30,0.30,0.77,0.30,0.00,3.00,0.40,11.00
reverently,3.00,2.90,0.74,3.00,2.00,4.00,10.00,2.96,0.25,,-0.04,0.04,0.96,0.04,0.00,3.00,0.78,10.00
romanticizes,3.00,3.55,0.82,4.00,2.00,5.00,11.00,3.40,0.70,,0.40,0.40,0.71,0.00,0.40,3.00,0.76,11.00
rottenness,3.00,2.67,0.65,3.00,2.00,4.00,12.00,2.70,0.00,,-0.30,0.30,0.77,0.30,0.00,3.00,0.83,12.00
scandalous,2.00,2.10,0.57,2.00,1.00,3.00,10.00,2.12,-0.58,,0.12,0.12,0.89,0.00,0.12,2.00,0.19,10.00
scantily,3.00,2.38,0.51,2.00,2.00,3.00,13.00,2.32,-0.38,,-0.68,0.68,0.60,0.68,0.00,2.00,0.28,13.00
secretive,2.00,2.18,0.40,2.00,2.00,3.00,11.00,2.29,-0.41,,0.29,0.29,0.77,0.00,0.29,2.00,0.35,11.00
semicolon,2.00,2.18,0.40,2.00,2.00,3.00,11.00,2.29,-0.41,,0.29,0.29,0.77,0.00,0.29,2.00,0.57,11.00
sensitively,3.00,2.67,0.50,3.00,2.00,3.00,9.00,2.77,0.06,,-0.23,0.23,0.81,0.23,0.00,3.00,0.70,9.00
sevenths,3.00,2.55,0.52,3.00,2.00,3.00,11.00,2.67,-0.04,,-0.33,0.33,0.75,0.33,0.00,3.00,0.03,11.00
sexism,2.00,1.82,0.40,2.00,1.00,2.00,11.00,2.02,-0.68,,0.02,0.02,0.98,0.00,0.02,2.00,0.12,11.00
signified,3.00,2.50,0.80,2.50,1.00,4.00,12.00,2.64,-0.07,,-0.36,0.36,0.73,0.36,0.00,3.00,0.87,12.00
simplify,2.00,2.00,0.63,2.00,1.00,3.00,11.00,2.20,-0.50,,0.20,0.20,0.83,0.00,0.20,2.00,0.84,11.00
sitter,2.00,1.91,0.30,2.00,1.00,2.00,11.00,2.12,-0.58,,0.12,0.12,0.89,0.00,0.12,2.00,0.83,11.00
slowly,2.00,2.00,0.00,2.00,2.00,2.00,12.00,2.13,-0.58,,0.13,0.13,0.89,0.00,0.13,2.00,,12.00
snappiest,3.00,2.45,0.69,3.00,1.00,3.00,11.00,2.48,-0.23,,-0.52,0.52,0.66,0.52,0.00,2.00,0.63,11.00
snooty,2.00,1.83,0.39,2.00,1.00,2.00,12.00,2.01,-0.69,,0.01,0.01,0.99,0.00,0.01,2.00,0.44,12.00
spherical,3.00,2.55,0.82,3.00,1.00,4.00,11.00,2.60,-0.10,,-0.40,0.40,0.72,0.40,0.00,3.00,0.77,11.00
sprinters,3.00,2.67,0.49,3.00,2.00,3.00,12.00,2.61,-0.10,,-0.39,0.39,0.72,0.39,0.00,3.00,0.05,12.00
squarely,2.00,2.18,0.40,2.00,2.00,3.00,11.00,2.14,-0.57,,0.14,0.14,0.88,0.00,0.14,2.00,0.62,11.00
stockist,2.00,2.00,0.00,2.00,2.00,2.00,11.00,2.11,-0.60,,0.11,0.11,0.90,0.00,0.11,2.00,,11.00
stylizes,3.00,2.27,0.65,2.00,1.00,3.00,11.00,2.41,-0.29,,-0.59,0.59,0.63,0.59,0.00,2.00,0.79,11.00
subsidise,4.00,2.55,0.52,3.00,2.00,3.00,11.00,2.66,-0.04,,-1.34,1.34,0.43,1.34,0.00,3.00,0.67,11.00
substations,4.00,3.23,0.73,3.00,2.00,4.00,13.00,3.14,0.44,,-0.86,0.86,0.54,0.86,0.00,3.00,0.81,13.00
substitutions,4.00,3.11,0.93,3.00,2.00,5.00,9.00,3.24,0.53,,-0.76,0.76,0.57,0.76,0.00,3.00,0.69,9.00
supervises,3.00,2.75,0.87,3.00,1.00,4.00,12.00,2.80,0.09,,-0.20,0.20,0.83,0.20,0.00,3.00,0.68,12.00
sweatier,3.00,2.20,0.42,2.00,2.00,3.00,10.00,2.54,-0.17,,-0.46,0.46,0.68,0.46,0.00,3.00,0.55,10.00
sweeper,2.00,2.00,0.00,2.00,2.00,2.00,13.00,1.89,-0.81,,-0.11,0.11,0.90,0.11,0.00,2.00,,13.00
symbolical,3.00,2.67,0.65,3.00,2.00,4.00,12.00,2.65,-0.05,,-0.35,0.35,0.74,0.35,0.00,3.00,0.45,12.00
synthesizes,4.00,2.80,0.79,3.00,2.00,4.00,10.00,3.03,0.32,,-0.97,0.97,0.51,0.97,0.00,3.00,0.69,10.00
tactical,2.00,2.33,0.65,2.00,1.00,3.00,12.00,2.34,-0.37,,0.34,0.34,0.75,0.00,0.34,2.00,0.52,12.00
tamely,2.00,1.91,0.30,2.00,1.00,2.00,11.00,2.00,-0.70,,0.00,0.00,1.00,0.00,0.00,2.00,0.21,11.00
temperamentally,4.00,3.42,1.51,3.00,2.00,7.00,12.00,3.49,0.78,,-0.51,0.51,0.66,0.51,0.00,3.00,0.82,12.00
thinkers,3.00,2.67,0.49,3.00,2.00,3.00,12.00,2.68,-0.02,,-0.32,0.32,0.76,0.32,0.00,3.00,0.06,12.00
tightly,2.00,1.92,0.29,2.00,1.00,2.00,12.00,1.91,-0.79,,-0.09,0.09,0.92,0.09,0.00,2.00,-0.29,12.00
tonality,3.00,2.33,0.65,2.00,1.00,3.00,12.00,2.55,-0.16,,-0.45,0.45,0.69,0.45,0.00,3.00,0.69,12.00
treatable,2.00,2.09,0.30,2.00,2.00,3.00,11.00,2.33,-0.38,,0.33,0.33,0.75,0.00,0.33,2.00,0.34,11.00
unconscious,3.00,2.83,0.83,3.00,2.00,5.00,12.00,2.72,0.02,,-0.28,0.28,0.78,0.28,0.00,3.00,0.73,12.00
uncut,2.00,2.00,0.00,2.00,2.00,2.00,11.00,2.08,-0.63,,0.08,0.08,0.93,0.00,0.08,2.00,,11.00
underreport,2.00,2.67,0.87,2.00,2.00,4.00,9.00,2.69,-0.02,,0.69,0.69,0.59,0.00,0.69,3.00,0.95,9.00
unhappy,2.00,2.08,0.29,2.00,2.00,3.00,12.00,2.27,-0.43,,0.27,0.27,0.79,0.00,0.27,2.00,0.10,12.00
upheaval,3.00,2.73,0.47,3.00,2.00,3.00,11.00,2.79,0.08,,-0.21,0.21,0.82,0.21,0.00,3.00,0.40,11.00
vaccinates,3.00,2.44,0.88,2.00,1.00,4.00,9.00,2.66,-0.05,,-0.34,0.34,0.74,0.34,0.00,3.00,0.88,9.00
vainer,2.00,1.93,0.27,2.00,1.00,2.00,14.00,2.15,-0.56,,0.15,0.15,0.87,0.00,0.15,2.00,0.37,14.00
vibrations,4.00,2.27,0.79,2.00,1.00,4.00,11.00,2.39,-0.31,,-1.61,1.61,0.38,1.61,0.00,2.00,0.52,11.00
virginity,2.00,2.36,0.50,2.00,2.00,3.00,11.00,2.37,-0.33,,0.37,0.37,0.73,0.00,0.37,2.00,0.44,11.00
waiver,2.00,1.83,0.39,2.00,1.00,2.00,12.00,2.07,-0.64,,0.07,0.07,0.94,0.00,0.07,2.00,0.57,12.00
wanderer,2.00,2.55,0.52,3.00,2.00,3.00,11.00,2.52,-0.19,,0.52,0.52,0.66,0.00,0.52,3.00,0.75,11.00
warlike,2.00,2.00,0.00,2.00,2.00,2.00,11.00,2.15,-0.55,,0.15,0.15,0.87,0.00,0.15,2.00,,11.00
weirdos,3.00,2.42,0.51,2.00,2.00,3.00,12.00,2.51,-0.20,,-0.49,0.49,0.67,0.49,0.00,3.00,0.40,12.00
westernizing,4.00,3.17,0.72,3.00,2.00,4.00,12.00,3.16,0.45,,-0.84,0.84,0.54,0.84,0.00,3.00,0.70,12.00
wetness,2.00,1.91,0.54,2.00,1.00,3.00,11.00,2.15,-0.56,,0.15,0.15,0.87,0.00,0.15,2.00,0.05,11.00
whitest,2.00,2.00,0.00,2.00,2.00,2.00,10.00,2.17,-0.53,,0.17,0.17,0.85,0.00,0.17,2.00,,10.00
wiper,2.00,2.00,0.00,2.00,2.00,2.00,11.00,2.11,-0.59,,0.11,0.11,0.90,0.00,0.11,2.00,,11.00
workable,2.00,2.18,0.40,2.00,2.00,3.00,11.00,2.10,-0.60,,0.10,0.10,0.91,0.00,0.10,2.00,0.21,11.00
wrinkly,2.00,1.73,0.47,2.00,1.00,2.00,11.00,1.88,-0.82,,-0.12,0.12,0.89,0.12,0.00,2.00,0.46,11.00
youngest,2.00,2.00,0.00,2.00,2.00,2.00,11.00,1.92,-0.79,,-0.08,0.08,0.92,0.08,0.00,2.00,,11.00
authentically,3.00,3.18,0.98,3.00,2.00,5.00,11.00,3.12,0.42,,0.12,0.12,0.89,0.00,0.12,3.00,0.69,11.00
bicarbonate,3.00,2.70,0.48,3.00,2.00,3.00,10.00,2.82,0.12,,-0.18,0.18,0.85,0.18,0.00,3.00,0.68,10.00
bounciness,3.00,2.55,0.69,3.00,1.00,3.00,11.00,2.74,0.04,,-0.26,0.26,0.80,0.26,0.00,3.00,0.22,11.00
bulldozer,3.00,2.40,0.70,2.50,1.00,3.00,10.00,2.53,-0.17,,-0.47,0.47,0.68,0.47,0.00,3.00,0.43,10.00
changeableness,3.00,3.00,0.00,3.00,3.00,3.00,11.00,3.07,0.36,,0.07,0.07,0.94,0.00,0.07,3.00,,11.00
computerizes,5.00,3.36,0.81,3.00,2.00,5.00,11.00,3.42,0.71,,-1.58,1.58,0.39,1.58,0.00,3.00,0.68,11.00
countersign,2.00,2.55,0.52,3.00,2.00,3.00,11.00,2.48,-0.23,,0.48,0.48,0.68,0.00,0.48,2.00,0.54,11.00
deceleration,4.00,3.33,0.78,3.00,2.00,5.00,12.00,3.28,0.57,,-0.72,0.72,0.58,0.72,0.00,3.00,0.85,12.00
declined,3.00,2.55,0.52,3.00,2.00,3.00,11.00,2.70,0.00,,-0.30,0.30,0.77,0.30,0.00,3.00,0.28,11.00
deconstructed,3.00,3.50,0.52,3.50,3.00,4.00,12.00,3.48,0.77,,0.48,0.48,0.68,0.00,0.48,3.00,0.68,12.00
deduction,3.00,2.27,1.01,2.00,1.00,4.00,11.00,2.49,-0.21,,-0.51,0.51,0.66,0.51,0.00,2.00,0.74,11.00
depressurizations,5.00,4.42,0.79,5.00,3.00,5.00,12.00,4.35,1.65,,-0.65,0.65,0.61,0.65,0.00,4.00,0.69,12.00
dispensations,4.00,3.60,0.84,4.00,2.00,5.00,10.00,3.59,0.88,,-0.41,0.41,0.71,0.41,0.00,4.00,0.68,10.00
disproportioned,3.00,3.64,0.81,3.00,3.00,5.00,11.00,3.58,0.87,,0.58,0.58,0.63,0.00,0.58,4.00,0.78,11.00
easterners,4.00,3.09,0.70,3.00,2.00,4.00,11.00,3.19,0.49,,-0.81,0.81,0.55,0.81,0.00,3.00,0.66,11.00
emotionlessly,4.00,3.70,0.82,3.50,3.00,5.00,10.00,3.67,0.97,,-0.33,0.33,0.75,0.33,0.00,4.00,0.55,10.00
emotionlessness,4.00,3.20,0.42,3.00,3.00,4.00,10.00,3.25,0.54,,-0.75,0.75,0.57,0.75,0.00,3.00,0.19,10.00
entrenchment,3.00,3.00,0.00,3.00,3.00,3.00,10.00,3.11,0.40,,0.11,0.11,0.90,0.00,0.11,3.00,,10.00
existentialism,5.00,3.60,0.70,3.50,3.00,5.00,10.00,3.60,0.90,,-1.40,1.40,0.42,1.40,0.00,4.00,0.68,10.00
explicitly,4.00,3.17,0.83,3.00,1.00,4.00,12.00,3.03,0.32,,-0.97,0.97,0.51,0.97,0.00,3.00,0.57,12.00
extractions,4.00,3.25,0.71,3.00,2.00,4.00,8.00,3.22,0.51,,-0.78,0.78,0.56,0.78,0.00,3.00,0.90,8.00
harmoniously,4.00,3.27,0.90,3.00,2.00,5.00,11.00,3.30,0.59,,-0.70,0.70,0.59,0.70,0.00,3.00,0.78,11.00
immovable,3.00,2.89,0.33,3.00,2.00,3.00,9.00,3.05,0.35,,0.05,0.05,0.95,0.00,0.05,3.00,0.05,9.00
impassioned,4.00,3.25,0.62,3.00,2.00,4.00,12.00,3.19,0.48,,-0.81,0.81,0.55,0.81,0.00,3.00,0.75,12.00
incompatibility,3.00,4.27,1.35,4.00,3.00,7.00,11.00,4.20,1.49,,1.20,1.20,0.46,0.00,1.20,4.00,0.47,11.00
ineptly,3.00,2.40,0.52,2.00,2.00,3.00,10.00,2.53,-0.18,,-0.47,0.47,0.68,0.47,0.00,3.00,0.30,10.00
inestimable,3.00,3.10,0.74,3.00,2.00,5.00,10.00,3.18,0.47,,0.18,0.18,0.85,0.00,0.18,3.00,0.00,10.00
inhumanity,3.00,3.27,0.47,3.00,3.00,4.00,11.00,3.13,0.42,,0.13,0.13,0.89,0.00,0.13,3.00,0.70,11.00
insecurely,3.00,3.00,0.77,3.00,2.00,5.00,11.00,2.98,0.27,,-0.02,0.02,0.98,0.02,0.00,3.00,0.68,11.00
instrumentalists,4.00,3.89,1.27,4.00,2.00,6.00,9.00,3.74,1.03,,-0.26,0.26,0.79,0.26,0.00,4.00,0.70,9.00
integrationistic,5.00,4.00,1.10,4.00,3.00,6.00,11.00,3.91,1.20,,-1.09,1.09,0.48,1.09,0.00,4.00,0.84,11.00
interferences,4.00,3.09,0.83,3.00,2.00,5.00,11.00,3.03,0.32,,-0.97,0.97,0.51,0.97,0.00,3.00,0.50,11.00
invariant,3.00,2.45,0.52,2.00,2.00,3.00,11.00,2.55,-0.15,,-0.45,0.45,0.69,0.45,0.00,3.00,0.36,11.00
invisibly,4.00,2.77,0.60,3.00,2.00,4.00,13.00,2.75,0.05,,-1.25,1.25,0.44,1.25,0.00,3.00,0.48,13.00
irrelevancy,4.00,3.45,0.82,3.00,2.00,5.00,11.00,3.27,0.57,,-0.73,0.73,0.58,0.73,0.00,3.00,0.77,11.00
jurisdictional,4.00,3.38,1.12,3.00,2.00,5.00,13.00,3.34,0.63,,-0.66,0.66,0.60,0.66,0.00,3.00,0.68,13.00
misbehaving,3.00,3.08,0.67,3.00,2.00,4.00,12.00,3.17,0.46,,0.17,0.17,0.86,0.00,0.17,3.00,0.56,12.00
misbehavior,3.00,2.89,0.60,3.00,2.00,4.00,9.00,2.87,0.16,,-0.13,0.13,0.88,0.13,0.00,3.00,0.21,9.00
misdirected,3.00,3.25,0.62,3.00,2.00,4.00,12.00,3.24,0.54,,0.24,0.24,0.80,0.00,0.24,3.00,0.87,12.00
misquoting,3.00,2.82,0.40,3.00,2.00,3.00,11.00,2.85,0.14,,-0.15,0.15,0.87,0.15,0.00,3.00,-0.27,11.00
outfitting,3.00,3.00,0.63,3.00,2.00,4.00,11.00,2.90,0.19,,-0.10,0.10,0.91,0.10,0.00,3.00,0.30,11.00
outliving,3.00,2.73,0.47,3.00,2.00,3.00,11.00,2.77,0.07,,-0.23,0.23,0.82,0.23,0.00,3.00,0.12,11.00
overcontextualized,5.00,4.70,1.06,4.50,3.00,6.00,10.00,4.58,1.87,,-0.42,0.42,0.70,0.42,0.00,5.00,0.68,10.00
overcrowding,3.00,3.00,0.43,3.00,2.00,4.00,12.00,2.94,0.24,,-0.06,0.06,0.95,0.06,0.00,3.00,0.63,12.00
oversteering,3.00,3.00,0.00,3.00,3.00,3.00,13.00,2.96,0.25,,-0.04,0.04,0.96,0.04,0.00,3.00,,13.00
prearranges,3.00,3.20,0.42,3.00,3.00,4.00,10.00,3.12,0.41,,0.12,0.12,0.89,0.00,0.12,3.00,0.83,10.00
reappearance,3.00,3.25,0.75,3.00,2.00,5.00,12.00,3.23,0.53,,0.23,0.23,0.81,0.00,0.23,3.00,0.77,12.00
reconditioning,3.00,3.64,0.92,3.00,3.00,6.00,11.00,3.61,0.91,,0.61,0.61,0.62,0.00,0.61,4.00,0.64,11.00
removable,3.00,3.20,0.63,3.00,2.00,4.00,10.00,3.16,0.45,,0.16,0.16,0.86,0.00,0.16,3.00,0.88,10.00
renominated,4.00,3.36,0.67,3.00,2.00,4.00,11.00,3.32,0.62,,-0.68,0.68,0.60,0.68,0.00,3.00,0.79,11.00
reproduction,4.00,3.30,0.82,3.00,2.00,5.00,10.00,3.34,0.64,,-0.66,0.66,0.60,0.66,0.00,3.00,0.55,10.00
resolvers,3.00,3.50,0.67,4.00,2.00,4.00,12.00,3.33,0.62,,0.33,0.33,0.75,0.00,0.33,3.00,0.54,12.00
retroreflectivity,4.00,4.10,0.88,4.00,3.00,6.00,10.00,3.98,1.27,,-0.02,0.02,0.98,0.02,0.00,4.00,0.51,10.00
subcontracting,3.00,3.31,0.63,3.00,2.00,4.00,13.00,3.40,0.69,,0.40,0.40,0.72,0.00,0.40,3.00,0.56,13.00
subtracted,3.00,3.08,0.29,3.00,3.00,4.00,12.00,3.14,0.43,,0.14,0.14,0.88,0.00,0.14,3.00,-0.18,12.00
subtracting,3.00,2.91,0.30,3.00,2.00,3.00,11.00,2.88,0.18,,-0.12,0.12,0.90,0.12,0.00,3.00,0.16,11.00
swimmingly,3.00,2.90,0.57,3.00,2.00,4.00,10.00,3.06,0.35,,0.06,0.06,0.95,0.00,0.06,3.00,-0.15,10.00
systematically,3.00,3.60,0.97,3.50,2.00,5.00,10.00,3.59,0.88,,0.59,0.59,0.63,0.00,0.59,4.00,0.72,10.00
televised,3.00,3.00,0.45,3.00,2.00,4.00,11.00,3.10,0.39,,0.10,0.10,0.91,0.00,0.10,3.00,0.80,11.00
transacted,3.00,2.75,0.62,3.00,2.00,4.00,12.00,2.84,0.13,,-0.16,0.16,0.86,0.16,0.00,3.00,0.75,12.00
unassumingly,5.00,3.45,0.82,3.00,2.00,5.00,11.00,3.60,0.89,,-1.40,1.40,0.42,1.40,0.00,4.00,0.88,11.00
unbarred,3.00,2.92,0.28,3.00,2.00,3.00,13.00,3.03,0.32,,0.03,0.03,0.98,0.00,0.03,3.00,0.72,13.00
unbeliever,3.00,3.08,0.28,3.00,3.00,4.00,13.00,3.07,0.37,,0.07,0.07,0.93,0.00,0.07,3.00,0.53,13.00
uncivilised,4.00,3.42,0.51,3.00,3.00,4.00,12.00,3.47,0.77,,-0.53,0.53,0.65,0.53,0.00,3.00,0.37,12.00
uncluttered,3.00,3.09,0.54,3.00,2.00,4.00,11.00,3.00,0.29,,0.00,0.00,1.00,0.00,0.00,3.00,0.61,11.00
undated,3.00,2.58,0.51,3.00,2.00,3.00,12.00,2.75,0.04,,-0.25,0.25,0.80,0.25,0.00,3.00,-0.20,12.00
undercoats,3.00,2.78,0.67,3.00,2.00,4.00,9.00,2.81,0.10,,-0.19,0.19,0.84,0.19,0.00,3.00,0.42,9.00
undershooting,3.00,3.22,0.44,3.00,3.00,4.00,9.00,3.22,0.51,,0.22,0.22,0.82,0.00,0.22,3.00,0.60,9.00
undertaken,3.00,3.00,0.82,3.00,2.00,4.00,10.00,3.06,0.36,,0.06,0.06,0.94,0.00,0.06,3.00,0.68,10.00
undetermined,3.00,3.43,0.53,3.00,3.00,4.00,7.00,3.36,0.65,,0.36,0.36,0.74,0.00,0.36,3.00,0.82,7.00
undoubtedly,4.00,3.33,0.71,3.00,2.00,4.00,9.00,3.44,0.73,,-0.56,0.56,0.64,0.56,0.00,3.00,0.89,9.00
uneasiness,4.00,2.92,0.29,3.00,2.00,3.00,12.00,3.19,0.49,,-0.81,0.81,0.55,0.81,0.00,3.00,0.83,12.00
unexplained,3.00,3.17,0.58,3.00,2.00,4.00,12.00,3.26,0.55,,0.26,0.26,0.80,0.00,0.26,3.00,0.60,12.00
unfeeling,3.00,3.00,0.00,3.00,3.00,3.00,11.00,3.10,0.39,,0.10,0.10,0.91,0.00,0.10,3.00,,11.00
unmannerly,3.00,3.25,0.45,3.00,3.00,4.00,12.00,3.15,0.44,,0.15,0.15,0.87,0.00,0.15,3.00,0.25,12.00
unpopularly,4.00,3.40,0.84,3.00,3.00,5.00,10.00,3.45,0.75,,-0.55,0.55,0.65,0.55,0.00,3.00,0.84,10.00
unproductive,4.00,3.44,0.53,3.00,3.00,4.00,9.00,3.31,0.60,,-0.69,0.69,0.59,0.69,0.00,3.00,0.68,9.00
unprofessionally,5.00,4.09,0.83,4.00,3.00,5.00,11.00,3.99,1.28,,-1.01,1.01,0.50,1.01,0.00,4.00,0.81,11.00
unrecognised,5.00,3.50,0.71,3.00,3.00,5.00,10.00,3.57,0.87,,-1.43,1.43,0.41,1.43,0.00,4.00,0.34,10.00
unsuited,3.00,2.92,0.29,3.00,2.00,3.00,12.00,2.97,0.26,,-0.03,0.03,0.97,0.03,0.00,3.00,0.12,12.00
untidily,3.00,3.18,0.60,3.00,2.00,4.00,11.00,3.04,0.34,,0.04,0.04,0.96,0.00,0.04,3.00,0.72,11.00
unvarying,3.00,2.91,0.30,3.00,2.00,3.00,11.00,3.00,0.29,,0.00,0.00,1.00,0.00,0.00,3.00,0.47,11.00
unwanted,3.00,3.00,0.43,3.00,2.00,4.00,12.00,3.09,0.39,,0.09,0.09,0.91,0.00,0.09,3.00,0.07,12.00
wretchedly,3.00,2.78,0.44,3.00,2.00,3.00,9.00,3.03,0.32,,0.03,0.03,0.97,0.00,0.03,3.00,0.84,9.00
interconnectedness,4.00,4.54,0.78,5.00,3.00,6.00,13.00,4.47,1.77,,0.47,0.47,0.68,0.00,0.47,4.00,0.85,13.00
artist,2.00,1.90,0.32,2.00,1.00,2.00,10.00,2.05,-0.66,,0.05,0.05,0.95,0.00,0.05,2.00,0.01,10.00
bluffer,2.00,2.00,0.00,2.00,2.00,2.00,9.00,2.11,-0.59,,0.11,0.11,0.90,0.00,0.11,2.00,,9.00
bluntness,2.00,2.00,0.00,2.00,2.00,2.00,10.00,2.16,-0.54,,0.16,0.16,0.86,0.00,0.16,2.00,,10.00
cruiser,2.00,1.82,0.40,2.00,1.00,2.00,11.00,1.95,-0.75,,-0.05,0.05,0.96,0.05,0.00,2.00,0.71,11.00
deceitful,2.00,2.56,0.53,3.00,2.00,3.00,9.00,2.63,-0.07,,0.63,0.63,0.61,0.00,0.63,3.00,0.50,9.00
dissecting,3.00,2.63,0.52,3.00,2.00,3.00,8.00,2.81,0.11,,-0.19,0.19,0.84,0.19,0.00,3.00,0.26,8.00
drowsy,2.00,2.13,0.64,2.00,1.00,3.00,8.00,2.00,-0.70,,0.00,0.00,1.00,0.00,0.00,2.00,0.46,8.00
essayist,2.00,2.44,0.53,2.00,2.00,3.00,9.00,2.38,-0.32,,0.38,0.38,0.72,0.00,0.38,2.00,0.65,9.00
fussiness,3.00,2.55,0.52,3.00,2.00,3.00,11.00,2.45,-0.25,,-0.55,0.55,0.65,0.55,0.00,2.00,0.60,11.00
gravely,2.00,2.00,0.50,2.00,1.00,3.00,9.00,2.08,-0.63,,0.08,0.08,0.93,0.00,0.08,2.00,0.83,9.00
harmlessly,3.00,2.88,0.35,3.00,2.00,3.00,8.00,2.86,0.15,,-0.14,0.14,0.88,0.14,0.00,3.00,0.25,8.00
knitter,2.00,1.91,0.30,2.00,1.00,2.00,11.00,2.06,-0.64,,0.06,0.06,0.94,0.00,0.06,2.00,0.38,11.00
liberalism,3.00,2.50,0.71,2.00,2.00,4.00,10.00,2.63,-0.08,,-0.37,0.37,0.73,0.37,0.00,3.00,0.69,10.00
microscopy,3.00,2.90,0.74,3.00,2.00,4.00,10.00,2.83,0.12,,-0.17,0.17,0.85,0.17,0.00,3.00,0.86,10.00
overstocks,3.00,2.63,0.52,3.00,2.00,3.00,8.00,2.70,0.00,,-0.30,0.30,0.77,0.30,0.00,3.00,0.80,8.00
romanticized,3.00,3.17,0.83,3.00,2.00,4.00,12.00,3.26,0.55,,0.26,0.26,0.80,0.00,0.26,3.00,0.78,12.00
superfine,2.00,2.09,0.30,2.00,2.00,3.00,11.00,2.18,-0.52,,0.18,0.18,0.85,0.00,0.18,2.00,0.41,11.00
unbuttoned,3.00,2.80,0.63,3.00,2.00,4.00,10.00,2.87,0.16,,-0.13,0.13,0.88,0.13,0.00,3.00,0.77,10.00
undergrounds,3.00,3.00,0.71,3.00,2.00,4.00,9.00,2.96,0.25,,-0.04,0.04,0.96,0.04,0.00,3.00,0.59,9.00
unload,2.00,2.00,0.00,2.00,2.00,2.00,11.00,2.11,-0.59,,0.11,0.11,0.90,0.00,0.11,2.00,,11.00
validates,3.00,2.56,0.53,3.00,2.00,3.00,9.00,2.54,-0.16,,-0.46,0.46,0.69,0.46,0.00,3.00,0.73,9.00
approvingly,3.00,2.92,0.51,3.00,2.00,4.00,12.00,2.98,0.27,,-0.02,0.02,0.98,0.02,0.00,3.00,0.60,12.00
deliciously,2.00,2.56,0.73,2.00,2.00,4.00,9.00,2.70,0.00,,0.70,0.70,0.59,0.00,0.70,3.00,0.89,9.00
environmentalist,4.00,3.50,0.85,3.50,2.00,5.00,10.00,3.43,0.73,,-0.57,0.57,0.64,0.57,0.00,3.00,0.52,10.00
legitimized,3.00,2.70,0.82,3.00,1.00,4.00,10.00,2.90,0.19,,-0.10,0.10,0.91,0.10,0.00,3.00,0.83,10.00
observations,3.00,3.11,0.93,3.00,2.00,5.00,9.00,3.06,0.36,,0.06,0.06,0.94,0.00,0.06,3.00,0.77,9.00
pluralist,2.00,2.50,0.53,2.50,2.00,3.00,10.00,2.42,-0.29,,0.42,0.42,0.70,0.00,0.42,2.00,0.76,10.00
pronunciations,4.00,3.56,1.24,3.00,2.00,5.00,9.00,3.47,0.77,,-0.53,0.53,0.66,0.53,0.00,3.00,0.70,9.00
undivided,3.00,3.10,0.57,3.00,2.00,4.00,10.00,3.03,0.32,,0.03,0.03,0.97,0.00,0.03,3.00,0.83,10.00
transcribed,3.00,2.73,0.65,3.00,2.00,4.00,11.00,2.91,0.21,,-0.09,0.09,0.92,0.09,0.00,3.00,0.54,11.00
decorations,4.00,3.60,0.70,3.50,3.00,5.00,10.00,3.37,0.67,,-0.63,0.63,0.61,0.63,0.00,3.00,0.32,10.00
dissipation,2.00,2.50,0.93,2.50,1.00,4.00,8.00,2.67,-0.03,,0.67,0.67,0.60,0.00,0.67,3.00,0.82,8.00
metamorphoses,4.00,3.75,0.89,4.00,2.00,5.00,8.00,3.53,0.82,,-0.47,0.47,0.68,0.47,0.00,4.00,0.76,8.00
nonmetabolizable,4.00,4.20,1.14,4.00,3.00,6.00,10.00,3.99,1.29,,-0.01,0.01,0.99,0.01,0.00,4.00,0.77,10.00
seasonally,3.00,2.56,0.73,2.00,2.00,4.00,9.00,2.68,-0.02,,-0.32,0.32,0.76,0.32,0.00,3.00,0.79,9.00
aftercare,2.00,2.22,0.44,2.00,2.00,3.00,9.00,2.11,-0.59,,0.11,0.11,0.90,0.00,0.11,2.00,0.85,9.00
byline,2.00,2.00,0.50,2.00,1.00,3.00,9.00,1.91,-0.79,,-0.09,0.09,0.92,0.09,0.00,2.00,0.24,9.00
hopeless,2.00,2.00,0.00,2.00,2.00,2.00,11.00,1.99,-0.72,,-0.01,0.01,0.99,0.01,0.00,2.00,,11.00
loosely,2.00,1.90,0.32,2.00,1.00,2.00,10.00,2.06,-0.65,,0.06,0.06,0.95,0.00,0.06,2.00,0.33,10.00
meekly,2.00,1.92,0.28,2.00,1.00,2.00,13.00,1.98,-0.73,,-0.02,0.02,0.98,0.02,0.00,2.00,0.61,13.00
meteorite,2.00,2.00,0.50,2.00,1.00,3.00,9.00,2.10,-0.61,,0.10,0.10,0.91,0.00,0.10,2.00,0.21,9.00
overshot,2.00,2.00,0.47,2.00,1.00,3.00,10.00,2.12,-0.59,,0.12,0.12,0.89,0.00,0.12,2.00,0.61,10.00
quickie,2.00,2.00,0.00,2.00,2.00,2.00,11.00,1.93,-0.77,,-0.07,0.07,0.94,0.07,0.00,2.00,,11.00
saner,2.00,2.00,0.00,2.00,2.00,2.00,8.00,2.10,-0.61,,0.10,0.10,0.91,0.00,0.10,2.00,,8.00
softish,2.00,2.00,0.00,2.00,2.00,2.00,11.00,2.05,-0.66,,0.05,0.05,0.95,0.00,0.05,2.00,,11.00
trotter,2.00,2.10,0.32,2.00,2.00,3.00,10.00,2.08,-0.63,,0.08,0.08,0.93,0.00,0.08,2.00,0.00,10.00
vitally,2.00,2.09,0.70,2.00,1.00,3.00,11.00,2.15,-0.55,,0.15,0.15,0.87,0.00,0.15,2.00,0.64,11.00
courtships,3.00,2.67,0.50,3.00,2.00,3.00,9.00,2.53,-0.17,,-0.47,0.47,0.68,0.47,0.00,3.00,-0.02,9.00
declines,3.00,2.64,0.50,3.00,2.00,3.00,11.00,2.43,-0.28,,-0.57,0.57,0.64,0.57,0.00,2.00,0.19,11.00
dismembered,3.00,3.22,0.44,3.00,3.00,4.00,9.00,3.21,0.51,,0.21,0.21,0.82,0.00,0.21,3.00,0.24,9.00
elopement,2.00,2.31,0.63,2.00,2.00,4.00,13.00,2.38,-0.32,,0.38,0.38,0.72,0.00,0.38,2.00,0.54,13.00
emigration,4.00,3.18,0.40,3.00,3.00,4.00,11.00,3.10,0.39,,-0.90,0.90,0.53,0.90,0.00,3.00,0.30,11.00
finalizes,3.00,2.90,0.88,3.00,2.00,5.00,10.00,2.86,0.15,,-0.14,0.14,0.88,0.14,0.00,3.00,0.61,10.00
infallible,2.00,2.73,0.47,3.00,2.00,3.00,11.00,2.75,0.04,,0.75,0.75,0.57,0.00,0.75,3.00,0.65,11.00
memorising,3.00,3.10,0.57,3.00,2.00,4.00,10.00,2.92,0.22,,-0.08,0.08,0.93,0.08,0.00,3.00,0.78,10.00
monograms,3.00,2.78,0.44,3.00,2.00,3.00,9.00,2.82,0.12,,-0.18,0.18,0.85,0.18,0.00,3.00,0.34,9.00
righteously,3.00,3.00,0.47,3.00,2.00,4.00,10.00,2.97,0.26,,-0.03,0.03,0.97,0.03,0.00,3.00,0.15,10.00
sheepishly,3.00,2.90,0.32,3.00,2.00,3.00,10.00,2.70,-0.01,,-0.30,0.30,0.77,0.30,0.00,3.00,0.41,10.00
subsystems,3.00,2.90,0.32,3.00,2.00,3.00,10.00,2.86,0.15,,-0.14,0.14,0.88,0.14,0.00,3.00,0.14,10.00
sunniness,3.00,2.56,0.53,3.00,2.00,3.00,9.00,2.53,-0.17,,-0.47,0.47,0.68,0.47,0.00,3.00,0.77,9.00
suppleness,2.00,2.17,0.39,2.00,2.00,3.00,12.00,2.23,-0.47,,0.23,0.23,0.81,0.00,0.23,2.00,0.53,12.00
transaction,3.00,2.90,0.57,3.00,2.00,4.00,10.00,2.66,-0.04,,-0.34,0.34,0.75,0.34,0.00,3.00,0.63,10.00
travelers,3.00,2.60,0.84,3.00,1.00,4.00,10.00,2.60,-0.11,,-0.40,0.40,0.71,0.40,0.00,3.00,0.82,10.00
underarms,3.00,3.30,0.67,3.00,3.00,5.00,10.00,3.12,0.41,,0.12,0.12,0.90,0.00,0.12,3.00,-0.57,10.00
understatement,3.00,3.20,0.63,3.00,2.00,4.00,10.00,3.02,0.31,,0.02,0.02,0.98,0.00,0.02,3.00,0.46,10.00
wilderness,2.00,2.67,0.50,3.00,2.00,3.00,9.00,2.77,0.07,,0.77,0.77,0.56,0.00,0.77,3.00,0.27,9.00
accountancy,3.00,3.20,0.92,3.50,2.00,4.00,10.00,3.13,0.43,,0.13,0.13,0.88,0.00,0.13,3.00,0.73,10.00
contradicting,3.00,3.18,0.40,3.00,3.00,4.00,11.00,3.25,0.55,,0.25,0.25,0.80,0.00,0.25,3.00,0.28,11.00
executioner,4.00,3.27,0.79,3.00,2.00,5.00,11.00,3.21,0.51,,-0.79,0.79,0.56,0.79,0.00,3.00,0.90,11.00
intercontinental,4.00,3.67,0.71,4.00,3.00,5.00,9.00,3.56,0.85,,-0.44,0.44,0.69,0.44,0.00,4.00,0.70,9.00
perfectionism,4.00,3.60,0.52,4.00,3.00,4.00,10.00,3.50,0.79,,-0.50,0.50,0.66,0.50,0.00,3.00,0.61,10.00
protesters,3.00,3.33,0.71,3.00,2.00,4.00,9.00,3.16,0.45,,0.16,0.16,0.86,0.00,0.16,3.00,0.48,9.00
proximities,3.00,3.20,0.79,3.00,2.00,4.00,10.00,3.08,0.38,,0.08,0.08,0.92,0.00,0.08,3.00,0.84,10.00
readerships,4.00,3.10,0.74,3.00,2.00,4.00,10.00,3.01,0.31,,-0.99,0.99,0.50,0.99,0.00,3.00,0.72,10.00
reportedly,4.00,3.10,0.74,3.00,2.00,4.00,10.00,2.98,0.28,,-1.02,1.02,0.50,1.02,0.00,3.00,0.74,10.00
uncolonized,4.00,3.27,0.65,3.00,2.00,4.00,11.00,3.21,0.51,,-0.79,0.79,0.56,0.79,0.00,3.00,0.86,11.00
artists,3.00,2.36,0.81,3.00,1.00,3.00,11.00,2.43,-0.28,,-0.57,0.57,0.64,0.57,0.00,2.00,0.36,11.00
broader,2.00,1.91,0.30,2.00,1.00,2.00,11.00,1.91,-0.79,,-0.09,0.09,0.92,0.09,0.00,2.00,0.66,11.00
creamier,3.00,2.10,0.57,2.00,1.00,3.00,10.00,2.24,-0.46,,-0.76,0.76,0.57,0.76,0.00,2.00,0.03,10.00
hopefuls,3.00,2.71,0.49,3.00,2.00,3.00,7.00,2.46,-0.25,,-0.54,0.54,0.65,0.54,0.00,2.00,-0.02,7.00
nervous,2.00,1.89,0.60,2.00,1.00,3.00,9.00,1.90,-0.81,,-0.10,0.10,0.91,0.10,0.00,2.00,0.70,9.00
outcrop,2.00,2.00,0.00,2.00,2.00,2.00,11.00,1.98,-0.73,,-0.02,0.02,0.98,0.02,0.00,2.00,,11.00
poetics,2.00,2.80,0.42,3.00,2.00,3.00,10.00,2.67,-0.03,,0.67,0.67,0.60,0.00,0.67,3.00,0.17,10.00
refunds,3.00,2.10,0.74,2.00,1.00,3.00,10.00,2.21,-0.49,,-0.79,0.79,0.56,0.79,0.00,2.00,0.52,10.00
satiny,2.00,2.00,0.47,2.00,1.00,3.00,10.00,2.03,-0.67,,0.03,0.03,0.97,0.00,0.03,2.00,0.66,10.00
sculptural,3.00,2.33,0.50,2.00,2.00,3.00,9.00,2.40,-0.30,,-0.60,0.60,0.63,0.60,0.00,2.00,0.56,9.00
streamers,3.00,2.44,0.73,3.00,1.00,3.00,9.00,2.61,-0.10,,-0.39,0.39,0.72,0.39,0.00,3.00,0.73,9.00
strikingly,3.00,2.44,0.73,3.00,1.00,3.00,9.00,2.56,-0.14,,-0.44,0.44,0.70,0.44,0.00,3.00,0.73,9.00
tragical,2.00,2.00,0.00,2.00,2.00,2.00,11.00,2.08,-0.62,,0.08,0.08,0.92,0.00,0.08,2.00,,11.00
tricksters,3.00,2.70,0.48,3.00,2.00,3.00,10.00,2.78,0.07,,-0.22,0.22,0.82,0.22,0.00,3.00,0.80,10.00
warranty,2.00,2.09,0.54,2.00,1.00,3.00,11.00,2.10,-0.60,,0.10,0.10,0.91,0.00,0.10,2.00,0.26,11.00
wittily,3.00,2.22,0.44,2.00,2.00,3.00,9.00,2.32,-0.38,,-0.68,0.68,0.60,0.68,0.00,2.00,0.46,9.00
dependability,4.00,3.44,1.01,3.00,2.00,5.00,9.00,3.50,0.80,,-0.50,0.50,0.67,0.50,0.00,4.00,0.79,9.00
enactments,4.00,3.45,0.82,3.00,2.00,5.00,11.00,3.37,0.67,,-0.63,0.63,0.61,0.63,0.00,3.00,0.31,11.00
idealization,3.00,3.11,0.78,3.00,2.00,4.00,9.00,3.16,0.46,,0.16,0.16,0.86,0.00,0.16,3.00,0.27,9.00
illusionist,3.00,2.73,0.65,3.00,2.00,4.00,11.00,2.70,-0.01,,-0.30,0.30,0.77,0.30,0.00,3.00,0.86,11.00
paradoxically,3.00,3.30,0.67,3.00,2.00,4.00,10.00,3.37,0.66,,0.37,0.37,0.73,0.00,0.37,3.00,0.79,10.00
parameters,3.00,2.60,0.70,3.00,1.00,3.00,10.00,2.67,-0.04,,-0.33,0.33,0.75,0.33,0.00,3.00,0.79,10.00
pilgrimages,3.00,2.70,0.82,3.00,1.00,4.00,10.00,2.82,0.12,,-0.18,0.18,0.85,0.18,0.00,3.00,0.81,10.00
repopulating,3.00,3.33,0.50,3.00,3.00,4.00,9.00,3.24,0.54,,0.24,0.24,0.80,0.00,0.24,3.00,0.66,9.00
restructure,3.00,2.60,0.52,3.00,2.00,3.00,10.00,2.65,-0.06,,-0.35,0.35,0.74,0.35,0.00,3.00,0.68,10.00
ruthlessness,3.00,3.00,0.00,3.00,3.00,3.00,10.00,2.89,0.18,,-0.11,0.11,0.90,0.11,0.00,3.00,,10.00
supplemental,3.00,2.67,0.71,3.00,2.00,4.00,9.00,2.78,0.07,,-0.22,0.22,0.82,0.22,0.00,3.00,0.61,9.00
underdogs,3.00,2.75,0.62,3.00,2.00,4.00,12.00,2.90,0.19,,-0.10,0.10,0.91,0.10,0.00,3.00,0.80,12.00
undignified,4.00,3.00,0.60,3.00,2.00,4.00,12.00,3.13,0.42,,-0.87,0.87,0.53,0.87,0.00,3.00,0.53,12.00
incomprehension,4.00,4.00,1.00,4.00,3.00,6.00,11.00,3.91,1.20,,-0.09,0.09,0.92,0.09,0.00,4.00,0.87,11.00
thoughtlessness,3.00,3.18,0.40,3.00,3.00,4.00,11.00,3.09,0.39,,0.09,0.09,0.91,0.00,0.09,3.00,0.19,11.00
brewer,2.00,2.00,0.00,2.00,2.00,2.00,9.00,2.00,-0.71,,0.00,0.00,1.00,0.00,0.00,2.00,,9.00
disuse,2.00,1.82,0.40,2.00,1.00,2.00,11.00,2.00,-0.71,,0.00,0.00,1.00,0.00,0.00,2.00,0.58,11.00
fatty,2.00,2.00,0.00,2.00,2.00,2.00,9.00,1.98,-0.72,,-0.02,0.02,0.98,0.02,0.00,2.00,,9.00
gummier,3.00,2.60,0.52,3.00,2.00,3.00,10.00,2.45,-0.25,,-0.55,0.55,0.65,0.55,0.00,2.00,0.48,10.00
millionth,2.00,1.90,0.57,2.00,1.00,3.00,10.00,1.88,-0.83,,-0.12,0.12,0.89,0.12,0.00,2.00,0.28,10.00
overhauled,3.00,2.82,0.60,3.00,2.00,4.00,11.00,2.87,0.16,,-0.13,0.13,0.88,0.13,0.00,3.00,0.58,11.00
review,2.00,2.00,0.00,2.00,2.00,2.00,10.00,2.07,-0.63,,0.07,0.07,0.93,0.00,0.07,2.00,,10.00
screechy,2.00,1.80,0.42,2.00,1.00,2.00,10.00,1.91,-0.79,,-0.09,0.09,0.92,0.09,0.00,2.00,0.59,10.00
scummy,2.00,1.82,0.40,2.00,1.00,2.00,11.00,1.92,-0.78,,-0.08,0.08,0.93,0.08,0.00,2.00,-0.13,11.00
suicidal,3.00,2.20,0.42,2.00,2.00,3.00,10.00,2.14,-0.57,,-0.86,0.86,0.54,0.86,0.00,2.00,0.65,10.00
archangel,2.00,2.50,0.53,2.50,2.00,3.00,10.00,2.47,-0.23,,0.47,0.47,0.68,0.00,0.47,2.00,0.90,10.00
bagfuls,3.00,2.80,0.42,3.00,2.00,3.00,10.00,2.79,0.08,,-0.21,0.21,0.82,0.21,0.00,3.00,0.56,10.00
construction,3.00,2.73,0.47,3.00,2.00,3.00,11.00,2.72,0.01,,-0.28,0.28,0.78,0.28,0.00,3.00,0.42,11.00
guardsmen,3.00,2.80,0.42,3.00,2.00,3.00,10.00,2.61,-0.10,,-0.39,0.39,0.72,0.39,0.00,3.00,-0.50,10.00
magnificent,2.00,2.22,0.83,2.00,1.00,3.00,9.00,2.27,-0.43,,0.27,0.27,0.79,0.00,0.27,2.00,0.11,9.00
modestly,2.00,2.44,0.53,2.00,2.00,3.00,9.00,2.34,-0.37,,0.34,0.34,0.75,0.00,0.34,2.00,0.59,9.00
negligent,2.00,2.00,0.94,2.00,1.00,3.00,10.00,2.01,-0.69,,0.01,0.01,0.99,0.00,0.01,2.00,0.81,10.00
nonliteral,2.00,2.55,0.52,3.00,2.00,3.00,11.00,2.55,-0.15,,0.55,0.55,0.64,0.00,0.55,3.00,0.72,11.00
readable,2.00,2.10,0.57,2.00,1.00,3.00,10.00,2.03,-0.68,,0.03,0.03,0.98,0.00,0.03,2.00,0.64,10.00
resignation,2.00,3.18,0.60,3.00,2.00,4.00,11.00,3.21,0.50,,1.21,1.21,0.45,0.00,1.21,3.00,0.58,11.00
sufferer,2.00,2.56,0.53,3.00,2.00,3.00,9.00,2.54,-0.16,,0.54,0.54,0.65,0.00,0.54,3.00,0.73,9.00
unveil,2.00,2.09,0.30,2.00,2.00,3.00,11.00,2.08,-0.62,,0.08,0.08,0.92,0.00,0.08,2.00,0.47,11.00
villager,2.00,2.27,0.65,2.00,1.00,3.00,11.00,2.21,-0.49,,0.21,0.21,0.83,0.00,0.21,2.00,0.79,11.00
bombardment,2.00,3.00,0.71,3.00,2.00,4.00,9.00,3.31,0.60,,1.31,1.31,0.43,0.00,1.31,3.00,0.74,9.00
homogeneous,3.00,2.92,0.67,3.00,2.00,4.00,12.00,2.88,0.18,,-0.12,0.12,0.89,0.12,0.00,3.00,0.79,12.00
nonnarcotic,2.00,3.11,0.60,3.00,2.00,4.00,9.00,3.04,0.34,,1.04,1.04,0.49,0.00,1.04,3.00,0.46,9.00
overbalances,3.00,3.09,0.54,3.00,2.00,4.00,11.00,3.03,0.33,,0.03,0.03,0.97,0.00,0.03,3.00,0.81,11.00
precautionary,4.00,3.20,0.63,3.00,2.00,4.00,10.00,3.20,0.49,,-0.80,0.80,0.56,0.80,0.00,3.00,0.58,10.00
premeditating,3.00,3.36,0.81,4.00,2.00,4.00,11.00,3.39,0.69,,0.39,0.39,0.72,0.00,0.39,3.00,0.92,11.00
processions,4.00,3.50,0.76,4.00,2.00,4.00,8.00,3.08,0.38,,-0.92,0.92,0.52,0.92,0.00,3.00,0.22,8.00
acreage,2.00,1.89,0.33,2.00,1.00,2.00,9.00,1.96,-0.75,,-0.04,0.04,0.96,0.04,0.00,2.00,0.37,9.00
adapter,2.00,2.33,0.50,2.00,2.00,3.00,9.00,2.28,-0.42,,0.28,0.28,0.78,0.00,0.28,2.00,0.80,9.00
airless,2.00,1.80,0.42,2.00,1.00,2.00,10.00,1.88,-0.82,,-0.12,0.12,0.90,0.12,0.00,2.00,0.63,10.00
basketful,2.00,2.30,0.48,2.00,2.00,3.00,10.00,2.40,-0.31,,0.40,0.40,0.71,0.00,0.40,2.00,0.05,10.00
boner,2.00,1.77,0.44,2.00,1.00,2.00,13.00,1.87,-0.83,,-0.13,0.13,0.89,0.13,0.00,2.00,0.25,13.00
boredom,2.00,2.18,0.60,2.00,1.00,3.00,11.00,2.26,-0.45,,0.26,0.26,0.79,0.00,0.26,2.00,0.60,11.00
clarification,3.00,2.82,0.87,3.00,2.00,4.00,11.00,2.80,0.10,,-0.20,0.20,0.84,0.20,0.00,3.00,0.42,11.00
depletion,3.00,2.40,0.52,2.00,2.00,3.00,10.00,2.39,-0.31,,-0.61,0.61,0.62,0.61,0.00,2.00,0.67,10.00
descale,2.00,1.88,0.35,2.00,1.00,2.00,8.00,1.99,-0.71,,-0.01,0.01,0.99,0.01,0.00,2.00,-0.67,8.00
detective,2.00,2.44,0.53,2.00,2.00,3.00,9.00,2.62,-0.09,,0.62,0.62,0.62,0.00,0.62,3.00,-0.16,9.00
fatalism,3.00,2.30,0.67,2.00,2.00,4.00,10.00,2.36,-0.35,,-0.64,0.64,0.61,0.64,0.00,2.00,0.71,10.00
orchestration,3.00,2.90,0.99,3.00,2.00,5.00,10.00,2.84,0.13,,-0.16,0.16,0.86,0.16,0.00,3.00,0.44,10.00
outbid,2.00,2.00,0.00,2.00,2.00,2.00,10.00,1.98,-0.73,,-0.02,0.02,0.98,0.02,0.00,2.00,,10.00
penalize,2.00,2.10,0.32,2.00,2.00,3.00,10.00,2.19,-0.51,,0.19,0.19,0.84,0.00,0.19,2.00,0.52,10.00
rental,2.00,1.70,0.48,2.00,1.00,2.00,10.00,1.91,-0.79,,-0.09,0.09,0.92,0.09,0.00,2.00,0.42,10.00
shrillness,2.00,2.30,0.48,2.00,2.00,3.00,10.00,2.15,-0.56,,0.15,0.15,0.87,0.00,0.15,2.00,0.42,10.00
spiritual,2.00,2.36,0.81,2.00,2.00,4.00,11.00,2.36,-0.34,,0.36,0.36,0.73,0.00,0.36,2.00,0.79,11.00
stimulation,3.00,2.18,0.75,2.00,1.00,4.00,11.00,2.31,-0.40,,-0.69,0.69,0.59,0.69,0.00,2.00,0.82,11.00
thorniest,3.00,2.40,0.52,2.00,2.00,3.00,10.00,2.35,-0.36,,-0.65,0.65,0.60,0.65,0.00,2.00,0.61,10.00
voluminous,2.00,2.73,0.47,3.00,2.00,3.00,11.00,2.72,0.01,,0.72,0.72,0.58,0.00,0.72,3.00,0.24,11.00
apprenticeships,3.00,3.80,0.79,4.00,3.00,5.00,10.00,3.57,0.86,,0.57,0.57,0.64,0.00,0.57,4.00,0.65,10.00
catchiest,3.00,2.56,0.53,3.00,2.00,3.00,9.00,2.64,-0.06,,-0.36,0.36,0.74,0.36,0.00,3.00,0.58,9.00
characteristics,3.00,3.45,0.93,3.00,2.00,5.00,11.00,3.53,0.82,,0.53,0.53,0.66,0.00,0.53,4.00,0.72,11.00
cleaners,3.00,2.78,0.44,3.00,2.00,3.00,9.00,2.84,0.14,,-0.16,0.16,0.86,0.16,0.00,3.00,0.47,9.00
deleveraging,3.00,3.44,0.53,3.00,3.00,4.00,9.00,3.49,0.79,,0.49,0.49,0.67,0.00,0.49,3.00,0.40,9.00
derivations,3.00,3.30,1.06,3.00,2.00,5.00,10.00,3.27,0.56,,0.27,0.27,0.79,0.00,0.27,3.00,0.93,10.00
divergence,3.00,2.82,0.40,3.00,2.00,3.00,11.00,2.81,0.11,,-0.19,0.19,0.84,0.19,0.00,3.00,0.38,11.00
exceedingly,4.00,3.40,0.52,3.00,3.00,4.00,10.00,3.43,0.72,,-0.57,0.57,0.64,0.57,0.00,3.00,0.45,10.00
impartial,3.00,2.70,0.67,3.00,2.00,4.00,10.00,2.69,-0.02,,-0.31,0.31,0.76,0.31,0.00,3.00,0.59,10.00
inhalations,4.00,3.45,0.93,4.00,2.00,5.00,11.00,3.41,0.71,,-0.59,0.59,0.63,0.59,0.00,3.00,0.68,11.00
limitlessness,3.00,2.90,0.32,3.00,2.00,3.00,10.00,3.09,0.38,,0.09,0.09,0.92,0.00,0.09,3.00,0.46,10.00
normalisation,4.00,3.11,0.78,3.00,2.00,5.00,9.00,3.12,0.42,,-0.88,0.88,0.53,0.88,0.00,3.00,0.90,9.00
overburdening,3.00,3.50,0.85,3.00,3.00,5.00,10.00,3.40,0.70,,0.40,0.40,0.71,0.00,0.40,3.00,0.77,10.00
pigmentation,2.00,3.00,0.50,3.00,2.00,4.00,9.00,2.93,0.23,,0.93,0.93,0.52,0.00,0.93,3.00,0.61,9.00
protectionist,3.00,3.55,0.52,4.00,3.00,4.00,11.00,3.37,0.67,,0.37,0.37,0.73,0.00,0.37,3.00,0.73,11.00
reassurances,5.00,3.67,0.49,4.00,3.00,4.00,12.00,3.65,0.95,,-1.35,1.35,0.43,1.35,0.00,4.00,0.34,12.00
ringers,3.00,2.56,0.53,3.00,2.00,3.00,9.00,2.66,-0.05,,-0.34,0.34,0.74,0.34,0.00,3.00,0.58,9.00
unhinges,3.00,2.70,0.48,3.00,2.00,3.00,10.00,2.87,0.16,,-0.13,0.13,0.88,0.13,0.00,3.00,0.69,10.00
vaporizing,3.00,3.00,0.60,3.00,2.00,4.00,12.00,2.99,0.28,,-0.01,0.01,0.99,0.01,0.00,3.00,0.84,12.00
wishfully,3.00,3.18,0.60,3.00,3.00,5.00,11.00,3.20,0.49,,0.20,0.20,0.83,0.00,0.20,3.00,0.49,11.00
reinstatement,4.00,3.55,0.52,4.00,3.00,4.00,11.00,3.42,0.71,,-0.58,0.58,0.63,0.58,0.00,3.00,0.68,11.00
expresso,3.00,2.11,0.78,2.00,1.00,3.00,9.00,2.18,-0.52,,-0.82,0.82,0.55,0.82,0.00,2.00,0.80,9.00
outburst,2.00,1.90,0.32,2.00,1.00,2.00,10.00,2.10,-0.60,,0.10,0.10,0.91,0.00,0.10,2.00,0.02,10.00
confinement,3.00,2.63,0.52,3.00,2.00,3.00,8.00,2.67,-0.04,,-0.33,0.33,0.75,0.33,0.00,3.00,0.34,8.00
crispness,2.00,2.17,0.39,2.00,2.00,3.00,12.00,2.11,-0.60,,0.11,0.11,0.90,0.00,0.11,2.00,0.10,12.00
generically,3.00,3.20,1.03,3.00,2.00,5.00,10.00,3.04,0.33,,0.04,0.04,0.96,0.00,0.04,3.00,0.88,10.00
hesitated,3.00,2.50,0.53,2.50,2.00,3.00,10.00,2.56,-0.14,,-0.44,0.44,0.70,0.44,0.00,3.00,0.26,10.00
humidify,2.00,2.10,0.32,2.00,2.00,3.00,10.00,2.28,-0.43,,0.28,0.28,0.78,0.00,0.28,2.00,0.83,10.00
insisting,3.00,2.67,0.49,3.00,2.00,3.00,12.00,2.58,-0.13,,-0.42,0.42,0.70,0.42,0.00,3.00,0.38,12.00
locally,2.00,2.10,0.32,2.00,2.00,3.00,10.00,2.14,-0.56,,0.14,0.14,0.88,0.00,0.14,2.00,0.12,10.00
quickest,2.00,2.00,0.00,2.00,2.00,2.00,12.00,2.12,-0.59,,0.12,0.12,0.90,0.00,0.12,2.00,,12.00
repairer,3.00,2.56,0.53,3.00,2.00,3.00,9.00,2.65,-0.05,,-0.35,0.35,0.74,0.35,0.00,3.00,0.38,9.00
stalker,2.00,2.09,0.30,2.00,2.00,3.00,11.00,2.01,-0.70,,0.01,0.01,0.99,0.00,0.01,2.00,0.50,11.00
besieged,3.00,2.91,0.30,3.00,2.00,3.00,11.00,2.69,-0.02,,-0.31,0.31,0.76,0.31,0.00,3.00,0.39,11.00
climbers,3.00,2.50,0.71,3.00,1.00,3.00,10.00,2.57,-0.14,,-0.43,0.43,0.70,0.43,0.00,3.00,0.77,10.00
communications,5.00,3.91,1.45,4.00,2.00,6.00,11.00,3.72,1.02,,-1.28,1.28,0.44,1.28,0.00,4.00,0.90,11.00
counterintelligence,3.00,3.30,1.25,3.00,2.00,6.00,10.00,3.31,0.60,,0.31,0.31,0.76,0.00,0.31,3.00,0.18,10.00
devalued,3.00,2.91,0.30,3.00,2.00,3.00,11.00,2.95,0.25,,-0.05,0.05,0.95,0.05,0.00,3.00,0.02,11.00
disablement,3.00,2.70,0.48,3.00,2.00,3.00,10.00,2.79,0.09,,-0.21,0.21,0.83,0.21,0.00,3.00,0.47,10.00
indelicately,4.00,3.18,0.40,3.00,3.00,4.00,11.00,3.20,0.50,,-0.80,0.80,0.56,0.80,0.00,3.00,0.43,11.00
insanity,3.00,3.00,0.00,3.00,3.00,3.00,10.00,2.92,0.21,,-0.08,0.08,0.92,0.08,0.00,3.00,,10.00
invitational,3.00,3.78,1.09,4.00,2.00,5.00,9.00,3.42,0.72,,0.42,0.42,0.70,0.00,0.42,3.00,0.74,9.00
misbehaviour,3.00,3.00,0.47,3.00,2.00,4.00,10.00,2.96,0.25,,-0.04,0.04,0.96,0.04,0.00,3.00,0.49,10.00
misnamed,3.00,2.90,0.32,3.00,2.00,3.00,10.00,2.88,0.17,,-0.12,0.12,0.89,0.12,0.00,3.00,-0.02,10.00
nauseated,3.00,2.80,0.42,3.00,2.00,3.00,10.00,2.71,0.01,,-0.29,0.29,0.78,0.29,0.00,3.00,0.47,10.00
nonreciprocally,4.00,4.00,1.32,3.00,3.00,6.00,9.00,3.83,1.13,,-0.17,0.17,0.86,0.17,0.00,4.00,0.84,9.00
overpromoted,4.00,3.40,0.52,3.00,3.00,4.00,10.00,3.37,0.67,,-0.63,0.63,0.61,0.63,0.00,3.00,0.25,10.00
pushers,3.00,2.50,0.53,2.50,2.00,3.00,10.00,2.51,-0.19,,-0.49,0.49,0.67,0.49,0.00,3.00,0.23,10.00
retaking,3.00,2.82,0.40,3.00,2.00,3.00,11.00,2.93,0.23,,-0.07,0.07,0.94,0.07,0.00,3.00,0.62,11.00
riders,3.00,2.60,0.52,3.00,2.00,3.00,10.00,2.53,-0.18,,-0.47,0.47,0.68,0.47,0.00,3.00,-0.45,10.00
secularized,3.00,2.88,0.99,3.00,2.00,5.00,8.00,3.00,0.30,,0.00,0.00,1.00,0.00,0.00,3.00,0.86,8.00
unimproved,3.00,3.33,0.50,3.00,3.00,4.00,9.00,3.42,0.71,,0.42,0.42,0.71,0.00,0.42,3.00,0.16,9.00
unpredictable,3.00,3.38,0.52,3.00,3.00,4.00,8.00,3.35,0.65,,0.35,0.35,0.74,0.00,0.35,3.00,0.91,8.00
implementations,4.00,4.10,0.99,4.00,3.00,6.00,10.00,3.91,1.21,,-0.09,0.09,0.92,0.09,0.00,4.00,0.67,10.00
internalization,5.00,4.30,1.16,4.00,3.00,6.00,10.00,4.00,1.30,,-1.00,1.00,0.50,1.00,0.00,4.00,0.90,10.00
sassy,2.00,1.56,0.53,2.00,1.00,2.00,9.00,1.74,-0.97,,-0.26,0.26,0.79,0.26,0.00,2.00,0.22,9.00
amplify,2.00,2.00,0.71,2.00,1.00,3.00,9.00,2.19,-0.51,,0.19,0.19,0.84,0.00,0.19,2.00,0.51,9.00
bearable,2.00,2.27,0.47,2.00,2.00,3.00,11.00,2.34,-0.37,,0.34,0.34,0.75,0.00,0.34,2.00,0.35,11.00
cheekier,3.00,2.50,0.52,2.50,2.00,3.00,12.00,2.51,-0.20,,-0.49,0.49,0.67,0.49,0.00,3.00,-0.14,12.00
clapper,2.00,2.10,0.32,2.00,2.00,3.00,10.00,2.23,-0.48,,0.23,0.23,0.81,0.00,0.23,2.00,-0.09,10.00
foulest,2.00,2.20,0.63,2.00,2.00,4.00,10.00,2.31,-0.40,,0.31,0.31,0.77,0.00,0.31,2.00,-0.26,10.00
oldest,2.00,2.00,0.00,2.00,2.00,2.00,8.00,1.87,-0.83,,-0.13,0.13,0.89,0.13,0.00,2.00,,8.00
soberly,2.00,2.27,0.47,2.00,2.00,3.00,11.00,2.22,-0.48,,0.22,0.22,0.82,0.00,0.22,2.00,0.23,11.00
tamest,2.00,2.00,0.00,2.00,2.00,2.00,9.00,2.06,-0.65,,0.06,0.06,0.94,0.00,0.06,2.00,,9.00
thickens,3.00,2.60,0.52,3.00,2.00,3.00,10.00,2.55,-0.16,,-0.45,0.45,0.69,0.45,0.00,3.00,0.19,10.00
toughen,2.00,2.00,0.00,2.00,2.00,2.00,9.00,2.01,-0.70,,0.01,0.01,0.99,0.00,0.01,2.00,,9.00
vividly,3.00,1.89,0.33,2.00,1.00,2.00,9.00,1.99,-0.71,,-1.01,1.01,0.50,1.01,0.00,2.00,0.50,9.00
aspiration,4.00,2.70,0.67,3.00,2.00,4.00,10.00,2.82,0.11,,-1.18,1.18,0.46,1.18,0.00,3.00,0.46,10.00
coauthors,3.00,3.10,0.32,3.00,3.00,4.00,10.00,3.00,0.30,,0.00,0.00,1.00,0.00,0.00,3.00,0.43,10.00
immunity,2.00,2.30,0.48,2.00,2.00,3.00,10.00,2.34,-0.36,,0.34,0.34,0.74,0.00,0.34,2.00,0.47,10.00
inadvisable,3.00,3.40,0.84,3.00,2.00,5.00,10.00,3.34,0.64,,0.34,0.34,0.74,0.00,0.34,3.00,0.75,10.00
informer,2.00,3.00,0.00,3.00,3.00,3.00,11.00,2.87,0.17,,0.87,0.87,0.53,0.00,0.87,3.00,,11.00
jubilantly,3.00,2.90,0.74,3.00,2.00,4.00,10.00,2.85,0.14,,-0.15,0.15,0.87,0.15,0.00,3.00,0.40,10.00
loftily,3.00,2.42,0.51,2.00,2.00,3.00,12.00,2.50,-0.21,,-0.50,0.50,0.66,0.50,0.00,2.00,0.46,12.00
pragmatist,2.00,2.38,0.74,2.50,1.00,3.00,8.00,2.50,-0.20,,0.50,0.50,0.67,0.00,0.50,3.00,0.58,8.00
processers,4.00,3.27,0.47,3.00,3.00,4.00,11.00,3.05,0.34,,-0.95,0.95,0.51,0.95,0.00,3.00,0.30,11.00
progressive,3.00,2.80,0.42,3.00,2.00,3.00,10.00,2.85,0.15,,-0.15,0.15,0.87,0.15,0.00,3.00,0.59,10.00
reelection,3.00,3.00,0.45,3.00,2.00,4.00,11.00,2.85,0.15,,-0.15,0.15,0.87,0.15,0.00,3.00,0.76,11.00
reflexive,3.00,2.60,0.52,3.00,2.00,3.00,10.00,2.64,-0.06,,-0.36,0.36,0.74,0.36,0.00,3.00,0.75,10.00
refrozen,2.00,2.73,0.47,3.00,2.00,3.00,11.00,2.70,-0.01,,0.70,0.70,0.59,0.00,0.70,3.00,0.64,11.00
retelling,3.00,2.78,0.44,3.00,2.00,3.00,9.00,2.86,0.15,,-0.14,0.14,0.87,0.14,0.00,3.00,0.91,9.00
semicolons,3.00,3.00,0.00,3.00,3.00,3.00,10.00,3.01,0.31,,0.01,0.01,0.99,0.00,0.01,3.00,,10.00
terrorises,4.00,3.10,0.74,3.00,2.00,4.00,10.00,2.93,0.22,,-1.07,1.07,0.48,1.07,0.00,3.00,0.90,10.00
tranquillized,3.00,3.09,0.54,3.00,2.00,4.00,11.00,3.07,0.36,,0.07,0.07,0.94,0.00,0.07,3.00,0.65,11.00
circulates,3.00,3.09,0.83,3.00,2.00,4.00,11.00,3.10,0.39,,0.10,0.10,0.91,0.00,0.10,3.00,0.74,11.00
directionally,4.00,3.38,1.06,3.50,2.00,5.00,8.00,3.45,0.75,,-0.55,0.55,0.65,0.55,0.00,3.00,0.67,8.00
impenetrable,3.00,3.45,0.82,3.00,2.00,5.00,11.00,3.30,0.60,,0.30,0.30,0.77,0.00,0.30,3.00,0.73,11.00
incommunicative,5.00,3.89,1.05,4.00,3.00,6.00,9.00,3.66,0.96,,-1.34,1.34,0.43,1.34,0.00,4.00,0.85,9.00
modernisms,3.00,3.25,0.87,3.00,2.00,5.00,12.00,3.18,0.47,,0.18,0.18,0.85,0.00,0.18,3.00,0.90,12.00
notifications,4.00,3.56,0.88,4.00,2.00,5.00,9.00,3.52,0.81,,-0.48,0.48,0.67,0.48,0.00,4.00,0.92,9.00
protectionism,3.00,3.78,0.67,4.00,3.00,5.00,9.00,3.55,0.84,,0.55,0.55,0.65,0.00,0.55,4.00,0.86,9.00
unconsidered,3.00,3.67,0.87,4.00,2.00,5.00,9.00,3.56,0.86,,0.56,0.56,0.64,0.00,0.56,4.00,0.76,9.00
hazy,2.00,1.67,0.49,2.00,1.00,2.00,12.00,1.67,-1.04,,-0.33,0.33,0.75,0.33,0.00,2.00,0.42,12.00
aftershave,2.00,2.30,0.48,2.00,2.00,3.00,10.00,2.15,-0.56,,0.15,0.15,0.87,0.00,0.15,2.00,0.61,10.00
crasher,2.00,2.27,0.65,2.00,2.00,4.00,11.00,2.12,-0.59,,0.12,0.12,0.89,0.00,0.12,2.00,0.11,11.00
eightieth,3.00,2.50,0.52,2.50,2.00,3.00,12.00,2.42,-0.29,,-0.58,0.58,0.63,0.58,0.00,2.00,0.44,12.00
greatly,2.00,2.00,0.00,2.00,2.00,2.00,9.00,1.98,-0.72,,-0.02,0.02,0.98,0.02,0.00,2.00,,9.00
gunner,2.00,2.00,0.00,2.00,2.00,2.00,13.00,1.95,-0.75,,-0.05,0.05,0.95,0.05,0.00,2.00,,13.00
multicolor,2.00,2.00,0.00,2.00,2.00,2.00,11.00,2.03,-0.68,,0.03,0.03,0.97,0.00,0.03,2.00,,11.00
operational,4.00,2.80,0.79,3.00,2.00,4.00,10.00,2.76,0.06,,-1.24,1.24,0.45,1.24,0.00,3.00,0.72,10.00
retrial,3.00,2.27,0.47,2.00,2.00,3.00,11.00,2.36,-0.34,,-0.64,0.64,0.61,0.64,0.00,2.00,0.17,11.00
shallowly,2.00,2.36,0.50,2.00,2.00,3.00,11.00,2.33,-0.38,,0.33,0.33,0.75,0.00,0.33,2.00,0.80,11.00
smokiest,3.00,2.58,0.51,3.00,2.00,3.00,12.00,2.51,-0.19,,-0.49,0.49,0.67,0.49,0.00,3.00,0.38,12.00
tangibly,2.00,2.50,0.53,2.50,2.00,3.00,10.00,2.38,-0.32,,0.38,0.38,0.72,0.00,0.38,2.00,0.45,10.00
television,3.00,2.69,0.85,3.00,1.00,4.00,13.00,2.66,-0.05,,-0.34,0.34,0.75,0.34,0.00,3.00,0.87,13.00
tractors,3.00,2.75,0.45,3.00,2.00,3.00,12.00,2.69,-0.01,,-0.31,0.31,0.77,0.31,0.00,3.00,0.42,12.00
tribal,2.00,1.73,0.47,2.00,1.00,2.00,11.00,1.86,-0.85,,-0.14,0.14,0.88,0.14,0.00,2.00,0.60,11.00
worshipful,2.00,2.58,0.51,3.00,2.00,3.00,12.00,2.51,-0.19,,0.51,0.51,0.66,0.00,0.51,3.00,0.67,12.00
beholden,2.00,2.92,0.29,3.00,2.00,3.00,12.00,2.84,0.13,,0.84,0.84,0.54,0.00,0.84,3.00,0.43,12.00
generalizable,3.00,3.27,0.47,3.00,3.00,4.00,11.00,3.30,0.60,,0.30,0.30,0.77,0.00,0.30,3.00,0.66,11.00
informal,2.00,2.64,0.50,3.00,2.00,3.00,11.00,2.66,-0.05,,0.66,0.66,0.60,0.00,0.66,3.00,0.69,11.00
miraculously,3.00,3.42,0.90,3.00,2.00,5.00,12.00,3.26,0.56,,0.26,0.26,0.79,0.00,0.26,3.00,0.73,12.00
miscalculation,4.00,3.55,0.69,3.00,3.00,5.00,11.00,3.38,0.68,,-0.62,0.62,0.62,0.62,0.00,3.00,0.78,11.00
nonprofit,2.00,2.64,0.50,3.00,2.00,3.00,11.00,2.44,-0.27,,0.44,0.44,0.70,0.00,0.44,2.00,0.35,11.00
outlasted,3.00,2.80,0.42,3.00,2.00,3.00,10.00,2.88,0.17,,-0.12,0.12,0.89,0.12,0.00,3.00,0.70,10.00
outplaying,3.00,3.00,0.00,3.00,3.00,3.00,11.00,2.87,0.16,,-0.13,0.13,0.88,0.13,0.00,3.00,,11.00
outsmarting,3.00,2.83,0.39,3.00,2.00,3.00,12.00,2.77,0.06,,-0.23,0.23,0.81,0.23,0.00,3.00,0.41,12.00
polishers,3.00,3.25,0.75,3.00,2.00,4.00,12.00,3.07,0.37,,0.07,0.07,0.93,0.00,0.07,3.00,0.91,12.00
pretension,2.00,2.69,0.48,3.00,2.00,3.00,13.00,2.61,-0.09,,0.61,0.61,0.62,0.00,0.61,3.00,0.66,13.00
prosperity,2.00,2.60,0.97,2.50,1.00,4.00,10.00,2.65,-0.05,,0.65,0.65,0.61,0.00,0.65,3.00,0.65,10.00
reflector,3.00,2.73,0.47,3.00,2.00,3.00,11.00,2.60,-0.11,,-0.40,0.40,0.71,0.40,0.00,3.00,0.38,11.00
rightwards,3.00,3.00,0.43,3.00,2.00,4.00,12.00,2.90,0.19,,-0.10,0.10,0.91,0.10,0.00,3.00,0.32,12.00
ripening,3.00,2.55,0.52,3.00,2.00,3.00,11.00,2.65,-0.05,,-0.35,0.35,0.74,0.35,0.00,3.00,0.83,11.00
slenderness,2.00,2.63,0.92,3.00,1.00,4.00,8.00,2.61,-0.09,,0.61,0.61,0.62,0.00,0.61,3.00,0.86,8.00
undermining,3.00,3.17,0.39,3.00,3.00,4.00,12.00,3.00,0.29,,0.00,0.00,1.00,0.00,0.00,3.00,0.50,12.00
experientially,4.00,4.08,1.08,4.50,2.00,5.00,12.00,3.82,1.11,,-0.18,0.18,0.84,0.18,0.00,4.00,0.74,12.00
expressiveness,4.00,3.44,0.73,4.00,2.00,4.00,9.00,3.36,0.66,,-0.64,0.64,0.61,0.64,0.00,3.00,0.49,9.00
interceptions,4.00,3.80,0.63,4.00,3.00,5.00,10.00,3.60,0.89,,-0.40,0.40,0.71,0.40,0.00,4.00,0.89,10.00
uninjured,3.00,3.17,0.72,3.00,2.00,4.00,12.00,3.14,0.44,,0.14,0.14,0.88,0.00,0.14,3.00,0.84,12.00
brilliant,2.00,1.67,0.50,2.00,1.00,2.00,9.00,1.77,-0.93,,-0.23,0.23,0.82,0.23,0.00,2.00,0.57,9.00
deflects,3.00,2.64,0.50,3.00,2.00,3.00,11.00,2.63,-0.08,,-0.37,0.37,0.73,0.37,0.00,3.00,0.18,11.00
disown,2.00,2.00,0.00,2.00,2.00,2.00,9.00,1.93,-0.78,,-0.07,0.07,0.93,0.07,0.00,2.00,,9.00
dreadful,2.00,2.00,0.00,2.00,2.00,2.00,10.00,2.10,-0.60,,0.10,0.10,0.91,0.00,0.10,2.00,,10.00
elitists,3.00,2.44,0.53,2.00,2.00,3.00,9.00,2.45,-0.25,,-0.55,0.55,0.65,0.55,0.00,2.00,0.18,9.00
engraving,3.00,2.80,0.42,3.00,2.00,3.00,10.00,2.78,0.07,,-0.22,0.22,0.82,0.22,0.00,3.00,0.17,10.00
fizzier,3.00,2.10,0.57,2.00,1.00,3.00,10.00,2.16,-0.55,,-0.84,0.84,0.54,0.84,0.00,2.00,0.35,10.00
goatees,3.00,2.22,0.44,2.00,2.00,3.00,9.00,2.36,-0.35,,-0.64,0.64,0.61,0.64,0.00,2.00,0.23,9.00
irrigation,3.00,2.60,0.84,3.00,1.00,4.00,10.00,2.51,-0.19,,-0.49,0.49,0.67,0.49,0.00,3.00,0.79,10.00
lockers,3.00,2.29,0.49,2.00,2.00,3.00,7.00,2.16,-0.55,,-0.84,0.84,0.54,0.84,0.00,2.00,0.01,7.00
lounger,2.00,2.13,0.35,2.00,2.00,3.00,8.00,2.07,-0.64,,0.07,0.07,0.94,0.00,0.07,2.00,0.81,8.00
painful,2.00,2.00,0.00,2.00,2.00,2.00,9.00,1.92,-0.79,,-0.08,0.08,0.92,0.08,0.00,2.00,,9.00
primary,2.00,2.00,0.50,2.00,1.00,3.00,9.00,1.96,-0.75,,-0.04,0.04,0.96,0.04,0.00,2.00,0.68,9.00
scenic,2.00,1.73,0.47,2.00,1.00,2.00,11.00,1.79,-0.92,,-0.21,0.21,0.83,0.21,0.00,2.00,0.57,11.00
shaken,2.00,1.70,0.48,2.00,1.00,2.00,10.00,1.78,-0.92,,-0.22,0.22,0.82,0.22,0.00,2.00,0.58,10.00
smilingly,3.00,2.70,0.48,3.00,2.00,3.00,10.00,2.65,-0.06,,-0.35,0.35,0.74,0.35,0.00,3.00,0.39,10.00
specially,2.00,2.30,0.48,2.00,2.00,3.00,10.00,2.26,-0.45,,0.26,0.26,0.80,0.00,0.26,2.00,0.80,10.00
springier,3.00,2.56,0.53,3.00,2.00,3.00,9.00,2.36,-0.35,,-0.64,0.64,0.61,0.64,0.00,2.00,0.65,9.00
townships,3.00,2.64,0.50,3.00,2.00,3.00,11.00,2.52,-0.18,,-0.48,0.48,0.68,0.48,0.00,3.00,0.16,11.00
aesthetically,4.00,3.00,1.15,3.00,1.00,5.00,10.00,2.92,0.22,,-1.08,1.08,0.48,1.08,0.00,3.00,0.76,10.00
chemical,2.00,2.00,0.63,2.00,1.00,3.00,11.00,2.05,-0.66,,0.05,0.05,0.96,0.00,0.05,2.00,0.11,11.00
dishearten,3.00,2.64,0.81,3.00,1.00,3.00,11.00,2.65,-0.06,,-0.35,0.35,0.74,0.35,0.00,3.00,0.27,11.00
extermination,4.00,3.08,0.67,3.00,2.00,5.00,12.00,3.10,0.40,,-0.90,0.90,0.53,0.90,0.00,3.00,0.77,12.00
forbidden,2.00,2.60,0.52,3.00,2.00,3.00,10.00,2.67,-0.03,,0.67,0.67,0.60,0.00,0.67,3.00,0.73,10.00
hibernation,2.00,2.45,0.52,2.00,2.00,3.00,11.00,2.49,-0.21,,0.49,0.49,0.67,0.00,0.49,2.00,0.79,11.00
inversions,4.00,3.10,0.32,3.00,3.00,4.00,10.00,3.08,0.37,,-0.92,0.92,0.52,0.92,0.00,3.00,0.85,10.00
materialist,2.00,2.20,0.42,2.00,2.00,3.00,10.00,2.36,-0.35,,0.36,0.36,0.74,0.00,0.36,2.00,0.36,10.00
offensive,2.00,2.30,0.48,2.00,2.00,3.00,10.00,2.34,-0.37,,0.34,0.34,0.75,0.00,0.34,2.00,0.04,10.00
origination,3.00,2.73,1.01,3.00,1.00,4.00,11.00,2.66,-0.04,,-0.34,0.34,0.75,0.34,0.00,3.00,0.69,11.00
preserver,3.00,2.78,0.44,3.00,2.00,3.00,9.00,2.73,0.03,,-0.27,0.27,0.79,0.27,0.00,3.00,0.70,9.00
reenacted,4.00,2.90,0.74,3.00,2.00,4.00,10.00,2.88,0.17,,-1.12,1.12,0.47,1.12,0.00,3.00,0.71,10.00
refusals,4.00,2.90,0.32,3.00,2.00,3.00,10.00,2.87,0.16,,-1.13,1.13,0.47,1.13,0.00,3.00,0.22,10.00
resultants,3.00,3.18,0.40,3.00,3.00,4.00,11.00,3.15,0.45,,0.15,0.15,0.87,0.00,0.15,3.00,-0.08,11.00
retakes,3.00,2.67,0.50,3.00,2.00,3.00,9.00,2.70,-0.01,,-0.30,0.30,0.77,0.30,0.00,3.00,0.15,9.00
spoilers,3.00,2.40,0.52,2.00,2.00,3.00,10.00,2.33,-0.38,,-0.67,0.67,0.60,0.67,0.00,2.00,0.56,10.00
staggeringly,3.00,3.60,0.52,4.00,3.00,4.00,10.00,3.29,0.58,,0.29,0.29,0.78,0.00,0.29,3.00,0.66,10.00
stationers,4.00,3.13,0.35,3.00,3.00,4.00,8.00,2.98,0.28,,-1.02,1.02,0.50,1.02,0.00,3.00,0.66,8.00
subcontracts,3.00,3.50,0.53,3.50,3.00,4.00,10.00,3.36,0.65,,0.36,0.36,0.74,0.00,0.36,3.00,0.79,10.00
suppressor,3.00,2.75,0.46,3.00,2.00,3.00,8.00,2.63,-0.08,,-0.37,0.37,0.73,0.37,0.00,3.00,0.69,8.00
thrillingly,3.00,2.75,0.75,3.00,1.00,4.00,12.00,2.78,0.08,,-0.22,0.22,0.82,0.22,0.00,3.00,0.68,12.00
transexual,2.00,2.55,0.52,3.00,2.00,3.00,11.00,2.63,-0.08,,0.63,0.63,0.61,0.00,0.63,3.00,0.64,11.00
arbitrations,4.00,3.30,1.06,3.00,1.00,5.00,10.00,3.30,0.59,,-0.70,0.70,0.59,0.70,0.00,3.00,0.69,10.00
bountifully,3.00,3.18,0.60,3.00,2.00,4.00,11.00,3.14,0.44,,0.14,0.14,0.87,0.00,0.14,3.00,0.62,11.00
catchments,3.00,3.00,0.50,3.00,2.00,4.00,9.00,2.89,0.19,,-0.11,0.11,0.90,0.11,0.00,3.00,0.44,9.00
circumcise,2.00,2.67,0.71,3.00,2.00,4.00,9.00,2.51,-0.20,,0.51,0.51,0.66,0.00,0.51,3.00,0.62,9.00
disarranged,3.00,3.00,0.43,3.00,2.00,4.00,12.00,3.08,0.38,,0.08,0.08,0.92,0.00,0.08,3.00,0.34,12.00
disassemble,3.00,2.90,0.88,3.00,2.00,4.00,10.00,2.82,0.11,,-0.18,0.18,0.85,0.18,0.00,3.00,0.70,10.00
disconnecting,3.00,3.56,0.53,4.00,3.00,4.00,9.00,3.36,0.66,,0.36,0.36,0.73,0.00,0.36,3.00,0.88,9.00
fragmentations,3.00,3.78,0.67,4.00,3.00,5.00,9.00,3.70,0.99,,0.70,0.70,0.59,0.00,0.70,4.00,0.41,9.00
immunized,3.00,3.00,0.77,3.00,2.00,4.00,11.00,2.97,0.26,,-0.03,0.03,0.97,0.03,0.00,3.00,0.71,11.00
influentially,5.00,3.60,0.97,4.00,2.00,5.00,10.00,3.43,0.72,,-1.57,1.57,0.39,1.57,0.00,3.00,0.66,10.00
magnetize,2.00,2.40,0.84,2.00,1.00,4.00,10.00,2.46,-0.25,,0.46,0.46,0.69,0.00,0.46,2.00,0.68,10.00
preventively,3.00,3.64,0.50,4.00,3.00,4.00,11.00,3.46,0.75,,0.46,0.46,0.69,0.00,0.46,3.00,0.67,11.00
traditionalism,3.00,3.22,0.97,3.00,2.00,5.00,9.00,3.12,0.42,,0.12,0.12,0.89,0.00,0.12,3.00,0.84,9.00
unpretentiously,4.00,4.27,0.65,4.00,3.00,5.00,11.00,4.12,1.41,,0.12,0.12,0.89,0.00,0.12,4.00,0.79,11.00
bluntly,2.00,2.00,0.00,2.00,2.00,2.00,9.00,2.07,-0.63,,0.07,0.07,0.93,0.00,0.07,2.00,,9.00
busiest,2.00,2.18,0.40,2.00,2.00,3.00,11.00,2.15,-0.55,,0.15,0.15,0.87,0.00,0.15,2.00,0.83,11.00
decorative,3.00,3.11,0.78,3.00,2.00,4.00,9.00,2.92,0.21,,-0.08,0.08,0.93,0.08,0.00,3.00,0.92,9.00
expenditures,4.00,3.00,1.00,3.00,2.00,5.00,11.00,3.11,0.41,,-0.89,0.89,0.53,0.89,0.00,3.00,0.75,11.00
factorizing,4.00,2.92,0.67,3.00,2.00,4.00,12.00,2.85,0.14,,-1.15,1.15,0.46,1.15,0.00,3.00,0.69,12.00
hairy,2.00,1.78,0.44,2.00,1.00,2.00,9.00,1.86,-0.85,,-0.14,0.14,0.87,0.14,0.00,2.00,-0.09,9.00
huskies,3.00,2.00,0.47,2.00,1.00,3.00,10.00,2.10,-0.60,,-0.90,0.90,0.53,0.90,0.00,2.00,0.38,10.00
intruding,3.00,2.36,0.67,2.00,1.00,3.00,11.00,2.66,-0.05,,-0.34,0.34,0.74,0.34,0.00,3.00,0.70,11.00
kilogram,2.00,2.09,0.30,2.00,2.00,3.00,11.00,2.19,-0.51,,0.19,0.19,0.84,0.00,0.19,2.00,0.75,11.00
nearer,2.00,2.00,0.00,2.00,2.00,2.00,9.00,2.13,-0.58,,0.13,0.13,0.89,0.00,0.13,2.00,,9.00
overlay,2.00,2.20,0.42,2.00,2.00,3.00,10.00,2.14,-0.57,,0.14,0.14,0.88,0.00,0.14,2.00,0.77,10.00
retained,3.00,2.43,0.53,2.00,2.00,3.00,7.00,2.52,-0.18,,-0.48,0.48,0.68,0.48,0.00,3.00,0.87,7.00
scanners,3.00,2.64,0.67,3.00,1.00,3.00,11.00,2.76,0.05,,-0.24,0.24,0.81,0.24,0.00,3.00,0.70,11.00
skillfulness,3.00,3.00,0.50,3.00,2.00,4.00,9.00,2.94,0.24,,-0.06,0.06,0.94,0.06,0.00,3.00,0.62,9.00
snugly,2.00,1.80,0.42,2.00,1.00,2.00,10.00,1.86,-0.84,,-0.14,0.14,0.88,0.14,0.00,2.00,0.53,10.00
straighter,2.00,2.09,0.30,2.00,2.00,3.00,11.00,2.24,-0.46,,0.24,0.24,0.80,0.00,0.24,2.00,0.70,11.00
swatters,3.00,2.33,0.78,2.50,1.00,3.00,12.00,2.37,-0.34,,-0.63,0.63,0.61,0.63,0.00,2.00,0.78,12.00
villainous,2.00,2.50,0.53,2.50,2.00,3.00,10.00,2.52,-0.18,,0.52,0.52,0.66,0.00,0.52,3.00,0.66,10.00
agitations,3.00,2.40,1.07,3.00,1.00,4.00,10.00,2.75,0.05,,-0.25,0.25,0.80,0.25,0.00,3.00,0.91,10.00
atomizers,4.00,3.27,0.79,3.00,2.00,4.00,11.00,3.24,0.53,,-0.76,0.76,0.57,0.76,0.00,3.00,0.32,11.00
complainant,2.00,2.60,0.52,3.00,2.00,3.00,10.00,2.70,0.00,,0.70,0.70,0.59,0.00,0.70,3.00,0.35,10.00
conscientious,3.00,2.89,0.78,3.00,2.00,4.00,9.00,2.93,0.22,,-0.07,0.07,0.93,0.07,0.00,3.00,0.90,9.00
deserters,4.00,3.00,0.45,3.00,2.00,4.00,11.00,2.94,0.24,,-1.06,1.06,0.49,1.06,0.00,3.00,0.45,11.00
gainers,3.00,2.36,0.67,2.00,1.00,3.00,11.00,2.57,-0.14,,-0.43,0.43,0.70,0.43,0.00,3.00,0.63,11.00
instructively,4.00,3.44,0.73,4.00,2.00,4.00,9.00,3.35,0.64,,-0.65,0.65,0.60,0.65,0.00,3.00,0.38,9.00
outmaneuvered,3.00,2.70,0.48,3.00,2.00,3.00,10.00,3.00,0.30,,0.00,0.00,1.00,0.00,0.00,3.00,0.45,10.00
politicized,3.00,2.56,1.01,2.00,2.00,5.00,9.00,2.72,0.02,,-0.28,0.28,0.78,0.28,0.00,3.00,0.67,9.00
predicament,2.00,3.11,0.60,3.00,2.00,4.00,9.00,3.01,0.30,,1.01,1.01,0.50,0.00,1.01,3.00,0.56,9.00
reeducation,4.00,3.40,0.84,3.00,3.00,5.00,10.00,3.37,0.66,,-0.63,0.63,0.61,0.63,0.00,3.00,0.83,10.00
unacknowledged,5.00,3.50,1.18,3.50,1.00,5.00,10.00,3.37,0.66,,-1.63,1.63,0.38,1.63,0.00,3.00,0.46,10.00
upending,3.00,2.56,0.73,3.00,1.00,3.00,9.00,2.78,0.08,,-0.22,0.22,0.82,0.22,0.00,3.00,0.85,9.00
unadulterated,4.00,4.60,0.97,4.00,4.00,7.00,10.00,4.33,1.62,,0.33,0.33,0.75,0.00,0.33,4.00,0.50,10.00
brainless,2.00,2.09,0.30,2.00,2.00,3.00,11.00,1.98,-0.72,,-0.02,0.02,0.98,0.02,0.00,2.00,0.17,11.00
broken,2.00,1.83,0.39,2.00,1.00,2.00,12.00,1.98,-0.73,,-0.02,0.02,0.98,0.02,0.00,2.00,0.56,12.00
doer,2.00,2.00,0.00,2.00,2.00,2.00,10.00,2.10,-0.60,,0.10,0.10,0.91,0.00,0.10,2.00,,10.00
equate,2.00,1.30,0.48,1.00,1.00,2.00,10.00,1.35,-1.36,,-0.65,0.65,0.61,0.65,0.00,1.00,0.63,10.00
frighten,2.00,2.00,0.00,2.00,2.00,2.00,9.00,1.99,-0.71,,-0.01,0.01,0.99,0.01,0.00,2.00,,9.00
globally,3.00,2.50,0.53,2.50,2.00,3.00,10.00,2.41,-0.29,,-0.59,0.59,0.63,0.59,0.00,2.00,0.63,10.00
linkage,2.00,2.00,0.00,2.00,2.00,2.00,9.00,2.15,-0.56,,0.15,0.15,0.87,0.00,0.15,2.00,,9.00
overhang,2.00,2.10,0.32,2.00,2.00,3.00,10.00,1.97,-0.73,,-0.03,0.03,0.98,0.03,0.00,2.00,0.52,10.00
pliable,2.00,1.92,0.51,2.00,1.00,3.00,12.00,2.01,-0.70,,0.01,0.01,0.99,0.00,0.01,2.00,0.54,12.00
puffy,2.00,1.89,0.33,2.00,1.00,2.00,9.00,1.97,-0.73,,-0.03,0.03,0.97,0.03,0.00,2.00,0.40,9.00
accusingly,3.00,2.82,0.60,3.00,2.00,4.00,11.00,2.76,0.05,,-0.24,0.24,0.80,0.24,0.00,3.00,0.79,11.00
awaking,3.00,2.40,0.70,2.00,2.00,4.00,10.00,2.45,-0.26,,-0.55,0.55,0.64,0.55,0.00,2.00,0.29,10.00
crappiest,3.00,2.55,0.69,3.00,1.00,3.00,11.00,2.50,-0.21,,-0.50,0.50,0.66,0.50,0.00,2.00,0.51,11.00
hardening,3.00,2.78,0.67,3.00,1.00,3.00,9.00,2.87,0.16,,-0.13,0.13,0.88,0.13,0.00,3.00,0.80,9.00
humanizing,3.00,3.00,0.50,3.00,2.00,4.00,9.00,3.03,0.33,,0.03,0.03,0.97,0.00,0.03,3.00,0.52,9.00
increased,3.00,2.73,0.47,3.00,2.00,3.00,11.00,2.70,0.00,,-0.30,0.30,0.77,0.30,0.00,3.00,0.58,11.00
perceived,3.00,2.73,0.47,3.00,2.00,3.00,11.00,2.69,-0.01,,-0.31,0.31,0.76,0.31,0.00,3.00,0.58,11.00
reddened,3.00,3.10,0.32,3.00,3.00,4.00,10.00,2.96,0.26,,-0.04,0.04,0.96,0.04,0.00,3.00,-0.06,10.00
speakers,3.00,2.56,0.53,3.00,2.00,3.00,9.00,2.64,-0.06,,-0.36,0.36,0.74,0.36,0.00,3.00,0.43,9.00
symmetrical,4.00,2.45,0.93,3.00,1.00,4.00,11.00,2.61,-0.09,,-1.39,1.39,0.42,1.39,0.00,3.00,0.50,11.00
tranquilly,2.00,2.55,0.69,2.00,2.00,4.00,11.00,2.48,-0.23,,0.48,0.48,0.68,0.00,0.48,2.00,0.93,11.00
acceptably,4.00,2.71,0.76,3.00,2.00,4.00,7.00,2.80,0.10,,-1.20,1.20,0.45,1.20,0.00,3.00,0.44,7.00
constellation,4.00,2.60,1.17,2.50,1.00,4.00,10.00,2.79,0.09,,-1.21,1.21,0.45,1.21,0.00,3.00,0.41,10.00
desensitizes,4.00,3.89,0.78,4.00,3.00,5.00,9.00,3.66,0.96,,-0.34,0.34,0.75,0.34,0.00,4.00,0.73,9.00
preconception,4.00,3.50,0.76,3.00,3.00,5.00,8.00,3.40,0.69,,-0.60,0.60,0.62,0.60,0.00,3.00,0.72,8.00
regularised,4.00,3.50,0.76,4.00,2.00,4.00,8.00,3.25,0.55,,-0.75,0.75,0.57,0.75,0.00,3.00,0.91,8.00
reuniting,4.00,3.33,0.49,3.00,3.00,4.00,12.00,3.16,0.45,,-0.84,0.84,0.54,0.84,0.00,3.00,0.63,12.00
terrorizing,4.00,3.11,0.33,3.00,3.00,4.00,9.00,3.01,0.30,,-0.99,0.99,0.50,0.99,0.00,3.00,0.48,9.00
conceptualising,4.00,4.20,1.03,4.00,3.00,6.00,10.00,4.00,1.30,,0.00,0.00,1.00,0.00,0.00,4.00,0.89,10.00
deportations,4.00,3.44,1.33,4.00,1.00,5.00,9.00,3.27,0.57,,-0.73,0.73,0.58,0.73,0.00,3.00,0.78,9.00
popularizers,5.00,3.58,1.08,3.50,2.00,5.00,12.00,3.41,0.71,,-1.59,1.59,0.39,1.59,0.00,3.00,0.79,12.00
representatives,3.00,4.09,0.83,4.00,3.00,5.00,11.00,3.99,1.29,,0.99,0.99,0.50,0.00,0.99,4.00,0.70,11.00
dodgier,3.00,2.50,0.53,2.50,2.00,3.00,8.00,2.54,-0.17,,-0.46,0.46,0.68,0.46,0.00,3.00,0.48,8.00
downwind,2.00,2.00,0.00,2.00,2.00,2.00,9.00,2.12,-0.59,,0.12,0.12,0.89,0.00,0.12,2.00,,9.00
estimator,3.00,2.00,0.50,2.00,1.00,3.00,9.00,2.22,-0.48,,-0.78,0.78,0.56,0.78,0.00,2.00,-0.15,9.00
growler,2.00,2.00,0.00,2.00,2.00,2.00,10.00,1.98,-0.73,,-0.02,0.02,0.98,0.02,0.00,2.00,,10.00
princesses,3.00,2.60,0.52,3.00,2.00,3.00,10.00,2.42,-0.29,,-0.58,0.58,0.63,0.58,0.00,2.00,0.73,10.00
sensation,3.00,2.64,0.67,3.00,2.00,4.00,11.00,2.51,-0.20,,-0.49,0.49,0.67,0.49,0.00,3.00,0.19,11.00
singly,2.00,2.00,0.00,2.00,2.00,2.00,10.00,1.95,-0.75,,-0.05,0.05,0.95,0.05,0.00,2.00,,10.00
antiheroes,3.00,3.00,0.00,3.00,3.00,3.00,8.00,3.04,0.33,,0.04,0.04,0.96,0.00,0.04,3.00,,8.00
bombers,3.00,2.88,0.35,3.00,2.00,3.00,8.00,2.96,0.26,,-0.04,0.04,0.97,0.04,0.00,3.00,0.27,8.00
conditioners,3.00,3.64,1.03,3.00,2.00,5.00,11.00,3.45,0.74,,0.45,0.45,0.69,0.00,0.45,3.00,0.78,11.00
defiances,3.00,2.70,0.82,3.00,1.00,4.00,10.00,2.75,0.05,,-0.25,0.25,0.80,0.25,0.00,3.00,0.66,10.00
dieticians,3.00,2.80,0.79,3.00,1.00,4.00,10.00,2.91,0.20,,-0.09,0.09,0.91,0.09,0.00,3.00,0.90,10.00
dilutions,3.00,2.82,0.40,3.00,2.00,3.00,11.00,2.77,0.07,,-0.23,0.23,0.81,0.23,0.00,3.00,0.56,11.00
dishonored,3.00,2.90,0.57,3.00,2.00,4.00,10.00,2.82,0.12,,-0.18,0.18,0.85,0.18,0.00,3.00,0.53,10.00
dismantled,3.00,3.22,0.44,3.00,3.00,4.00,9.00,3.08,0.37,,0.08,0.08,0.93,0.00,0.08,3.00,0.17,9.00
grabbers,3.00,2.42,0.51,2.00,2.00,3.00,12.00,2.48,-0.23,,-0.52,0.52,0.66,0.52,0.00,2.00,0.07,12.00
gymnastic,3.00,2.40,0.70,2.50,1.00,3.00,10.00,2.45,-0.25,,-0.55,0.55,0.65,0.55,0.00,2.00,0.73,10.00
hardiness,3.00,2.40,0.70,2.50,1.00,3.00,10.00,2.45,-0.25,,-0.55,0.55,0.65,0.55,0.00,2.00,0.42,10.00
interbred,2.00,2.40,0.70,2.00,2.00,4.00,10.00,2.36,-0.34,,0.36,0.36,0.73,0.00,0.36,2.00,0.85,10.00
liberalized,4.00,2.90,0.74,3.00,2.00,4.00,10.00,2.96,0.26,,-1.04,1.04,0.49,1.04,0.00,3.00,0.92,10.00
ninetieth,3.00,2.00,0.67,2.00,1.00,3.00,10.00,2.05,-0.65,,-0.95,0.95,0.51,0.95,0.00,2.00,0.27,10.00
postponed,3.00,2.90,0.32,3.00,2.00,3.00,10.00,2.98,0.28,,-0.02,0.02,0.98,0.02,0.00,3.00,0.77,10.00
protrudes,3.00,2.80,0.42,3.00,2.00,3.00,10.00,2.75,0.05,,-0.25,0.25,0.80,0.25,0.00,3.00,0.66,10.00
radicalism,3.00,2.64,0.92,3.00,1.00,4.00,11.00,2.63,-0.07,,-0.37,0.37,0.73,0.37,0.00,3.00,0.92,11.00
recaptured,4.00,2.89,0.33,3.00,2.00,3.00,9.00,2.93,0.22,,-1.07,1.07,0.48,1.07,0.00,3.00,0.04,9.00
transfixes,3.00,2.91,0.30,3.00,2.00,3.00,11.00,2.84,0.14,,-0.16,0.16,0.86,0.16,0.00,3.00,0.21,11.00
transgression,3.00,2.50,0.85,3.00,1.00,3.00,10.00,2.69,-0.02,,-0.31,0.31,0.76,0.31,0.00,3.00,0.81,10.00
transphobic,2.00,2.75,0.71,3.00,2.00,4.00,8.00,2.75,0.04,,0.75,0.75,0.57,0.00,0.75,3.00,0.62,8.00
undertakers,4.00,3.45,0.52,3.00,3.00,4.00,11.00,3.15,0.45,,-0.85,0.85,0.54,0.85,0.00,3.00,0.13,11.00
undervalues,3.00,3.45,0.52,3.00,3.00,4.00,11.00,3.30,0.59,,0.30,0.30,0.77,0.00,0.30,3.00,0.32,11.00
uniformed,3.00,3.20,0.79,3.00,2.00,5.00,10.00,3.15,0.45,,0.15,0.15,0.87,0.00,0.15,3.00,0.62,10.00
untidiest,3.00,2.78,0.44,3.00,2.00,3.00,9.00,2.92,0.21,,-0.08,0.08,0.92,0.08,0.00,3.00,0.65,9.00
indistinctly,3.00,3.00,0.45,3.00,2.00,4.00,11.00,3.03,0.33,,0.03,0.03,0.97,0.00,0.03,3.00,0.54,11.00
unattended,3.00,3.22,0.44,3.00,3.00,4.00,9.00,3.20,0.49,,0.20,0.20,0.84,0.00,0.20,3.00,0.58,9.00
vocalizations,4.00,4.22,0.97,4.00,2.00,5.00,9.00,3.93,1.23,,-0.07,0.07,0.94,0.07,0.00,4.00,0.79,9.00
agreement,2.00,2.00,0.00,2.00,2.00,2.00,10.00,2.12,-0.58,,0.12,0.12,0.89,0.00,0.12,2.00,,10.00
briefer,2.00,2.10,0.32,2.00,2.00,3.00,10.00,2.11,-0.60,,0.11,0.11,0.90,0.00,0.11,2.00,0.78,10.00
cultist,2.00,2.00,0.00,2.00,2.00,2.00,11.00,2.12,-0.59,,0.12,0.12,0.90,0.00,0.12,2.00,,11.00
desegregate,4.00,2.73,0.79,3.00,2.00,4.00,11.00,2.88,0.17,,-1.12,1.12,0.47,1.12,0.00,3.00,-0.14,11.00
endurance,3.00,2.42,0.51,2.00,2.00,3.00,12.00,2.37,-0.34,,-0.63,0.63,0.61,0.63,0.00,2.00,0.52,12.00
entailed,3.00,2.50,0.53,2.50,2.00,3.00,8.00,2.48,-0.23,,-0.52,0.52,0.66,0.52,0.00,2.00,0.09,8.00
expansively,3.00,3.09,0.83,3.00,2.00,4.00,11.00,3.06,0.36,,0.06,0.06,0.94,0.00,0.06,3.00,0.83,11.00
golden,2.00,1.73,0.47,2.00,1.00,2.00,11.00,1.87,-0.83,,-0.13,0.13,0.89,0.13,0.00,2.00,0.38,11.00
lofty,2.00,1.89,0.33,2.00,1.00,2.00,9.00,1.95,-0.76,,-0.05,0.05,0.95,0.05,0.00,2.00,0.53,9.00
mortals,3.00,2.00,0.63,2.00,1.00,3.00,11.00,2.10,-0.60,,-0.90,0.90,0.53,0.90,0.00,2.00,0.76,11.00
motorize,2.00,2.11,0.33,2.00,2.00,3.00,9.00,2.11,-0.59,,0.11,0.11,0.90,0.00,0.11,2.00,0.74,9.00
rambler,2.00,2.00,0.00,2.00,2.00,2.00,10.00,2.03,-0.67,,0.03,0.03,0.97,0.00,0.03,2.00,,10.00
rejected,3.00,2.55,0.52,3.00,2.00,3.00,11.00,2.54,-0.16,,-0.46,0.46,0.69,0.46,0.00,3.00,0.55,11.00
sagely,2.00,2.00,0.00,2.00,2.00,2.00,8.00,2.18,-0.52,,0.18,0.18,0.84,0.00,0.18,2.00,,8.00
sculptor,2.00,2.00,0.00,2.00,2.00,2.00,9.00,2.09,-0.61,,0.09,0.09,0.91,0.00,0.09,2.00,,9.00
spikier,3.00,2.55,0.69,3.00,1.00,3.00,11.00,2.58,-0.13,,-0.42,0.42,0.70,0.42,0.00,3.00,0.11,11.00
supernatural,3.00,2.80,0.79,3.00,2.00,4.00,10.00,2.80,0.09,,-0.20,0.20,0.83,0.20,0.00,3.00,0.83,10.00
supernova,2.00,2.00,0.50,2.00,1.00,3.00,9.00,2.14,-0.56,,0.14,0.14,0.88,0.00,0.14,2.00,-0.19,9.00
unquote,2.00,2.00,0.00,2.00,2.00,2.00,11.00,2.15,-0.55,,0.15,0.15,0.87,0.00,0.15,2.00,,11.00
visioning,3.00,2.36,0.50,2.00,2.00,3.00,11.00,2.37,-0.34,,-0.63,0.63,0.61,0.63,0.00,2.00,0.88,11.00
appointee,2.00,2.20,0.63,2.00,1.00,3.00,10.00,2.28,-0.42,,0.28,0.28,0.78,0.00,0.28,2.00,0.47,10.00
autoregressive,3.00,3.33,0.50,3.00,3.00,4.00,9.00,3.34,0.63,,0.34,0.34,0.75,0.00,0.34,3.00,0.72,9.00
digestives,4.00,3.22,0.44,3.00,3.00,4.00,9.00,3.03,0.33,,-0.97,0.97,0.51,0.97,0.00,3.00,0.59,9.00
disagreeable,3.00,3.20,0.42,3.00,3.00,4.00,10.00,3.18,0.47,,0.18,0.18,0.85,0.00,0.18,3.00,0.33,10.00
exactitude,2.00,2.36,0.50,2.00,2.00,3.00,11.00,2.57,-0.14,,0.57,0.57,0.64,0.00,0.57,3.00,0.55,11.00
hopelessness,3.00,3.10,0.32,3.00,3.00,4.00,10.00,3.03,0.32,,0.03,0.03,0.97,0.00,0.03,3.00,0.16,10.00
indexers,3.00,2.91,0.94,3.00,1.00,4.00,11.00,3.05,0.34,,0.05,0.05,0.95,0.00,0.05,3.00,0.86,11.00
inhumane,2.00,2.22,0.44,2.00,2.00,3.00,9.00,2.41,-0.30,,0.41,0.41,0.71,0.00,0.41,2.00,0.56,9.00
misdirecting,3.00,3.27,0.47,3.00,3.00,4.00,11.00,3.16,0.46,,0.16,0.16,0.86,0.00,0.16,3.00,0.92,11.00
nondescript,3.00,2.55,0.52,3.00,2.00,3.00,11.00,2.48,-0.22,,-0.52,0.52,0.66,0.52,0.00,2.00,0.16,11.00
partnership,2.00,2.70,0.82,2.50,2.00,4.00,10.00,2.79,0.09,,0.79,0.79,0.56,0.00,0.79,3.00,0.52,10.00
powerlessness,3.00,3.10,0.32,3.00,3.00,4.00,10.00,3.11,0.40,,0.11,0.11,0.90,0.00,0.11,3.00,0.84,10.00
punchers,3.00,2.91,0.30,3.00,2.00,3.00,11.00,2.86,0.15,,-0.14,0.14,0.88,0.14,0.00,3.00,0.26,11.00
rollers,3.00,2.55,0.52,3.00,2.00,3.00,11.00,2.74,0.03,,-0.26,0.26,0.79,0.26,0.00,3.00,0.77,11.00
solidified,3.00,2.90,0.32,3.00,2.00,3.00,10.00,2.88,0.17,,-0.12,0.12,0.89,0.12,0.00,3.00,0.17,10.00
stickiness,3.00,2.70,0.48,3.00,2.00,3.00,10.00,2.69,-0.02,,-0.31,0.31,0.76,0.31,0.00,3.00,-0.10,10.00
tauntingly,3.00,2.70,0.67,3.00,1.00,3.00,10.00,2.83,0.13,,-0.17,0.17,0.86,0.17,0.00,3.00,0.19,10.00
unleashes,3.00,2.90,0.32,3.00,2.00,3.00,10.00,2.95,0.25,,-0.05,0.05,0.95,0.05,0.00,3.00,0.49,10.00
unstructured,4.00,3.22,0.44,3.00,3.00,4.00,9.00,3.18,0.48,,-0.82,0.82,0.55,0.82,0.00,3.00,0.15,9.00
victimizes,3.00,3.20,0.42,3.00,3.00,4.00,10.00,3.08,0.38,,0.08,0.08,0.92,0.00,0.08,3.00,0.87,10.00
conversational,3.00,3.56,1.01,4.00,2.00,5.00,9.00,3.37,0.66,,0.37,0.37,0.73,0.00,0.37,3.00,0.77,9.00
arrivals,3.00,2.50,0.85,2.50,1.00,4.00,10.00,2.56,-0.14,,-0.44,0.44,0.69,0.44,0.00,3.00,0.82,10.00
blazers,3.00,2.00,0.71,2.00,1.00,3.00,9.00,2.19,-0.51,,-0.81,0.81,0.55,0.81,0.00,2.00,0.78,9.00
clerical,2.00,2.09,0.54,2.00,1.00,3.00,11.00,2.20,-0.50,,0.20,0.20,0.83,0.00,0.20,2.00,0.89,11.00
collectible,2.00,2.44,0.88,2.00,1.00,4.00,9.00,2.50,-0.21,,0.50,0.50,0.67,0.00,0.50,2.00,0.38,9.00
cruelty,2.00,2.00,0.67,2.00,1.00,3.00,10.00,2.29,-0.42,,0.29,0.29,0.78,0.00,0.29,2.00,0.69,10.00
defiant,2.00,2.30,0.67,2.00,1.00,3.00,10.00,2.36,-0.35,,0.36,0.36,0.74,0.00,0.36,2.00,0.77,10.00
duplications,5.00,2.33,1.00,2.00,1.00,4.00,9.00,2.65,-0.05,,-2.35,2.35,0.30,2.35,0.00,3.00,0.82,9.00
falsehoods,3.00,2.60,0.70,3.00,1.00,3.00,10.00,2.71,0.01,,-0.29,0.29,0.78,0.29,0.00,3.00,0.69,10.00
fatality,3.00,2.17,0.58,2.00,1.00,3.00,12.00,2.20,-0.51,,-0.80,0.80,0.56,0.80,0.00,2.00,0.87,12.00
fertilizer,3.00,2.14,0.69,2.00,1.00,3.00,7.00,2.48,-0.23,,-0.52,0.52,0.66,0.52,0.00,2.00,0.50,7.00
fusion,2.00,1.56,0.53,2.00,1.00,2.00,9.00,1.85,-0.86,,-0.15,0.15,0.87,0.15,0.00,2.00,0.58,9.00
hesitant,2.00,1.89,0.60,2.00,1.00,3.00,9.00,2.02,-0.69,,0.02,0.02,0.98,0.00,0.02,2.00,0.77,9.00
likelier,3.00,2.50,0.85,3.00,1.00,3.00,10.00,2.56,-0.14,,-0.44,0.44,0.70,0.44,0.00,3.00,0.70,10.00
microscopes,3.00,2.38,0.92,3.00,1.00,3.00,8.00,2.74,0.03,,-0.26,0.26,0.79,0.26,0.00,3.00,0.78,8.00
pitcher,2.00,1.90,0.32,2.00,1.00,2.00,10.00,2.07,-0.63,,0.07,0.07,0.93,0.00,0.07,2.00,0.86,10.00
roller,2.00,1.91,0.30,2.00,1.00,2.00,11.00,1.99,-0.72,,-0.01,0.01,0.99,0.01,0.00,2.00,0.72,11.00
teasers,3.00,2.60,0.70,3.00,1.00,3.00,10.00,2.77,0.07,,-0.23,0.23,0.81,0.23,0.00,3.00,0.84,10.00
ulcerated,3.00,2.27,0.79,2.00,1.00,3.00,11.00,2.54,-0.16,,-0.46,0.46,0.69,0.46,0.00,3.00,0.91,11.00
unionised,3.00,2.91,0.83,3.00,1.00,4.00,11.00,2.83,0.12,,-0.17,0.17,0.85,0.17,0.00,3.00,0.74,11.00
bashful,2.00,2.00,0.00,2.00,2.00,2.00,10.00,2.35,-0.36,,0.35,0.35,0.74,0.00,0.35,2.00,,10.00
comfier,2.00,2.20,0.63,2.00,1.00,3.00,10.00,2.30,-0.40,,0.30,0.30,0.77,0.00,0.30,2.00,0.77,10.00
dreamier,3.00,2.45,0.52,2.00,2.00,3.00,11.00,2.47,-0.23,,-0.53,0.53,0.65,0.53,0.00,2.00,0.57,11.00
dressier,3.00,2.27,0.65,2.00,1.00,3.00,11.00,2.32,-0.38,,-0.68,0.68,0.60,0.68,0.00,2.00,0.72,11.00
druggists,3.00,2.55,0.69,3.00,1.00,3.00,11.00,2.65,-0.06,,-0.35,0.35,0.74,0.35,0.00,3.00,0.09,11.00
egotistic,3.00,2.60,0.70,2.50,2.00,4.00,10.00,2.86,0.15,,-0.14,0.14,0.87,0.14,0.00,3.00,0.63,10.00
gallantly,2.00,2.40,0.52,2.00,2.00,3.00,10.00,2.49,-0.22,,0.49,0.49,0.67,0.00,0.49,2.00,0.59,10.00
header,2.00,1.80,0.42,2.00,1.00,2.00,10.00,2.04,-0.67,,0.04,0.04,0.97,0.00,0.04,2.00,0.24,10.00
incorrect,2.00,2.36,0.50,2.00,2.00,3.00,11.00,2.40,-0.30,,0.40,0.40,0.71,0.00,0.40,2.00,0.59,11.00
indexer,2.00,2.18,0.40,2.00,2.00,3.00,11.00,2.44,-0.26,,0.44,0.44,0.69,0.00,0.44,2.00,0.49,11.00
interlace,2.00,2.30,0.48,2.00,2.00,3.00,10.00,2.44,-0.27,,0.44,0.44,0.70,0.00,0.44,2.00,0.43,10.00
luckless,2.00,2.00,0.00,2.00,2.00,2.00,10.00,2.34,-0.36,,0.34,0.34,0.74,0.00,0.34,2.00,,10.00
rationalist,2.00,2.67,0.50,3.00,2.00,3.00,9.00,2.82,0.11,,0.82,0.82,0.55,0.00,0.82,3.00,0.74,9.00
replenishes,4.00,3.64,0.81,4.00,2.00,5.00,11.00,3.47,0.76,,-0.53,0.53,0.65,0.53,0.00,3.00,0.77,11.00
satirically,4.00,2.88,0.35,3.00,2.00,3.00,8.00,2.99,0.28,,-1.01,1.01,0.50,1.01,0.00,3.00,0.79,8.00
smasher,2.00,1.90,0.32,2.00,1.00,2.00,10.00,2.11,-0.60,,0.11,0.11,0.90,0.00,0.11,2.00,0.25,10.00
spectacularly,4.00,2.44,0.53,2.00,2.00,3.00,9.00,2.70,0.00,,-1.30,1.30,0.44,1.30,0.00,3.00,0.61,9.00
steadiness,2.00,2.56,0.53,3.00,2.00,3.00,9.00,2.75,0.05,,0.75,0.75,0.57,0.00,0.75,3.00,0.58,9.00
whaler,2.00,2.00,0.00,2.00,2.00,2.00,10.00,2.04,-0.67,,0.04,0.04,0.96,0.00,0.04,2.00,,10.00
witty,2.00,1.80,0.42,2.00,1.00,2.00,10.00,2.07,-0.64,,0.07,0.07,0.94,0.00,0.07,2.00,0.32,10.00
foolishness,3.00,2.78,0.67,3.00,2.00,4.00,9.00,2.93,0.22,,-0.07,0.07,0.93,0.07,0.00,3.00,0.23,9.00
malformed,3.00,2.82,0.40,3.00,2.00,3.00,11.00,2.88,0.18,,-0.12,0.12,0.90,0.12,0.00,3.00,-0.22,11.00
unrevealing,3.00,3.36,0.50,3.00,3.00,4.00,11.00,3.26,0.56,,0.26,0.26,0.79,0.00,0.26,3.00,0.31,11.00
achievement,2.00,2.36,0.50,2.00,2.00,3.00,11.00,2.41,-0.29,,0.41,0.41,0.71,0.00,0.41,2.00,0.48,11.00
acidity,2.00,2.80,0.92,2.50,2.00,4.00,10.00,2.69,-0.02,,0.69,0.69,0.59,0.00,0.69,3.00,0.74,10.00
breeziest,3.00,2.44,0.53,2.00,2.00,3.00,9.00,2.46,-0.25,,-0.54,0.54,0.65,0.54,0.00,2.00,0.28,9.00
cherubic,2.00,2.27,0.47,2.00,2.00,3.00,11.00,2.26,-0.45,,0.26,0.26,0.79,0.00,0.26,2.00,0.39,11.00
depresses,3.00,2.73,0.47,3.00,2.00,3.00,11.00,2.67,-0.04,,-0.33,0.33,0.75,0.33,0.00,3.00,0.49,11.00
dimmer,2.00,2.00,0.00,2.00,2.00,2.00,8.00,2.06,-0.64,,0.06,0.06,0.94,0.00,0.06,2.00,,8.00
falseness,2.00,2.00,0.00,2.00,2.00,2.00,11.00,2.09,-0.62,,0.09,0.09,0.92,0.00,0.09,2.00,,11.00
filthy,2.00,1.50,0.52,1.50,1.00,2.00,12.00,1.65,-1.06,,-0.35,0.35,0.74,0.35,0.00,2.00,0.17,12.00
gracious,2.00,2.00,0.47,2.00,1.00,3.00,10.00,2.15,-0.55,,0.15,0.15,0.87,0.00,0.15,2.00,0.68,10.00
helpfully,3.00,2.64,0.50,3.00,2.00,3.00,11.00,2.68,-0.02,,-0.32,0.32,0.76,0.32,0.00,3.00,0.53,11.00
mystically,3.00,2.75,0.75,3.00,2.00,4.00,12.00,2.66,-0.04,,-0.34,0.34,0.75,0.34,0.00,3.00,0.63,12.00
shyer,2.00,1.89,0.33,2.00,1.00,2.00,9.00,1.96,-0.75,,-0.04,0.04,0.96,0.04,0.00,2.00,0.69,9.00
speculator,3.00,2.36,0.67,2.00,1.00,3.00,11.00,2.49,-0.22,,-0.51,0.51,0.66,0.51,0.00,2.00,0.81,11.00
subsoil,2.00,2.00,0.00,2.00,2.00,2.00,9.00,2.12,-0.58,,0.12,0.12,0.89,0.00,0.12,2.00,,9.00
uplift,2.00,2.00,0.00,2.00,2.00,2.00,11.00,1.94,-0.77,,-0.06,0.06,0.94,0.06,0.00,2.00,,11.00
amplified,3.00,2.64,0.50,3.00,2.00,3.00,11.00,2.64,-0.06,,-0.36,0.36,0.74,0.36,0.00,3.00,0.26,11.00
cheerily,3.00,2.50,0.53,2.50,2.00,3.00,10.00,2.52,-0.18,,-0.48,0.48,0.68,0.48,0.00,3.00,-0.43,10.00
conventional,4.00,3.00,0.87,3.00,2.00,4.00,9.00,2.87,0.16,,-1.13,1.13,0.47,1.13,0.00,3.00,0.92,9.00
declaratory,2.00,2.73,0.90,3.00,2.00,5.00,11.00,2.73,0.03,,0.73,0.73,0.58,0.00,0.73,3.00,0.67,11.00
distribution,3.00,2.90,0.74,3.00,2.00,4.00,10.00,2.88,0.17,,-0.12,0.12,0.89,0.12,0.00,3.00,0.75,10.00
excepted,3.00,2.55,0.69,3.00,1.00,3.00,11.00,2.39,-0.32,,-0.61,0.61,0.62,0.61,0.00,2.00,0.78,11.00
fraternity,2.00,3.13,0.64,3.00,2.00,4.00,8.00,3.05,0.34,,1.05,1.05,0.49,0.00,1.05,3.00,0.93,8.00
inductions,4.00,2.89,0.78,3.00,2.00,4.00,9.00,3.12,0.42,,-0.88,0.88,0.53,0.88,0.00,3.00,0.80,9.00
infections,4.00,2.91,0.70,3.00,2.00,4.00,11.00,2.86,0.16,,-1.14,1.14,0.47,1.14,0.00,3.00,0.53,11.00
interplanetary,3.00,3.45,0.93,3.00,3.00,6.00,11.00,3.42,0.72,,0.42,0.42,0.70,0.00,0.42,3.00,0.80,11.00
inverts,3.00,2.27,0.79,2.00,1.00,3.00,11.00,2.55,-0.15,,-0.45,0.45,0.69,0.45,0.00,3.00,0.77,11.00
provisioning,4.00,3.27,0.65,3.00,2.00,4.00,11.00,3.16,0.45,,-0.84,0.84,0.54,0.84,0.00,3.00,0.80,11.00
redistributed,4.00,3.64,0.81,3.00,3.00,5.00,11.00,3.52,0.82,,-0.48,0.48,0.68,0.48,0.00,4.00,0.80,11.00
screamingly,3.00,2.80,0.42,3.00,2.00,3.00,10.00,2.89,0.19,,-0.11,0.11,0.90,0.11,0.00,3.00,0.74,10.00
disenchanted,3.00,3.60,0.52,4.00,3.00,4.00,10.00,3.52,0.82,,0.52,0.52,0.66,0.00,0.52,4.00,0.53,10.00
immortalised,4.00,3.70,1.06,4.00,2.00,6.00,10.00,3.65,0.95,,-0.35,0.35,0.74,0.35,0.00,4.00,0.60,10.00
improbably,4.00,3.38,0.52,3.00,3.00,4.00,8.00,3.28,0.57,,-0.72,0.72,0.58,0.72,0.00,3.00,0.12,8.00
indestructible,4.00,3.40,0.70,3.00,3.00,5.00,10.00,3.45,0.75,,-0.55,0.55,0.65,0.55,0.00,3.00,0.81,10.00
inevitability,3.00,3.10,0.57,3.00,2.00,4.00,10.00,3.33,0.62,,0.33,0.33,0.75,0.00,0.33,3.00,0.32,10.00
segregation,4.00,3.11,0.33,3.00,3.00,4.00,9.00,3.09,0.38,,-0.91,0.91,0.52,0.91,0.00,3.00,0.27,9.00
crudest,2.00,1.88,0.35,2.00,1.00,2.00,8.00,1.80,-0.91,,-0.20,0.20,0.83,0.20,0.00,2.00,-0.32,8.00
dethrone,2.00,1.88,0.35,2.00,1.00,2.00,8.00,1.87,-0.84,,-0.13,0.13,0.88,0.13,0.00,2.00,-0.47,8.00
gleeful,2.00,2.00,0.00,2.00,2.00,2.00,8.00,1.95,-0.75,,-0.05,0.05,0.95,0.05,0.00,2.00,,8.00
popper,2.00,1.91,0.30,2.00,1.00,2.00,11.00,2.01,-0.70,,0.01,0.01,0.99,0.00,0.01,2.00,0.37,11.00
universality,4.00,3.30,1.06,3.50,2.00,5.00,10.00,3.05,0.35,,-0.95,0.95,0.51,0.95,0.00,3.00,0.73,10.00
disproving,3.00,3.00,0.00,3.00,3.00,3.00,9.00,3.01,0.31,,0.01,0.01,0.99,0.00,0.01,3.00,,9.00
liberations,4.00,3.27,1.10,3.00,2.00,5.00,11.00,3.22,0.52,,-0.78,0.78,0.56,0.78,0.00,3.00,0.91,11.00
preheated,3.00,2.78,0.44,3.00,2.00,3.00,9.00,2.74,0.03,,-0.26,0.26,0.79,0.26,0.00,3.00,0.57,9.00
restudied,3.00,2.92,0.29,3.00,2.00,3.00,12.00,2.89,0.18,,-0.11,0.11,0.90,0.11,0.00,3.00,0.30,12.00
simplistic,2.00,2.67,0.50,3.00,2.00,3.00,9.00,2.61,-0.09,,0.61,0.61,0.62,0.00,0.61,3.00,0.79,9.00
spiciest,3.00,2.44,0.53,2.00,2.00,3.00,9.00,2.38,-0.32,,-0.62,0.62,0.62,0.62,0.00,2.00,0.10,9.00
disquiet,2.00,2.00,0.00,2.00,2.00,2.00,10.00,2.02,-0.69,,0.02,0.02,0.98,0.00,0.02,2.00,,10.00
disunion,3.00,2.10,0.32,2.00,2.00,3.00,10.00,2.24,-0.47,,-0.76,0.76,0.57,0.76,0.00,2.00,0.32,10.00
idealize,2.00,2.27,0.47,2.00,2.00,3.00,11.00,2.34,-0.36,,0.34,0.34,0.74,0.00,0.34,2.00,0.75,11.00
outspoken,3.00,2.80,0.42,3.00,2.00,3.00,10.00,2.73,0.02,,-0.27,0.27,0.79,0.27,0.00,3.00,0.58,10.00
tunefulness,3.00,2.88,0.35,3.00,2.00,3.00,8.00,2.95,0.24,,-0.05,0.05,0.95,0.05,0.00,3.00,0.13,8.00
deforming,3.00,3.00,0.00,3.00,3.00,3.00,11.00,2.92,0.21,,-0.08,0.08,0.92,0.08,0.00,3.00,,11.00
overpopulated,4.00,3.64,0.92,4.00,2.00,5.00,11.00,3.42,0.71,,-0.58,0.58,0.63,0.58,0.00,3.00,0.75,11.00
contamination,3.00,3.33,0.87,3.00,2.00,5.00,9.00,3.06,0.35,,0.06,0.06,0.95,0.00,0.06,3.00,0.58,9.00
consultative,2.00,3.00,0.82,3.00,2.00,4.00,7.00,2.95,0.25,,0.95,0.95,0.51,0.00,0.95,3.00,0.77,7.00
reproduces,4.00,3.09,0.54,3.00,2.00,4.00,11.00,3.07,0.36,,-0.93,0.93,0.52,0.93,0.00,3.00,0.65,11.00
youthful,2.00,2.00,0.00,2.00,2.00,2.00,10.00,2.14,-0.57,,0.14,0.14,0.88,0.00,0.14,2.00,,10.00
progressed,3.00,2.56,0.53,3.00,2.00,3.00,9.00,2.72,0.01,,-0.28,0.28,0.78,0.28,0.00,3.00,0.67,9.00
sharpener,3.00,2.64,0.50,3.00,2.00,3.00,11.00,2.65,-0.05,,-0.35,0.35,0.74,0.35,0.00,3.00,0.63,11.00
succulent,2.00,2.00,0.89,2.00,1.00,3.00,11.00,2.08,-0.63,,0.08,0.08,0.93,0.00,0.08,2.00,0.62,11.00
educationally,5.00,3.50,1.00,4.00,1.00,5.00,12.00,3.52,0.81,,-1.48,1.48,0.40,1.48,0.00,4.00,0.70,12.00
fluffy,2.00,1.89,0.33,2.00,1.00,2.00,9.00,2.09,-0.61,,0.09,0.09,0.91,0.00,0.09,2.00,0.48,9.00
classicists,4.00,3.00,0.63,3.00,2.00,4.00,11.00,3.05,0.35,,-0.95,0.95,0.51,0.95,0.00,3.00,0.74,11.00
semifinal,2.00,2.10,0.32,2.00,2.00,3.00,10.00,2.25,-0.46,,0.25,0.25,0.80,0.00,0.25,2.00,-0.33,10.00
disqualifications,4.00,4.40,0.84,5.00,3.00,5.00,10.00,4.16,1.46,,0.16,0.16,0.86,0.00,0.16,4.00,0.65,10.00
recorders,3.00,3.22,0.67,3.00,2.00,4.00,9.00,3.18,0.48,,0.18,0.18,0.85,0.00,0.18,3.00,0.68,9.00
antiquity,2.00,2.80,0.79,3.00,2.00,4.00,10.00,2.69,-0.02,,0.69,0.69,0.59,0.00,0.69,3.00,0.78,10.00
horny,2.00,1.55,0.52,2.00,1.00,2.00,11.00,1.66,-1.04,,-0.34,0.34,0.75,0.34,0.00,2.00,-0.04,11.00
lovable,2.00,2.18,0.40,2.00,2.00,3.00,11.00,2.36,-0.35,,0.36,0.36,0.74,0.00,0.36,2.00,0.31,11.00
outlaw,2.00,1.90,0.32,2.00,1.00,2.00,10.00,2.16,-0.55,,0.16,0.16,0.86,0.00,0.16,2.00,0.46,10.00
phenomenally,4.00,2.78,0.83,3.00,2.00,4.00,9.00,2.86,0.16,,-1.14,1.14,0.47,1.14,0.00,3.00,0.54,9.00
annoyances,3.00,3.00,0.45,3.00,2.00,4.00,11.00,2.92,0.22,,-0.08,0.08,0.93,0.08,0.00,3.00,0.61,11.00
undiluted,3.00,3.09,0.70,3.00,2.00,4.00,11.00,3.04,0.34,,0.04,0.04,0.96,0.00,0.04,3.00,0.89,11.00
mindless,2.00,2.00,0.00,2.00,2.00,2.00,10.00,2.04,-0.66,,0.04,0.04,0.96,0.00,0.04,2.00,,10.00
expedited,4.00,2.22,0.44,2.00,2.00,3.00,9.00,2.37,-0.34,,-1.63,1.63,0.38,1.63,0.00,2.00,0.44,9.00
underwrites,3.00,3.00,0.58,3.00,2.00,4.00,7.00,2.99,0.29,,-0.01,0.01,0.99,0.01,0.00,3.00,0.83,7.00
situation,3.00,1.80,0.79,2.00,1.00,3.00,10.00,2.07,-0.63,,-0.93,0.93,0.52,0.93,0.00,2.00,0.48,10.00
